{
  "type": "FeatureCollection",
  "features": [
    {
      "type": "Feature",
      "id": "osm-building-320367519",
      "geometry": {
        "type": "Polygon",
        "coordinates": [
          [
            [
              118.7015317,
              32.0436203
            ],
            [
              118.701438,
              32.0434917
            ],
            [
              118.7014672,
              32.0433925
            ],
            [
              118.7018998,
              32.0431764
            ],
            [
              118.7019897,
              32.0431906
            ],
            [
              118.7021088,
              32.0433538
            ],
            [
              118.7020161,
              32.0434024
            ],
            [
              118.7019938,
              32.0433717
            ],
            [
              118.7018229,
              32.0434612
            ],
            [
              118.701768,
              32.0433858
            ],
            [
              118.7015832,
              32.0434827
            ],
            [
              118.7016416,
              32.0435628
            ],
            [
              118.7015317,
              32.0436203
            ]
          ]
        ]
      },
      "properties": {
        "id": "osm-building-320367519",
        "name": {
          "zh": null,
          "en": null
        },
        "category": "yes",
        "source": "OpenStreetMap",
        "sourceId": 320367519,
        "sourceCrs": "EPSG:4326",
        "areaM2": 1252,
        "lod": 0,
        "status": "existing",
        "heightM": 17,
        "levels": 5,
        "heightMethod": "footprint-area-estimate",
        "confidence": "estimated"
      }
    },
    {
      "type": "Feature",
      "id": "osm-building-320367520",
      "geometry": {
        "type": "Polygon",
        "coordinates": [
          [
            [
              118.7017693,
              32.043854
            ],
            [
              118.7016795,
              32.0437275
            ],
            [
              118.7021907,
              32.043467
            ],
            [
              118.7022805,
              32.0435935
            ],
            [
              118.7017693,
              32.043854
            ]
          ]
        ]
      },
      "properties": {
        "id": "osm-building-320367520",
        "name": {
          "zh": null,
          "en": null
        },
        "category": "apartments",
        "source": "OpenStreetMap",
        "sourceId": 320367520,
        "sourceCrs": "EPSG:4326",
        "areaM2": 919,
        "lod": 0,
        "status": "existing",
        "heightM": 13.6,
        "levels": 4,
        "heightMethod": "footprint-area-estimate",
        "confidence": "estimated"
      }
    },
    {
      "type": "Feature",
      "id": "osm-building-429258998",
      "geometry": {
        "type": "Polygon",
        "coordinates": [
          [
            [
              118.6677789,
              31.9899899
            ],
            [
              118.6676264,
              31.9899762
            ],
            [
              118.6676397,
              31.9898854
            ],
            [
              118.6677675,
              31.9898963
            ],
            [
              118.6677594,
              31.989964
            ],
            [
              118.6677818,
              31.9899659
            ],
            [
              118.6677789,
              31.9899899
            ]
          ]
        ]
      },
      "properties": {
        "id": "osm-building-429258998",
        "name": {
          "zh": null,
          "en": null
        },
        "category": "yes",
        "source": "OpenStreetMap",
        "sourceId": 429258998,
        "sourceCrs": "EPSG:4326",
        "areaM2": 130,
        "lod": 0,
        "status": "existing",
        "heightM": 6.8,
        "levels": 2,
        "heightMethod": "footprint-area-estimate",
        "confidence": "estimated"
      }
    },
    {
      "type": "Feature",
      "id": "osm-building-429259000",
      "geometry": {
        "type": "Polygon",
        "coordinates": [
          [
            [
              118.6678118,
              31.9899003
            ],
            [
              118.667965,
              31.9899584
            ],
            [
              118.6679998,
              31.9898925
            ],
            [
              118.6678466,
              31.9898344
            ],
            [
              118.6678118,
              31.9899003
            ]
          ]
        ]
      },
      "properties": {
        "id": "osm-building-429259000",
        "name": {
          "zh": null,
          "en": null
        },
        "category": "yes",
        "source": "OpenStreetMap",
        "sourceId": 429259000,
        "sourceCrs": "EPSG:4326",
        "areaM2": 126,
        "lod": 0,
        "status": "existing",
        "heightM": 6.8,
        "levels": 2,
        "heightMethod": "footprint-area-estimate",
        "confidence": "estimated"
      }
    },
    {
      "type": "Feature",
      "id": "osm-building-429546913",
      "geometry": {
        "type": "Polygon",
        "coordinates": [
          [
            [
              118.6940632,
              32.0091172
            ],
            [
              118.6942974,
              32.0093262
            ],
            [
              118.6948335,
              32.0093341
            ],
            [
              118.6948366,
              32.0092165
            ],
            [
              118.6943343,
              32.0092113
            ],
            [
              118.6941464,
              32.0090467
            ],
            [
              118.6940632,
              32.0091172
            ]
          ]
        ]
      },
      "properties": {
        "id": "osm-building-429546913",
        "name": {
          "zh": null,
          "en": null
        },
        "category": "yes",
        "source": "OpenStreetMap",
        "sourceId": 429546913,
        "sourceCrs": "EPSG:4326",
        "areaM2": 952,
        "lod": 0,
        "status": "existing",
        "heightM": 13.6,
        "levels": 4,
        "heightMethod": "footprint-area-estimate",
        "confidence": "estimated"
      }
    },
    {
      "type": "Feature",
      "id": "osm-building-429546948",
      "geometry": {
        "type": "Polygon",
        "coordinates": [
          [
            [
              118.6955765,
              32.0081421
            ],
            [
              118.6955763,
              32.0080241
            ],
            [
              118.6959833,
              32.0080235
            ],
            [
              118.6959835,
              32.0081416
            ],
            [
              118.6955765,
              32.0081421
            ]
          ]
        ]
      },
      "properties": {
        "id": "osm-building-429546948",
        "name": {
          "zh": null,
          "en": null
        },
        "category": "yes",
        "source": "OpenStreetMap",
        "sourceId": 429546948,
        "sourceCrs": "EPSG:4326",
        "areaM2": 501,
        "lod": 0,
        "status": "existing",
        "heightM": 13.6,
        "levels": 4,
        "heightMethod": "footprint-area-estimate",
        "confidence": "estimated"
      }
    },
    {
      "type": "Feature",
      "id": "osm-building-429549249",
      "geometry": {
        "type": "Polygon",
        "coordinates": [
          [
            [
              118.6912748,
              32.0119697
            ],
            [
              118.6913311,
              32.0120854
            ],
            [
              118.6916652,
              32.0119685
            ],
            [
              118.6916089,
              32.0118529
            ],
            [
              118.6912748,
              32.0119697
            ]
          ]
        ]
      },
      "properties": {
        "id": "osm-building-429549249",
        "name": {
          "zh": null,
          "en": null
        },
        "category": "yes",
        "source": "OpenStreetMap",
        "sourceId": 429549249,
        "sourceCrs": "EPSG:4326",
        "areaM2": 472,
        "lod": 0,
        "status": "existing",
        "heightM": 10.2,
        "levels": 3,
        "heightMethod": "footprint-area-estimate",
        "confidence": "estimated"
      }
    },
    {
      "type": "Feature",
      "id": "osm-building-429549250",
      "geometry": {
        "type": "Polygon",
        "coordinates": [
          [
            [
              118.6908911,
              32.0121031
            ],
            [
              118.6909449,
              32.0122154
            ],
            [
              118.6912779,
              32.0121007
            ],
            [
              118.6912241,
              32.0119884
            ],
            [
              118.6908911,
              32.0121031
            ]
          ]
        ]
      },
      "properties": {
        "id": "osm-building-429549250",
        "name": {
          "zh": null,
          "en": null
        },
        "category": "yes",
        "source": "OpenStreetMap",
        "sourceId": 429549250,
        "sourceCrs": "EPSG:4326",
        "areaM2": 455,
        "lod": 0,
        "status": "existing",
        "heightM": 10.2,
        "levels": 3,
        "heightMethod": "footprint-area-estimate",
        "confidence": "estimated"
      }
    },
    {
      "type": "Feature",
      "id": "osm-building-429549251",
      "geometry": {
        "type": "Polygon",
        "coordinates": [
          [
            [
              118.6895726,
              32.0127462
            ],
            [
              118.689657,
              32.0128724
            ],
            [
              118.6900921,
              32.0126631
            ],
            [
              118.6900077,
              32.012537
            ],
            [
              118.6895726,
              32.0127462
            ]
          ]
        ]
      },
      "properties": {
        "id": "osm-building-429549251",
        "name": {
          "zh": null,
          "en": null
        },
        "category": "yes",
        "source": "OpenStreetMap",
        "sourceId": 429549251,
        "sourceCrs": "EPSG:4326",
        "areaM2": 757,
        "lod": 0,
        "status": "existing",
        "heightM": 13.6,
        "levels": 4,
        "heightMethod": "footprint-area-estimate",
        "confidence": "estimated"
      }
    },
    {
      "type": "Feature",
      "id": "osm-building-429549252",
      "geometry": {
        "type": "Polygon",
        "coordinates": [
          [
            [
              118.689696,
              32.0129064
            ],
            [
              118.6897847,
              32.0130368
            ],
            [
              118.6900685,
              32.0128978
            ],
            [
              118.6899797,
              32.0127674
            ],
            [
              118.689696,
              32.0129064
            ]
          ]
        ]
      },
      "properties": {
        "id": "osm-building-429549252",
        "name": {
          "zh": null,
          "en": null
        },
        "category": "yes",
        "source": "OpenStreetMap",
        "sourceId": 429549252,
        "sourceCrs": "EPSG:4326",
        "areaM2": 515,
        "lod": 0,
        "status": "existing",
        "heightM": 13.6,
        "levels": 4,
        "heightMethod": "footprint-area-estimate",
        "confidence": "estimated"
      }
    },
    {
      "type": "Feature",
      "id": "osm-building-429549260",
      "geometry": {
        "type": "Polygon",
        "coordinates": [
          [
            [
              118.6897755,
              32.0131467
            ],
            [
              118.6899853,
              32.0134022
            ],
            [
              118.6901771,
              32.0136358
            ],
            [
              118.6908099,
              32.0132636
            ],
            [
              118.6907212,
              32.0131527
            ],
            [
              118.6903055,
              32.0133764
            ],
            [
              118.6902308,
              32.0133705
            ],
            [
              118.6901701,
              32.0133388
            ],
            [
              118.6899296,
              32.0130517
            ],
            [
              118.6897755,
              32.0131467
            ]
          ]
        ]
      },
      "properties": {
        "id": "osm-building-429549260",
        "name": {
          "zh": null,
          "en": null
        },
        "category": "yes",
        "source": "OpenStreetMap",
        "sourceId": 429549260,
        "sourceCrs": "EPSG:4326",
        "areaM2": 2103,
        "lod": 0,
        "status": "existing",
        "heightM": 17,
        "levels": 5,
        "heightMethod": "footprint-area-estimate",
        "confidence": "estimated"
      }
    },
    {
      "type": "Feature",
      "id": "osm-building-429549261",
      "geometry": {
        "type": "Polygon",
        "coordinates": [
          [
            [
              118.6890429,
              32.0131724
            ],
            [
              118.6894426,
              32.0136978
            ],
            [
              118.6899853,
              32.0134022
            ],
            [
              118.6897755,
              32.0131467
            ],
            [
              118.6895606,
              32.012879
            ],
            [
              118.6894372,
              32.0129472
            ],
            [
              118.6897671,
              32.0133634
            ],
            [
              118.6897081,
              32.0133953
            ],
            [
              118.6896759,
              32.0133566
            ],
            [
              118.6895874,
              32.0134067
            ],
            [
              118.6896169,
              32.0134453
            ],
            [
              118.6894774,
              32.0135158
            ],
            [
              118.6891744,
              32.0130996
            ],
            [
              118.6890429,
              32.0131724
            ]
          ]
        ]
      },
      "properties": {
        "id": "osm-building-429549261",
        "name": {
          "zh": null,
          "en": null
        },
        "category": "yes",
        "source": "OpenStreetMap",
        "sourceId": 429549261,
        "sourceCrs": "EPSG:4326",
        "areaM2": 2506,
        "lod": 0,
        "status": "existing",
        "heightM": 23.8,
        "levels": 7,
        "heightMethod": "footprint-area-estimate",
        "confidence": "estimated"
      }
    },
    {
      "type": "Feature",
      "id": "osm-building-429556131",
      "geometry": {
        "type": "Polygon",
        "coordinates": [
          [
            [
              118.6950027,
              32.0093637
            ],
            [
              118.6950787,
              32.0090704
            ],
            [
              118.6951008,
              32.0089851
            ],
            [
              118.695,
              32.0089663
            ],
            [
              118.6949019,
              32.0093449
            ],
            [
              118.6950027,
              32.0093637
            ]
          ]
        ]
      },
      "properties": {
        "id": "osm-building-429556131",
        "name": {
          "zh": null,
          "en": null
        },
        "category": "yes",
        "source": "OpenStreetMap",
        "sourceId": 429556131,
        "sourceCrs": "EPSG:4326",
        "areaM2": 417,
        "lod": 0,
        "status": "existing",
        "heightM": 10.2,
        "levels": 3,
        "heightMethod": "footprint-area-estimate",
        "confidence": "estimated"
      }
    },
    {
      "type": "Feature",
      "id": "osm-building-429556132",
      "geometry": {
        "type": "Polygon",
        "coordinates": [
          [
            [
              118.6950787,
              32.0090704
            ],
            [
              118.6954241,
              32.0091359
            ],
            [
              118.6954439,
              32.0090587
            ],
            [
              118.6951008,
              32.0089851
            ],
            [
              118.6950787,
              32.0090704
            ]
          ]
        ]
      },
      "properties": {
        "id": "osm-building-429556132",
        "name": {
          "zh": null,
          "en": null
        },
        "category": "yes",
        "source": "OpenStreetMap",
        "sourceId": 429556132,
        "sourceCrs": "EPSG:4326",
        "areaM2": 307,
        "lod": 0,
        "status": "existing",
        "heightM": 10.2,
        "levels": 3,
        "heightMethod": "footprint-area-estimate",
        "confidence": "estimated"
      }
    },
    {
      "type": "Feature",
      "id": "osm-building-429556133",
      "geometry": {
        "type": "Polygon",
        "coordinates": [
          [
            [
              118.6950345,
              32.0093393
            ],
            [
              118.69505,
              32.0092431
            ],
            [
              118.695294,
              32.0092714
            ],
            [
              118.6952784,
              32.0093676
            ],
            [
              118.6950345,
              32.0093393
            ]
          ]
        ]
      },
      "properties": {
        "id": "osm-building-429556133",
        "name": {
          "zh": null,
          "en": null
        },
        "category": "yes",
        "source": "OpenStreetMap",
        "sourceId": 429556133,
        "sourceCrs": "EPSG:4326",
        "areaM2": 249,
        "lod": 0,
        "status": "existing",
        "heightM": 10.2,
        "levels": 3,
        "heightMethod": "footprint-area-estimate",
        "confidence": "estimated"
      }
    },
    {
      "type": "Feature",
      "id": "osm-building-429556134",
      "geometry": {
        "type": "Polygon",
        "coordinates": [
          [
            [
              118.6952784,
              32.0093676
            ],
            [
              118.6952742,
              32.0093965
            ],
            [
              118.6955598,
              32.0094051
            ],
            [
              118.6955751,
              32.0092707
            ],
            [
              118.695294,
              32.0092714
            ],
            [
              118.6952784,
              32.0093676
            ]
          ]
        ]
      },
      "properties": {
        "id": "osm-building-429556134",
        "name": {
          "zh": null,
          "en": null
        },
        "category": "yes",
        "source": "OpenStreetMap",
        "sourceId": 429556134,
        "sourceCrs": "EPSG:4326",
        "areaM2": 385,
        "lod": 0,
        "status": "existing",
        "heightM": 10.2,
        "levels": 3,
        "heightMethod": "footprint-area-estimate",
        "confidence": "estimated"
      }
    },
    {
      "type": "Feature",
      "id": "osm-building-429556154",
      "geometry": {
        "type": "Polygon",
        "coordinates": [
          [
            [
              118.694384,
              32.0081131
            ],
            [
              118.6943848,
              32.0079879
            ],
            [
              118.6942139,
              32.0079872
            ],
            [
              118.6942132,
              32.0081124
            ],
            [
              118.694384,
              32.0081131
            ]
          ]
        ]
      },
      "properties": {
        "id": "osm-building-429556154",
        "name": {
          "zh": null,
          "en": null
        },
        "category": "yes",
        "source": "OpenStreetMap",
        "sourceId": 429556154,
        "sourceCrs": "EPSG:4326",
        "areaM2": 223,
        "lod": 0,
        "status": "existing",
        "heightM": 10.2,
        "levels": 3,
        "heightMethod": "footprint-area-estimate",
        "confidence": "estimated"
      }
    },
    {
      "type": "Feature",
      "id": "osm-building-429782900",
      "geometry": {
        "type": "Polygon",
        "coordinates": [
          [
            [
              118.6910013,
              32.0092458
            ],
            [
              118.6910576,
              32.0093221
            ],
            [
              118.6913841,
              32.0091487
            ],
            [
              118.6913277,
              32.0090724
            ],
            [
              118.6910013,
              32.0092458
            ]
          ]
        ]
      },
      "properties": {
        "id": "osm-building-429782900",
        "name": {
          "zh": null,
          "en": null
        },
        "category": "yes",
        "source": "OpenStreetMap",
        "sourceId": 429782900,
        "sourceCrs": "EPSG:4326",
        "areaM2": 362,
        "lod": 0,
        "status": "existing",
        "heightM": 10.2,
        "levels": 3,
        "heightMethod": "footprint-area-estimate",
        "confidence": "estimated"
      }
    },
    {
      "type": "Feature",
      "id": "osm-building-429782901",
      "geometry": {
        "type": "Polygon",
        "coordinates": [
          [
            [
              118.6911368,
              32.0094312
            ],
            [
              118.6914674,
              32.0092582
            ],
            [
              118.6915227,
              32.0093341
            ],
            [
              118.6911921,
              32.0095071
            ],
            [
              118.6911368,
              32.0094312
            ]
          ]
        ]
      },
      "properties": {
        "id": "osm-building-429782901",
        "name": {
          "zh": null,
          "en": null
        },
        "category": "yes",
        "source": "OpenStreetMap",
        "sourceId": 429782901,
        "sourceCrs": "EPSG:4326",
        "areaM2": 362,
        "lod": 0,
        "status": "existing",
        "heightM": 10.2,
        "levels": 3,
        "heightMethod": "footprint-area-estimate",
        "confidence": "estimated"
      }
    },
    {
      "type": "Feature",
      "id": "osm-building-429782902",
      "geometry": {
        "type": "Polygon",
        "coordinates": [
          [
            [
              118.6915387,
              32.0092233
            ],
            [
              118.6918745,
              32.0090576
            ],
            [
              118.691929,
              32.009137
            ],
            [
              118.6915932,
              32.0093027
            ],
            [
              118.6915387,
              32.0092233
            ]
          ]
        ]
      },
      "properties": {
        "id": "osm-building-429782902",
        "name": {
          "zh": null,
          "en": null
        },
        "category": "yes",
        "source": "OpenStreetMap",
        "sourceId": 429782902,
        "sourceCrs": "EPSG:4326",
        "areaM2": 372,
        "lod": 0,
        "status": "existing",
        "heightM": 10.2,
        "levels": 3,
        "heightMethod": "footprint-area-estimate",
        "confidence": "estimated"
      }
    },
    {
      "type": "Feature",
      "id": "osm-building-429782903",
      "geometry": {
        "type": "Polygon",
        "coordinates": [
          [
            [
              118.6914297,
              32.0089985
            ],
            [
              118.6917535,
              32.00882
            ],
            [
              118.6918102,
              32.008901
            ],
            [
              118.6914828,
              32.0090736
            ],
            [
              118.6914297,
              32.0089985
            ]
          ]
        ]
      },
      "properties": {
        "id": "osm-building-429782903",
        "name": {
          "zh": null,
          "en": null
        },
        "category": "yes",
        "source": "OpenStreetMap",
        "sourceId": 429782903,
        "sourceCrs": "EPSG:4326",
        "areaM2": 366,
        "lod": 0,
        "status": "existing",
        "heightM": 10.2,
        "levels": 3,
        "heightMethod": "footprint-area-estimate",
        "confidence": "estimated"
      }
    },
    {
      "type": "Feature",
      "id": "osm-building-429782904",
      "geometry": {
        "type": "Polygon",
        "coordinates": [
          [
            [
              118.6908617,
              32.0090496
            ],
            [
              118.6909218,
              32.0091366
            ],
            [
              118.6912404,
              32.0089655
            ],
            [
              118.6911802,
              32.0088815
            ],
            [
              118.6908617,
              32.0090496
            ]
          ]
        ]
      },
      "properties": {
        "id": "osm-building-429782904",
        "name": {
          "zh": null,
          "en": null
        },
        "category": "yes",
        "source": "OpenStreetMap",
        "sourceId": 429782904,
        "sourceCrs": "EPSG:4326",
        "areaM2": 391,
        "lod": 0,
        "status": "existing",
        "heightM": 10.2,
        "levels": 3,
        "heightMethod": "footprint-area-estimate",
        "confidence": "estimated"
      }
    },
    {
      "type": "Feature",
      "id": "osm-building-429782905",
      "geometry": {
        "type": "Polygon",
        "coordinates": [
          [
            [
              118.6907148,
              32.0088605
            ],
            [
              118.691051,
              32.0086969
            ],
            [
              118.6911041,
              32.0087765
            ],
            [
              118.6907732,
              32.008943
            ],
            [
              118.6907148,
              32.0088605
            ]
          ]
        ]
      },
      "properties": {
        "id": "osm-building-429782905",
        "name": {
          "zh": null,
          "en": null
        },
        "category": "yes",
        "source": "OpenStreetMap",
        "sourceId": 429782905,
        "sourceCrs": "EPSG:4326",
        "areaM2": 378,
        "lod": 0,
        "status": "existing",
        "heightM": 10.2,
        "levels": 3,
        "heightMethod": "footprint-area-estimate",
        "confidence": "estimated"
      }
    },
    {
      "type": "Feature",
      "id": "osm-building-429782906",
      "geometry": {
        "type": "Polygon",
        "coordinates": [
          [
            [
              118.6913263,
              32.0088067
            ],
            [
              118.6916093,
              32.0086584
            ],
            [
              118.6916748,
              32.0087482
            ],
            [
              118.6913918,
              32.0088965
            ],
            [
              118.6913263,
              32.0088067
            ]
          ]
        ]
      },
      "properties": {
        "id": "osm-building-429782906",
        "name": {
          "zh": null,
          "en": null
        },
        "category": "yes",
        "source": "OpenStreetMap",
        "sourceId": 429782906,
        "sourceCrs": "EPSG:4326",
        "areaM2": 367,
        "lod": 0,
        "status": "existing",
        "heightM": 10.2,
        "levels": 3,
        "heightMethod": "footprint-area-estimate",
        "confidence": "estimated"
      }
    },
    {
      "type": "Feature",
      "id": "osm-building-429782907",
      "geometry": {
        "type": "Polygon",
        "coordinates": [
          [
            [
              118.6912202,
              32.0085959
            ],
            [
              118.6912874,
              32.0086873
            ],
            [
              118.691522,
              32.0085634
            ],
            [
              118.6914548,
              32.008472
            ],
            [
              118.6912202,
              32.0085959
            ]
          ]
        ]
      },
      "properties": {
        "id": "osm-building-429782907",
        "name": {
          "zh": null,
          "en": null
        },
        "category": "yes",
        "source": "OpenStreetMap",
        "sourceId": 429782907,
        "sourceCrs": "EPSG:4326",
        "areaM2": 311,
        "lod": 0,
        "status": "existing",
        "heightM": 10.2,
        "levels": 3,
        "heightMethod": "footprint-area-estimate",
        "confidence": "estimated"
      }
    },
    {
      "type": "Feature",
      "id": "osm-building-478757474",
      "geometry": {
        "type": "Polygon",
        "coordinates": [
          [
            [
              118.6675461,
              31.9897319
            ],
            [
              118.6675385,
              31.9897999
            ],
            [
              118.667801,
              31.9898211
            ],
            [
              118.6678087,
              31.9897532
            ],
            [
              118.6675461,
              31.9897319
            ]
          ]
        ]
      },
      "properties": {
        "id": "osm-building-478757474",
        "name": {
          "zh": null,
          "en": null
        },
        "category": "yes",
        "source": "OpenStreetMap",
        "sourceId": 478757474,
        "sourceCrs": "EPSG:4326",
        "areaM2": 188,
        "lod": 0,
        "status": "existing",
        "heightM": 10.2,
        "levels": 3,
        "heightMethod": "footprint-area-estimate",
        "confidence": "estimated"
      }
    },
    {
      "type": "Feature",
      "id": "osm-building-478757475",
      "geometry": {
        "type": "Polygon",
        "coordinates": [
          [
            [
              118.6674881,
              31.9897955
            ],
            [
              118.6675343,
              31.9897986
            ],
            [
              118.6675397,
              31.98974
            ],
            [
              118.6674935,
              31.989737
            ],
            [
              118.6674881,
              31.9897955
            ]
          ]
        ]
      },
      "properties": {
        "id": "osm-building-478757475",
        "name": {
          "zh": null,
          "en": null
        },
        "category": "yes",
        "source": "OpenStreetMap",
        "sourceId": 478757475,
        "sourceCrs": "EPSG:4326",
        "areaM2": 28,
        "lod": 0,
        "status": "existing",
        "heightM": 6.8,
        "levels": 2,
        "heightMethod": "footprint-area-estimate",
        "confidence": "estimated"
      }
    },
    {
      "type": "Feature",
      "id": "osm-building-478757476",
      "geometry": {
        "type": "Polygon",
        "coordinates": [
          [
            [
              118.6676665,
              31.9898797
            ],
            [
              118.6677885,
              31.9898911
            ],
            [
              118.6677965,
              31.9898292
            ],
            [
              118.6676745,
              31.9898178
            ],
            [
              118.6676665,
              31.9898797
            ]
          ]
        ]
      },
      "properties": {
        "id": "osm-building-478757476",
        "name": {
          "zh": null,
          "en": null
        },
        "category": "yes",
        "source": "OpenStreetMap",
        "sourceId": 478757476,
        "sourceCrs": "EPSG:4326",
        "areaM2": 80,
        "lod": 0,
        "status": "existing",
        "heightM": 6.8,
        "levels": 2,
        "heightMethod": "footprint-area-estimate",
        "confidence": "estimated"
      }
    },
    {
      "type": "Feature",
      "id": "osm-building-478757477",
      "geometry": {
        "type": "Polygon",
        "coordinates": [
          [
            [
              118.6674781,
              31.9898598
            ],
            [
              118.6676497,
              31.9898774
            ],
            [
              118.6676581,
              31.9898188
            ],
            [
              118.6674864,
              31.9898012
            ],
            [
              118.6674781,
              31.9898598
            ]
          ]
        ]
      },
      "properties": {
        "id": "osm-building-478757477",
        "name": {
          "zh": null,
          "en": null
        },
        "category": "yes",
        "source": "OpenStreetMap",
        "sourceId": 478757477,
        "sourceCrs": "EPSG:4326",
        "areaM2": 107,
        "lod": 0,
        "status": "existing",
        "heightM": 6.8,
        "levels": 2,
        "heightMethod": "footprint-area-estimate",
        "confidence": "estimated"
      }
    },
    {
      "type": "Feature",
      "id": "osm-building-478757478",
      "geometry": {
        "type": "Polygon",
        "coordinates": [
          [
            [
              118.6673707,
              31.9898318
            ],
            [
              118.6674601,
              31.9898386
            ],
            [
              118.667471,
              31.9897354
            ],
            [
              118.6673816,
              31.9897286
            ],
            [
              118.6673707,
              31.9898318
            ]
          ]
        ]
      },
      "properties": {
        "id": "osm-building-478757478",
        "name": {
          "zh": null,
          "en": null
        },
        "category": "yes",
        "source": "OpenStreetMap",
        "sourceId": 478757478,
        "sourceCrs": "EPSG:4326",
        "areaM2": 97,
        "lod": 0,
        "status": "existing",
        "heightM": 6.8,
        "levels": 2,
        "heightMethod": "footprint-area-estimate",
        "confidence": "estimated"
      }
    },
    {
      "type": "Feature",
      "id": "osm-building-478757479",
      "geometry": {
        "type": "Polygon",
        "coordinates": [
          [
            [
              118.6674737,
              31.9899613
            ],
            [
              118.6674674,
              31.9900082
            ],
            [
              118.66762,
              31.9900231
            ],
            [
              118.6676264,
              31.9899762
            ],
            [
              118.6674737,
              31.9899613
            ]
          ]
        ]
      },
      "properties": {
        "id": "osm-building-478757479",
        "name": {
          "zh": null,
          "en": null
        },
        "category": "yes",
        "source": "OpenStreetMap",
        "sourceId": 478757479,
        "sourceCrs": "EPSG:4326",
        "areaM2": 76,
        "lod": 0,
        "status": "existing",
        "heightM": 6.8,
        "levels": 2,
        "heightMethod": "footprint-area-estimate",
        "confidence": "estimated"
      }
    },
    {
      "type": "Feature",
      "id": "osm-building-478757480",
      "geometry": {
        "type": "Polygon",
        "coordinates": [
          [
            [
              118.6676264,
              31.9899762
            ],
            [
              118.6676397,
              31.9898854
            ],
            [
              118.6674864,
              31.9898694
            ],
            [
              118.6674737,
              31.9899613
            ],
            [
              118.6676264,
              31.9899762
            ]
          ]
        ]
      },
      "properties": {
        "id": "osm-building-478757480",
        "name": {
          "zh": null,
          "en": null
        },
        "category": "yes",
        "source": "OpenStreetMap",
        "sourceId": 478757480,
        "sourceCrs": "EPSG:4326",
        "areaM2": 148,
        "lod": 0,
        "status": "existing",
        "heightM": 6.8,
        "levels": 2,
        "heightMethod": "footprint-area-estimate",
        "confidence": "estimated"
      }
    },
    {
      "type": "Feature",
      "id": "osm-building-863540534",
      "geometry": {
        "type": "Polygon",
        "coordinates": [
          [
            [
              118.6996285,
              32.0337906
            ],
            [
              118.6994812,
              32.0336361
            ],
            [
              118.6989374,
              32.0340085
            ],
            [
              118.6984476,
              32.034344
            ],
            [
              118.6977912,
              32.0347935
            ],
            [
              118.6979388,
              32.0349483
            ],
            [
              118.6996285,
              32.0337906
            ]
          ]
        ]
      },
      "properties": {
        "id": "osm-building-863540534",
        "name": {
          "zh": null,
          "en": null
        },
        "category": "train_station",
        "source": "OpenStreetMap",
        "sourceId": 863540534,
        "sourceCrs": "EPSG:4326",
        "areaM2": 4507,
        "lod": 0,
        "status": "existing",
        "heightM": 23.8,
        "levels": 7,
        "heightMethod": "footprint-area-estimate",
        "confidence": "estimated"
      }
    },
    {
      "type": "Feature",
      "id": "osm-building-885057977",
      "geometry": {
        "type": "Polygon",
        "coordinates": [
          [
            [
              118.7031305,
              32.0381641
            ],
            [
              118.7034846,
              32.0379691
            ],
            [
              118.7032872,
              32.0377116
            ],
            [
              118.7029332,
              32.0379066
            ],
            [
              118.7031305,
              32.0381641
            ]
          ]
        ]
      },
      "properties": {
        "id": "osm-building-885057977",
        "name": {
          "zh": null,
          "en": null
        },
        "category": "yes",
        "source": "OpenStreetMap",
        "sourceId": 885057977,
        "sourceCrs": "EPSG:4326",
        "areaM2": 1352,
        "lod": 0,
        "status": "existing",
        "heightM": 17,
        "levels": 5,
        "heightMethod": "footprint-area-estimate",
        "confidence": "estimated"
      }
    },
    {
      "type": "Feature",
      "id": "osm-building-885057978",
      "geometry": {
        "type": "Polygon",
        "coordinates": [
          [
            [
              118.7038893,
              32.0381326
            ],
            [
              118.7038227,
              32.0380389
            ],
            [
              118.7040659,
              32.0379146
            ],
            [
              118.7039816,
              32.0377962
            ],
            [
              118.7038744,
              32.037851
            ],
            [
              118.7038249,
              32.0377813
            ],
            [
              118.7040621,
              32.0376601
            ],
            [
              118.7041148,
              32.0377342
            ],
            [
              118.7041976,
              32.0376919
            ],
            [
              118.7042792,
              32.0378068
            ],
            [
              118.7042087,
              32.0378428
            ],
            [
              118.7042747,
              32.0379357
            ],
            [
              118.7038893,
              32.0381326
            ]
          ]
        ]
      },
      "properties": {
        "id": "osm-building-885057978",
        "name": {
          "zh": null,
          "en": null
        },
        "category": "yes",
        "source": "OpenStreetMap",
        "sourceId": 885057978,
        "sourceCrs": "EPSG:4326",
        "areaM2": 1103,
        "lod": 0,
        "status": "existing",
        "heightM": 13.6,
        "levels": 4,
        "heightMethod": "footprint-area-estimate",
        "confidence": "estimated"
      }
    },
    {
      "type": "Feature",
      "id": "osm-building-885057979",
      "geometry": {
        "type": "Polygon",
        "coordinates": [
          [
            [
              118.7033836,
              32.0378141
            ],
            [
              118.7039448,
              32.037506
            ],
            [
              118.7038901,
              32.0374344
            ],
            [
              118.7036175,
              32.0375841
            ],
            [
              118.7035675,
              32.0375187
            ],
            [
              118.703279,
              32.0376772
            ],
            [
              118.7033836,
              32.0378141
            ]
          ]
        ]
      },
      "properties": {
        "id": "osm-building-885057979",
        "name": {
          "zh": null,
          "en": null
        },
        "category": "yes",
        "source": "OpenStreetMap",
        "sourceId": 885057979,
        "sourceCrs": "EPSG:4326",
        "areaM2": 874,
        "lod": 0,
        "status": "existing",
        "heightM": 13.6,
        "levels": 4,
        "heightMethod": "footprint-area-estimate",
        "confidence": "estimated"
      }
    },
    {
      "type": "Feature",
      "id": "osm-building-885057980",
      "geometry": {
        "type": "Polygon",
        "coordinates": [
          [
            [
              118.7016677,
              32.0334547
            ],
            [
              118.701154,
              32.0327385
            ],
            [
              118.7025531,
              32.0321426
            ],
            [
              118.7029924,
              32.0327442
            ],
            [
              118.7016677,
              32.0334547
            ]
          ]
        ]
      },
      "properties": {
        "id": "osm-building-885057980",
        "name": {
          "zh": null,
          "en": null
        },
        "category": "commercial",
        "source": "OpenStreetMap",
        "sourceId": 885057980,
        "sourceCrs": "EPSG:4326",
        "areaM2": 12608,
        "lod": 0,
        "status": "existing",
        "heightM": 23.8,
        "levels": 7,
        "heightMethod": "footprint-area-estimate",
        "confidence": "estimated"
      }
    },
    {
      "type": "Feature",
      "id": "osm-building-885057981",
      "geometry": {
        "type": "Polygon",
        "coordinates": [
          [
            [
              118.7015424,
              32.0318028
            ],
            [
              118.7014871,
              32.0317126
            ],
            [
              118.701287,
              32.0316079
            ],
            [
              118.7013679,
              32.0314816
            ],
            [
              118.7012699,
              32.0313625
            ],
            [
              118.7011252,
              32.0316873
            ],
            [
              118.7014658,
              32.0318678
            ],
            [
              118.7015424,
              32.0318028
            ]
          ]
        ]
      },
      "properties": {
        "id": "osm-building-885057981",
        "name": {
          "zh": null,
          "en": null
        },
        "category": "commercial",
        "source": "OpenStreetMap",
        "sourceId": 885057981,
        "sourceCrs": "EPSG:4326",
        "areaM2": 851,
        "lod": 0,
        "status": "existing",
        "heightM": 13.6,
        "levels": 4,
        "heightMethod": "footprint-area-estimate",
        "confidence": "estimated"
      }
    },
    {
      "type": "Feature",
      "id": "osm-building-885057982",
      "geometry": {
        "type": "Polygon",
        "coordinates": [
          [
            [
              118.7016361,
              32.0317378
            ],
            [
              118.7015254,
              32.0315141
            ],
            [
              118.7015722,
              32.0314852
            ],
            [
              118.7015084,
              32.031478
            ],
            [
              118.7014488,
              32.0313552
            ],
            [
              118.7016446,
              32.0314022
            ],
            [
              118.7017681,
              32.0316873
            ],
            [
              118.7016361,
              32.0317378
            ]
          ]
        ]
      },
      "properties": {
        "id": "osm-building-885057982",
        "name": {
          "zh": null,
          "en": null
        },
        "category": "commercial",
        "source": "OpenStreetMap",
        "sourceId": 885057982,
        "sourceCrs": "EPSG:4326",
        "areaM2": 564,
        "lod": 0,
        "status": "existing",
        "heightM": 13.6,
        "levels": 4,
        "heightMethod": "footprint-area-estimate",
        "confidence": "estimated"
      }
    },
    {
      "type": "Feature",
      "id": "osm-building-885057983",
      "geometry": {
        "type": "Polygon",
        "coordinates": [
          [
            [
              118.7008665,
              32.0319154
            ],
            [
              118.7009602,
              32.0320309
            ],
            [
              118.7011433,
              32.0319948
            ],
            [
              118.7011561,
              32.0315869
            ],
            [
              118.7008793,
              32.0314967
            ],
            [
              118.700858,
              32.0316194
            ],
            [
              118.7010028,
              32.031688
            ],
            [
              118.7009857,
              32.0318793
            ],
            [
              118.7008665,
              32.0319154
            ]
          ]
        ]
      },
      "properties": {
        "id": "osm-building-885057983",
        "name": {
          "zh": null,
          "en": null
        },
        "category": "commercial",
        "source": "OpenStreetMap",
        "sourceId": 885057983,
        "sourceCrs": "EPSG:4326",
        "areaM2": 1035,
        "lod": 0,
        "status": "existing",
        "heightM": 13.6,
        "levels": 4,
        "heightMethod": "footprint-area-estimate",
        "confidence": "estimated"
      }
    },
    {
      "type": "Feature",
      "id": "osm-building-885057984",
      "geometry": {
        "type": "Polygon",
        "coordinates": [
          [
            [
              118.7009006,
              32.0320598
            ],
            [
              118.7008112,
              32.0319479
            ],
            [
              118.7007345,
              32.0319371
            ],
            [
              118.7006238,
              32.0317855
            ],
            [
              118.7007942,
              32.0316086
            ],
            [
              118.7007771,
              32.0314462
            ],
            [
              118.7006962,
              32.0314281
            ],
            [
              118.7003897,
              32.0317566
            ],
            [
              118.7006877,
              32.0321139
            ],
            [
              118.7009006,
              32.0320598
            ]
          ]
        ]
      },
      "properties": {
        "id": "osm-building-885057984",
        "name": {
          "zh": null,
          "en": null
        },
        "category": "commercial",
        "source": "OpenStreetMap",
        "sourceId": 885057984,
        "sourceCrs": "EPSG:4326",
        "areaM2": 1518,
        "lod": 0,
        "status": "existing",
        "heightM": 17,
        "levels": 5,
        "heightMethod": "footprint-area-estimate",
        "confidence": "estimated"
      }
    },
    {
      "type": "Feature",
      "id": "osm-building-885057986",
      "geometry": {
        "type": "Polygon",
        "coordinates": [
          [
            [
              118.7013321,
              32.0312318
            ],
            [
              118.7015024,
              32.031221
            ],
            [
              118.7013534,
              32.0309719
            ],
            [
              118.7015109,
              32.0308601
            ],
            [
              118.7015578,
              32.0307734
            ],
            [
              118.7013747,
              32.0307121
            ],
            [
              118.7008935,
              32.0310658
            ],
            [
              118.7010979,
              32.0313582
            ],
            [
              118.701264,
              32.0313004
            ],
            [
              118.7011405,
              32.0311199
            ],
            [
              118.7012342,
              32.0310477
            ],
            [
              118.7013321,
              32.0312318
            ]
          ]
        ]
      },
      "properties": {
        "id": "osm-building-885057986",
        "name": {
          "zh": null,
          "en": null
        },
        "category": "commercial",
        "source": "OpenStreetMap",
        "sourceId": 885057986,
        "sourceCrs": "EPSG:4326",
        "areaM2": 2050,
        "lod": 0,
        "status": "existing",
        "heightM": 17,
        "levels": 5,
        "heightMethod": "footprint-area-estimate",
        "confidence": "estimated"
      }
    },
    {
      "type": "Feature",
      "id": "osm-building-885057987",
      "geometry": {
        "type": "Polygon",
        "coordinates": [
          [
            [
              118.701573,
              32.0312063
            ],
            [
              118.7016558,
              32.0309786
            ],
            [
              118.7016017,
              32.0309399
            ],
            [
              118.7016625,
              32.0308124
            ],
            [
              118.7018213,
              32.0309141
            ],
            [
              118.70172,
              32.0312364
            ],
            [
              118.701573,
              32.0312063
            ]
          ]
        ]
      },
      "properties": {
        "id": "osm-building-885057987",
        "name": {
          "zh": null,
          "en": null
        },
        "category": "commercial",
        "source": "OpenStreetMap",
        "sourceId": 885057987,
        "sourceCrs": "EPSG:4326",
        "areaM2": 621,
        "lod": 0,
        "status": "existing",
        "heightM": 13.6,
        "levels": 4,
        "heightMethod": "footprint-area-estimate",
        "confidence": "estimated"
      }
    },
    {
      "type": "Feature",
      "id": "osm-building-885060171",
      "geometry": {
        "type": "Polygon",
        "coordinates": [
          [
            [
              118.7021436,
              32.0314966
            ],
            [
              118.7018701,
              32.0312829
            ],
            [
              118.7019881,
              32.0310327
            ],
            [
              118.7024467,
              32.0312556
            ],
            [
              118.7023421,
              32.0313897
            ],
            [
              118.7021034,
              32.031226
            ],
            [
              118.7020793,
              32.0312556
            ],
            [
              118.7022483,
              32.0314398
            ],
            [
              118.7021436,
              32.0314966
            ]
          ]
        ]
      },
      "properties": {
        "id": "osm-building-885060171",
        "name": {
          "zh": null,
          "en": null
        },
        "category": "commercial",
        "source": "OpenStreetMap",
        "sourceId": 885060171,
        "sourceCrs": "EPSG:4326",
        "areaM2": 1306,
        "lod": 0,
        "status": "existing",
        "heightM": 17,
        "levels": 5,
        "heightMethod": "footprint-area-estimate",
        "confidence": "estimated"
      }
    },
    {
      "type": "Feature",
      "id": "osm-building-885073751",
      "geometry": {
        "type": "Polygon",
        "coordinates": [
          [
            [
              118.7001937,
              32.0303574
            ],
            [
              118.700596,
              32.030578
            ],
            [
              118.7007838,
              32.0304756
            ],
            [
              118.7006604,
              32.0303619
            ],
            [
              118.7005665,
              32.0304051
            ],
            [
              118.7004297,
              32.0303415
            ],
            [
              118.7004378,
              32.0302824
            ],
            [
              118.7004485,
              32.0300982
            ],
            [
              118.7006067,
              32.0300914
            ],
            [
              118.7006953,
              32.0300936
            ],
            [
              118.7008642,
              32.0304211
            ],
            [
              118.7010037,
              32.030321
            ],
            [
              118.7008401,
              32.0299504
            ],
            [
              118.7003251,
              32.0299572
            ],
            [
              118.7001937,
              32.0303574
            ]
          ]
        ]
      },
      "properties": {
        "id": "osm-building-885073751",
        "name": {
          "zh": null,
          "en": null
        },
        "category": "commercial",
        "source": "OpenStreetMap",
        "sourceId": 885073751,
        "sourceCrs": "EPSG:4326",
        "areaM2": 2631,
        "lod": 0,
        "status": "existing",
        "heightM": 23.8,
        "levels": 7,
        "heightMethod": "footprint-area-estimate",
        "confidence": "estimated"
      }
    },
    {
      "type": "Feature",
      "id": "osm-building-885073752",
      "geometry": {
        "type": "Polygon",
        "coordinates": [
          [
            [
              118.6997728,
              32.0311373
            ],
            [
              118.6995583,
              32.0308917
            ],
            [
              118.6997943,
              32.0306234
            ],
            [
              118.7001618,
              32.0306939
            ],
            [
              118.7001591,
              32.0308963
            ],
            [
              118.7000142,
              32.0308758
            ],
            [
              118.7000142,
              32.0308189
            ],
            [
              118.699864,
              32.0307666
            ],
            [
              118.699746,
              32.0308621
            ],
            [
              118.6998426,
              32.031019
            ],
            [
              118.7000089,
              32.0309463
            ],
            [
              118.7001591,
              32.0309781
            ],
            [
              118.700151,
              32.0310418
            ],
            [
              118.6997728,
              32.0311373
            ]
          ]
        ]
      },
      "properties": {
        "id": "osm-building-885073752",
        "name": {
          "zh": null,
          "en": null
        },
        "category": "commercial",
        "source": "OpenStreetMap",
        "sourceId": 885073752,
        "sourceCrs": "EPSG:4326",
        "areaM2": 1710,
        "lod": 0,
        "status": "existing",
        "heightM": 17,
        "levels": 5,
        "heightMethod": "footprint-area-estimate",
        "confidence": "estimated"
      }
    },
    {
      "type": "Feature",
      "id": "osm-building-885073753",
      "geometry": {
        "type": "Polygon",
        "coordinates": [
          [
            [
              118.6995931,
              32.030512
            ],
            [
              118.6999472,
              32.0304051
            ],
            [
              118.6999472,
              32.0303369
            ],
            [
              118.6998265,
              32.0303141
            ],
            [
              118.6996441,
              32.0303824
            ],
            [
              118.6995475,
              32.0302664
            ],
            [
              118.6996441,
              32.0301436
            ],
            [
              118.6998158,
              32.0301686
            ],
            [
              118.6998318,
              32.0302755
            ],
            [
              118.6999686,
              32.0302937
            ],
            [
              118.6999391,
              32.0300936
            ],
            [
              118.699577,
              32.0299958
            ],
            [
              118.6993598,
              32.0302596
            ],
            [
              118.6995931,
              32.030512
            ]
          ]
        ]
      },
      "properties": {
        "id": "osm-building-885073753",
        "name": {
          "zh": null,
          "en": null
        },
        "category": "commercial",
        "source": "OpenStreetMap",
        "sourceId": 885073753,
        "sourceCrs": "EPSG:4326",
        "areaM2": 1645,
        "lod": 0,
        "status": "existing",
        "heightM": 17,
        "levels": 5,
        "heightMethod": "footprint-area-estimate",
        "confidence": "estimated"
      }
    },
    {
      "type": "Feature",
      "id": "osm-building-885073754",
      "geometry": {
        "type": "Polygon",
        "coordinates": [
          [
            [
              118.6998614,
              32.0297411
            ],
            [
              118.6998989,
              32.0295933
            ],
            [
              118.7000303,
              32.0295774
            ],
            [
              118.7000759,
              32.0294751
            ],
            [
              118.7002395,
              32.0294501
            ],
            [
              118.7001537,
              32.0297275
            ],
            [
              118.6998614,
              32.0297411
            ]
          ]
        ]
      },
      "properties": {
        "id": "osm-building-885073754",
        "name": {
          "zh": null,
          "en": null
        },
        "category": "commercial",
        "source": "OpenStreetMap",
        "sourceId": 885073754,
        "sourceCrs": "EPSG:4326",
        "areaM2": 663,
        "lod": 0,
        "status": "existing",
        "heightM": 13.6,
        "levels": 4,
        "heightMethod": "footprint-area-estimate",
        "confidence": "estimated"
      }
    },
    {
      "type": "Feature",
      "id": "osm-building-885073755",
      "geometry": {
        "type": "Polygon",
        "coordinates": [
          [
            [
              118.6996709,
              32.0297661
            ],
            [
              118.6997648,
              32.0297639
            ],
            [
              118.6998131,
              32.0296092
            ],
            [
              118.6997138,
              32.0294069
            ],
            [
              118.6998855,
              32.0293045
            ],
            [
              118.7001108,
              32.0294046
            ],
            [
              118.700269,
              32.029375
            ],
            [
              118.7002851,
              32.0293023
            ],
            [
              118.6998479,
              32.0291158
            ],
            [
              118.6994483,
              32.0293682
            ],
            [
              118.6996709,
              32.0297661
            ]
          ]
        ]
      },
      "properties": {
        "id": "osm-building-885073755",
        "name": {
          "zh": null,
          "en": null
        },
        "category": "commercial",
        "source": "OpenStreetMap",
        "sourceId": 885073755,
        "sourceCrs": "EPSG:4326",
        "areaM2": 2094,
        "lod": 0,
        "status": "existing",
        "heightM": 17,
        "levels": 5,
        "heightMethod": "footprint-area-estimate",
        "confidence": "estimated"
      }
    },
    {
      "type": "Feature",
      "id": "osm-building-885073756",
      "geometry": {
        "type": "Polygon",
        "coordinates": [
          [
            [
              118.6989945,
              32.0301369
            ],
            [
              118.6993485,
              32.0300301
            ],
            [
              118.6993485,
              32.0299618
            ],
            [
              118.6992278,
              32.0299391
            ],
            [
              118.6990454,
              32.0300073
            ],
            [
              118.6989489,
              32.0298914
            ],
            [
              118.6990454,
              32.0297686
            ],
            [
              118.6992171,
              32.0297936
            ],
            [
              118.6992332,
              32.0299005
            ],
            [
              118.69937,
              32.0299186
            ],
            [
              118.6993405,
              32.0297185
            ],
            [
              118.6989784,
              32.0296208
            ],
            [
              118.6987611,
              32.0298845
            ],
            [
              118.6989945,
              32.0301369
            ]
          ]
        ]
      },
      "properties": {
        "id": "osm-building-885073756",
        "name": {
          "zh": null,
          "en": null
        },
        "category": "commercial",
        "source": "OpenStreetMap",
        "sourceId": 885073756,
        "sourceCrs": "EPSG:4326",
        "areaM2": 1645,
        "lod": 0,
        "status": "existing",
        "heightM": 17,
        "levels": 5,
        "heightMethod": "footprint-area-estimate",
        "confidence": "estimated"
      }
    },
    {
      "type": "Feature",
      "id": "osm-building-885073757",
      "geometry": {
        "type": "Polygon",
        "coordinates": [
          [
            [
              118.695905,
              32.0305248
            ],
            [
              118.6966458,
              32.0305465
            ],
            [
              118.6966544,
              32.0304093
            ],
            [
              118.6959007,
              32.0303912
            ],
            [
              118.695905,
              32.0305248
            ]
          ]
        ]
      },
      "properties": {
        "id": "osm-building-885073757",
        "name": {
          "zh": null,
          "en": null
        },
        "category": "apartments",
        "source": "OpenStreetMap",
        "sourceId": 885073757,
        "sourceCrs": "EPSG:4326",
        "areaM2": 1056,
        "lod": 0,
        "status": "existing",
        "heightM": 13.6,
        "levels": 4,
        "heightMethod": "footprint-area-estimate",
        "confidence": "estimated"
      }
    },
    {
      "type": "Feature",
      "id": "osm-building-885073758",
      "geometry": {
        "type": "Polygon",
        "coordinates": [
          [
            [
              118.696499,
              32.0300177
            ],
            [
              118.6972398,
              32.0300393
            ],
            [
              118.6972483,
              32.0299021
            ],
            [
              118.6964947,
              32.0298841
            ],
            [
              118.696499,
              32.0300177
            ]
          ]
        ]
      },
      "properties": {
        "id": "osm-building-885073758",
        "name": {
          "zh": null,
          "en": null
        },
        "category": "apartments",
        "source": "OpenStreetMap",
        "sourceId": 885073758,
        "sourceCrs": "EPSG:4326",
        "areaM2": 1056,
        "lod": 0,
        "status": "existing",
        "heightM": 13.6,
        "levels": 4,
        "heightMethod": "footprint-area-estimate",
        "confidence": "estimated"
      }
    },
    {
      "type": "Feature",
      "id": "osm-building-885073759",
      "geometry": {
        "type": "Polygon",
        "coordinates": [
          [
            [
              118.6964479,
              32.0294112
            ],
            [
              118.6971887,
              32.0294329
            ],
            [
              118.6971972,
              32.0292957
            ],
            [
              118.6964436,
              32.0292777
            ],
            [
              118.6964479,
              32.0294112
            ]
          ]
        ]
      },
      "properties": {
        "id": "osm-building-885073759",
        "name": {
          "zh": null,
          "en": null
        },
        "category": "apartments",
        "source": "OpenStreetMap",
        "sourceId": 885073759,
        "sourceCrs": "EPSG:4326",
        "areaM2": 1055,
        "lod": 0,
        "status": "existing",
        "heightM": 13.6,
        "levels": 4,
        "heightMethod": "footprint-area-estimate",
        "confidence": "estimated"
      }
    },
    {
      "type": "Feature",
      "id": "osm-building-885073760",
      "geometry": {
        "type": "Polygon",
        "coordinates": [
          [
            [
              118.6964125,
              32.0288779
            ],
            [
              118.6971597,
              32.0288958
            ],
            [
              118.6971642,
              32.0287604
            ],
            [
              118.696417,
              32.0287426
            ],
            [
              118.6964125,
              32.0288779
            ]
          ]
        ]
      },
      "properties": {
        "id": "osm-building-885073760",
        "name": {
          "zh": null,
          "en": null
        },
        "category": "apartments",
        "source": "OpenStreetMap",
        "sourceId": 885073760,
        "sourceCrs": "EPSG:4326",
        "areaM2": 1056,
        "lod": 0,
        "status": "existing",
        "heightM": 13.6,
        "levels": 4,
        "heightMethod": "footprint-area-estimate",
        "confidence": "estimated"
      }
    },
    {
      "type": "Feature",
      "id": "osm-building-885073761",
      "geometry": {
        "type": "Polygon",
        "coordinates": [
          [
            [
              118.6953349,
              32.0297694
            ],
            [
              118.695737,
              32.0298077
            ],
            [
              118.6957617,
              32.0296213
            ],
            [
              118.6956314,
              32.0296089
            ],
            [
              118.6956112,
              32.0294997
            ],
            [
              118.6955144,
              32.0294905
            ],
            [
              118.6954971,
              32.0296206
            ],
            [
              118.6953564,
              32.0296072
            ],
            [
              118.6953349,
              32.0297694
            ]
          ]
        ]
      },
      "properties": {
        "id": "osm-building-885073761",
        "name": {
          "zh": null,
          "en": null
        },
        "category": "apartments",
        "source": "OpenStreetMap",
        "sourceId": 885073761,
        "sourceCrs": "EPSG:4326",
        "areaM2": 883,
        "lod": 0,
        "status": "existing",
        "heightM": 13.6,
        "levels": 4,
        "heightMethod": "footprint-area-estimate",
        "confidence": "estimated"
      }
    },
    {
      "type": "Feature",
      "id": "osm-building-885073762",
      "geometry": {
        "type": "Polygon",
        "coordinates": [
          [
            [
              118.69831,
              32.0293768
            ],
            [
              118.6983157,
              32.0292138
            ],
            [
              118.6988893,
              32.0292283
            ],
            [
              118.6988836,
              32.0293912
            ],
            [
              118.69831,
              32.0293768
            ]
          ]
        ]
      },
      "properties": {
        "id": "osm-building-885073762",
        "name": {
          "zh": null,
          "en": null
        },
        "category": "apartments",
        "source": "OpenStreetMap",
        "sourceId": 885073762,
        "sourceCrs": "EPSG:4326",
        "areaM2": 976,
        "lod": 0,
        "status": "existing",
        "heightM": 13.6,
        "levels": 4,
        "heightMethod": "footprint-area-estimate",
        "confidence": "estimated"
      }
    },
    {
      "type": "Feature",
      "id": "osm-building-885073763",
      "geometry": {
        "type": "Polygon",
        "coordinates": [
          [
            [
              118.6979879,
              32.0289783
            ],
            [
              118.6979936,
              32.0288153
            ],
            [
              118.6985672,
              32.0288298
            ],
            [
              118.6985615,
              32.0289927
            ],
            [
              118.6979879,
              32.0289783
            ]
          ]
        ]
      },
      "properties": {
        "id": "osm-building-885073763",
        "name": {
          "zh": null,
          "en": null
        },
        "category": "apartments",
        "source": "OpenStreetMap",
        "sourceId": 885073763,
        "sourceCrs": "EPSG:4326",
        "areaM2": 976,
        "lod": 0,
        "status": "existing",
        "heightM": 13.6,
        "levels": 4,
        "heightMethod": "footprint-area-estimate",
        "confidence": "estimated"
      }
    },
    {
      "type": "Feature",
      "id": "osm-building-885073764",
      "geometry": {
        "type": "Polygon",
        "coordinates": [
          [
            [
              118.6976579,
              32.0285465
            ],
            [
              118.6976636,
              32.0283836
            ],
            [
              118.6982372,
              32.0283981
            ],
            [
              118.6982315,
              32.028561
            ],
            [
              118.6976579,
              32.0285465
            ]
          ]
        ]
      },
      "properties": {
        "id": "osm-building-885073764",
        "name": {
          "zh": null,
          "en": null
        },
        "category": "apartments",
        "source": "OpenStreetMap",
        "sourceId": 885073764,
        "sourceCrs": "EPSG:4326",
        "areaM2": 976,
        "lod": 0,
        "status": "existing",
        "heightM": 13.6,
        "levels": 4,
        "heightMethod": "footprint-area-estimate",
        "confidence": "estimated"
      }
    },
    {
      "type": "Feature",
      "id": "osm-building-885073765",
      "geometry": {
        "type": "Polygon",
        "coordinates": [
          [
            [
              118.6974745,
              32.0281211
            ],
            [
              118.6974802,
              32.0279581
            ],
            [
              118.6980538,
              32.0279726
            ],
            [
              118.6980481,
              32.0281355
            ],
            [
              118.6974745,
              32.0281211
            ]
          ]
        ]
      },
      "properties": {
        "id": "osm-building-885073765",
        "name": {
          "zh": null,
          "en": null
        },
        "category": "apartments",
        "source": "OpenStreetMap",
        "sourceId": 885073765,
        "sourceCrs": "EPSG:4326",
        "areaM2": 976,
        "lod": 0,
        "status": "existing",
        "heightM": 13.6,
        "levels": 4,
        "heightMethod": "footprint-area-estimate",
        "confidence": "estimated"
      }
    },
    {
      "type": "Feature",
      "id": "osm-building-885073766",
      "geometry": {
        "type": "Polygon",
        "coordinates": [
          [
            [
              118.6980753,
              32.0277504
            ],
            [
              118.698081,
              32.0275874
            ],
            [
              118.6986546,
              32.027602
            ],
            [
              118.6986489,
              32.0277648
            ],
            [
              118.6980753,
              32.0277504
            ]
          ]
        ]
      },
      "properties": {
        "id": "osm-building-885073766",
        "name": {
          "zh": null,
          "en": null
        },
        "category": "apartments",
        "source": "OpenStreetMap",
        "sourceId": 885073766,
        "sourceCrs": "EPSG:4326",
        "areaM2": 976,
        "lod": 0,
        "status": "existing",
        "heightM": 13.6,
        "levels": 4,
        "heightMethod": "footprint-area-estimate",
        "confidence": "estimated"
      }
    },
    {
      "type": "Feature",
      "id": "osm-building-885073767",
      "geometry": {
        "type": "Polygon",
        "coordinates": [
          [
            [
              118.6985218,
              32.0281473
            ],
            [
              118.6985301,
              32.027989
            ],
            [
              118.6989776,
              32.0280059
            ],
            [
              118.6989693,
              32.0281641
            ],
            [
              118.6985218,
              32.0281473
            ]
          ]
        ]
      },
      "properties": {
        "id": "osm-building-885073767",
        "name": {
          "zh": null,
          "en": null
        },
        "category": "apartments",
        "source": "OpenStreetMap",
        "sourceId": 885073767,
        "sourceCrs": "EPSG:4326",
        "areaM2": 740,
        "lod": 0,
        "status": "existing",
        "heightM": 13.6,
        "levels": 4,
        "heightMethod": "footprint-area-estimate",
        "confidence": "estimated"
      }
    },
    {
      "type": "Feature",
      "id": "osm-building-885073768",
      "geometry": {
        "type": "Polygon",
        "coordinates": [
          [
            [
              118.6983061,
              32.028561
            ],
            [
              118.6983143,
              32.0284026
            ],
            [
              118.6987618,
              32.0284195
            ],
            [
              118.6987535,
              32.0285778
            ],
            [
              118.6983061,
              32.028561
            ]
          ]
        ]
      },
      "properties": {
        "id": "osm-building-885073768",
        "name": {
          "zh": null,
          "en": null
        },
        "category": "apartments",
        "source": "OpenStreetMap",
        "sourceId": 885073768,
        "sourceCrs": "EPSG:4326",
        "areaM2": 741,
        "lod": 0,
        "status": "existing",
        "heightM": 13.6,
        "levels": 4,
        "heightMethod": "footprint-area-estimate",
        "confidence": "estimated"
      }
    },
    {
      "type": "Feature",
      "id": "osm-building-885073769",
      "geometry": {
        "type": "Polygon",
        "coordinates": [
          [
            [
              118.6989069,
              32.0284905
            ],
            [
              118.6989152,
              32.0283321
            ],
            [
              118.6993626,
              32.028349
            ],
            [
              118.6993543,
              32.0285073
            ],
            [
              118.6989069,
              32.0284905
            ]
          ]
        ]
      },
      "properties": {
        "id": "osm-building-885073769",
        "name": {
          "zh": null,
          "en": null
        },
        "category": "apartments",
        "source": "OpenStreetMap",
        "sourceId": 885073769,
        "sourceCrs": "EPSG:4326",
        "areaM2": 741,
        "lod": 0,
        "status": "existing",
        "heightM": 13.6,
        "levels": 4,
        "heightMethod": "footprint-area-estimate",
        "confidence": "estimated"
      }
    },
    {
      "type": "Feature",
      "id": "osm-building-885073770",
      "geometry": {
        "type": "Polygon",
        "coordinates": [
          [
            [
              118.6992496,
              32.0288059
            ],
            [
              118.6992579,
              32.0286475
            ],
            [
              118.6997054,
              32.0286644
            ],
            [
              118.6996971,
              32.0288227
            ],
            [
              118.6992496,
              32.0288059
            ]
          ]
        ]
      },
      "properties": {
        "id": "osm-building-885073770",
        "name": {
          "zh": null,
          "en": null
        },
        "category": "apartments",
        "source": "OpenStreetMap",
        "sourceId": 885073770,
        "sourceCrs": "EPSG:4326",
        "areaM2": 741,
        "lod": 0,
        "status": "existing",
        "heightM": 13.6,
        "levels": 4,
        "heightMethod": "footprint-area-estimate",
        "confidence": "estimated"
      }
    },
    {
      "type": "Feature",
      "id": "osm-building-885073771",
      "geometry": {
        "type": "Polygon",
        "coordinates": [
          [
            [
              118.6988741,
              32.0290856
            ],
            [
              118.6988824,
              32.0289272
            ],
            [
              118.6993298,
              32.0289441
            ],
            [
              118.6993216,
              32.0291024
            ],
            [
              118.6988741,
              32.0290856
            ]
          ]
        ]
      },
      "properties": {
        "id": "osm-building-885073771",
        "name": {
          "zh": null,
          "en": null
        },
        "category": "apartments",
        "source": "OpenStreetMap",
        "sourceId": 885073771,
        "sourceCrs": "EPSG:4326",
        "areaM2": 741,
        "lod": 0,
        "status": "existing",
        "heightM": 13.6,
        "levels": 4,
        "heightMethod": "footprint-area-estimate",
        "confidence": "estimated"
      }
    },
    {
      "type": "Feature",
      "id": "osm-building-885073772",
      "geometry": {
        "type": "Polygon",
        "coordinates": [
          [
            [
              118.6946041,
              32.0287246
            ],
            [
              118.6953513,
              32.0287425
            ],
            [
              118.6953558,
              32.0286071
            ],
            [
              118.6946086,
              32.0285893
            ],
            [
              118.6946041,
              32.0287246
            ]
          ]
        ]
      },
      "properties": {
        "id": "osm-building-885073772",
        "name": {
          "zh": null,
          "en": null
        },
        "category": "apartments",
        "source": "OpenStreetMap",
        "sourceId": 885073772,
        "sourceCrs": "EPSG:4326",
        "areaM2": 1056,
        "lod": 0,
        "status": "existing",
        "heightM": 13.6,
        "levels": 4,
        "heightMethod": "footprint-area-estimate",
        "confidence": "estimated"
      }
    },
    {
      "type": "Feature",
      "id": "osm-building-885073773",
      "geometry": {
        "type": "Polygon",
        "coordinates": [
          [
            [
              118.6947361,
              32.0277103
            ],
            [
              118.6954833,
              32.0277282
            ],
            [
              118.6954878,
              32.0275928
            ],
            [
              118.6947406,
              32.027575
            ],
            [
              118.6947361,
              32.0277103
            ]
          ]
        ]
      },
      "properties": {
        "id": "osm-building-885073773",
        "name": {
          "zh": null,
          "en": null
        },
        "category": "apartments",
        "source": "OpenStreetMap",
        "sourceId": 885073773,
        "sourceCrs": "EPSG:4326",
        "areaM2": 1056,
        "lod": 0,
        "status": "existing",
        "heightM": 13.6,
        "levels": 4,
        "heightMethod": "footprint-area-estimate",
        "confidence": "estimated"
      }
    },
    {
      "type": "Feature",
      "id": "osm-building-885073774",
      "geometry": {
        "type": "Polygon",
        "coordinates": [
          [
            [
              118.6957877,
              32.0280135
            ],
            [
              118.6965349,
              32.0280314
            ],
            [
              118.6965394,
              32.027896
            ],
            [
              118.6957922,
              32.0278782
            ],
            [
              118.6957877,
              32.0280135
            ]
          ]
        ]
      },
      "properties": {
        "id": "osm-building-885073774",
        "name": {
          "zh": null,
          "en": null
        },
        "category": "apartments",
        "source": "OpenStreetMap",
        "sourceId": 885073774,
        "sourceCrs": "EPSG:4326",
        "areaM2": 1056,
        "lod": 0,
        "status": "existing",
        "heightM": 13.6,
        "levels": 4,
        "heightMethod": "footprint-area-estimate",
        "confidence": "estimated"
      }
    },
    {
      "type": "Feature",
      "id": "osm-building-885073775",
      "geometry": {
        "type": "Polygon",
        "coordinates": [
          [
            [
              118.6942283,
              32.028234
            ],
            [
              118.6949755,
              32.0282519
            ],
            [
              118.69498,
              32.0281165
            ],
            [
              118.6942328,
              32.0280987
            ],
            [
              118.6942283,
              32.028234
            ]
          ]
        ]
      },
      "properties": {
        "id": "osm-building-885073775",
        "name": {
          "zh": null,
          "en": null
        },
        "category": "apartments",
        "source": "OpenStreetMap",
        "sourceId": 885073775,
        "sourceCrs": "EPSG:4326",
        "areaM2": 1056,
        "lod": 0,
        "status": "existing",
        "heightM": 13.6,
        "levels": 4,
        "heightMethod": "footprint-area-estimate",
        "confidence": "estimated"
      }
    },
    {
      "type": "Feature",
      "id": "osm-building-885073776",
      "geometry": {
        "type": "Polygon",
        "coordinates": [
          [
            [
              118.6905918,
              32.0268284
            ],
            [
              118.691339,
              32.0268463
            ],
            [
              118.6913435,
              32.0267109
            ],
            [
              118.6905963,
              32.0266931
            ],
            [
              118.6905918,
              32.0268284
            ]
          ]
        ]
      },
      "properties": {
        "id": "osm-building-885073776",
        "name": {
          "zh": null,
          "en": null
        },
        "category": "apartments",
        "source": "OpenStreetMap",
        "sourceId": 885073776,
        "sourceCrs": "EPSG:4326",
        "areaM2": 1056,
        "lod": 0,
        "status": "existing",
        "heightM": 13.6,
        "levels": 4,
        "heightMethod": "footprint-area-estimate",
        "confidence": "estimated"
      }
    },
    {
      "type": "Feature",
      "id": "osm-building-885073777",
      "geometry": {
        "type": "Polygon",
        "coordinates": [
          [
            [
              118.6912262,
              32.02637
            ],
            [
              118.6919734,
              32.0263879
            ],
            [
              118.6919779,
              32.0262525
            ],
            [
              118.6912307,
              32.0262347
            ],
            [
              118.6912262,
              32.02637
            ]
          ]
        ]
      },
      "properties": {
        "id": "osm-building-885073777",
        "name": {
          "zh": null,
          "en": null
        },
        "category": "apartments",
        "source": "OpenStreetMap",
        "sourceId": 885073777,
        "sourceCrs": "EPSG:4326",
        "areaM2": 1056,
        "lod": 0,
        "status": "existing",
        "heightM": 13.6,
        "levels": 4,
        "heightMethod": "footprint-area-estimate",
        "confidence": "estimated"
      }
    },
    {
      "type": "Feature",
      "id": "osm-building-885073778",
      "geometry": {
        "type": "Polygon",
        "coordinates": [
          [
            [
              118.6909332,
              32.0258581
            ],
            [
              118.6915484,
              32.0258667
            ],
            [
              118.6915509,
              32.025735
            ],
            [
              118.6909358,
              32.0257263
            ],
            [
              118.6909332,
              32.0258581
            ]
          ]
        ]
      },
      "properties": {
        "id": "osm-building-885073778",
        "name": {
          "zh": null,
          "en": null
        },
        "category": "apartments",
        "source": "OpenStreetMap",
        "sourceId": 885073778,
        "sourceCrs": "EPSG:4326",
        "areaM2": 846,
        "lod": 0,
        "status": "existing",
        "heightM": 13.6,
        "levels": 4,
        "heightMethod": "footprint-area-estimate",
        "confidence": "estimated"
      }
    },
    {
      "type": "Feature",
      "id": "osm-building-885073779",
      "geometry": {
        "type": "Polygon",
        "coordinates": [
          [
            [
              118.6901882,
              32.0262859
            ],
            [
              118.6908033,
              32.0262945
            ],
            [
              118.6908059,
              32.0261628
            ],
            [
              118.6901908,
              32.0261541
            ],
            [
              118.6901882,
              32.0262859
            ]
          ]
        ]
      },
      "properties": {
        "id": "osm-building-885073779",
        "name": {
          "zh": null,
          "en": null
        },
        "category": "apartments",
        "source": "OpenStreetMap",
        "sourceId": 885073779,
        "sourceCrs": "EPSG:4326",
        "areaM2": 846,
        "lod": 0,
        "status": "existing",
        "heightM": 13.6,
        "levels": 4,
        "heightMethod": "footprint-area-estimate",
        "confidence": "estimated"
      }
    },
    {
      "type": "Feature",
      "id": "osm-building-885073780",
      "geometry": {
        "type": "Polygon",
        "coordinates": [
          [
            [
              118.6898433,
              32.0257913
            ],
            [
              118.6904585,
              32.0257999
            ],
            [
              118.690461,
              32.0256682
            ],
            [
              118.6898459,
              32.0256595
            ],
            [
              118.6898433,
              32.0257913
            ]
          ]
        ]
      },
      "properties": {
        "id": "osm-building-885073780",
        "name": {
          "zh": null,
          "en": null
        },
        "category": "apartments",
        "source": "OpenStreetMap",
        "sourceId": 885073780,
        "sourceCrs": "EPSG:4326",
        "areaM2": 846,
        "lod": 0,
        "status": "existing",
        "heightM": 13.6,
        "levels": 4,
        "heightMethod": "footprint-area-estimate",
        "confidence": "estimated"
      }
    },
    {
      "type": "Feature",
      "id": "osm-building-885073781",
      "geometry": {
        "type": "Polygon",
        "coordinates": [
          [
            [
              118.6901925,
              32.025347
            ],
            [
              118.6905266,
              32.0253556
            ],
            [
              118.6905315,
              32.0252187
            ],
            [
              118.6901973,
              32.0252102
            ],
            [
              118.6901925,
              32.025347
            ]
          ]
        ]
      },
      "properties": {
        "id": "osm-building-885073781",
        "name": {
          "zh": null,
          "en": null
        },
        "category": "apartments",
        "source": "OpenStreetMap",
        "sourceId": 885073781,
        "sourceCrs": "EPSG:4326",
        "areaM2": 477,
        "lod": 0,
        "status": "existing",
        "heightM": 10.2,
        "levels": 3,
        "heightMethod": "footprint-area-estimate",
        "confidence": "estimated"
      }
    },
    {
      "type": "Feature",
      "id": "osm-building-885073782",
      "geometry": {
        "type": "Polygon",
        "coordinates": [
          [
            [
              118.6909194,
              32.0254041
            ],
            [
              118.6912535,
              32.0254126
            ],
            [
              118.6912584,
              32.0252757
            ],
            [
              118.6909242,
              32.0252672
            ],
            [
              118.6909194,
              32.0254041
            ]
          ]
        ]
      },
      "properties": {
        "id": "osm-building-885073782",
        "name": {
          "zh": null,
          "en": null
        },
        "category": "apartments",
        "source": "OpenStreetMap",
        "sourceId": 885073782,
        "sourceCrs": "EPSG:4326",
        "areaM2": 478,
        "lod": 0,
        "status": "existing",
        "heightM": 10.2,
        "levels": 3,
        "heightMethod": "footprint-area-estimate",
        "confidence": "estimated"
      }
    },
    {
      "type": "Feature",
      "id": "osm-building-885073783",
      "geometry": {
        "type": "Polygon",
        "coordinates": [
          [
            [
              118.6892592,
              32.0252269
            ],
            [
              118.6895933,
              32.0252354
            ],
            [
              118.6895982,
              32.0250985
            ],
            [
              118.6892641,
              32.02509
            ],
            [
              118.6892592,
              32.0252269
            ]
          ]
        ]
      },
      "properties": {
        "id": "osm-building-885073783",
        "name": {
          "zh": null,
          "en": null
        },
        "category": "apartments",
        "source": "OpenStreetMap",
        "sourceId": 885073783,
        "sourceCrs": "EPSG:4326",
        "areaM2": 478,
        "lod": 0,
        "status": "existing",
        "heightM": 10.2,
        "levels": 3,
        "heightMethod": "footprint-area-estimate",
        "confidence": "estimated"
      }
    },
    {
      "type": "Feature",
      "id": "osm-building-885073784",
      "geometry": {
        "type": "Polygon",
        "coordinates": [
          [
            [
              118.6896892,
              32.0249526
            ],
            [
              118.6900234,
              32.0249611
            ],
            [
              118.6900282,
              32.0248242
            ],
            [
              118.6896941,
              32.0248157
            ],
            [
              118.6896892,
              32.0249526
            ]
          ]
        ]
      },
      "properties": {
        "id": "osm-building-885073784",
        "name": {
          "zh": null,
          "en": null
        },
        "category": "apartments",
        "source": "OpenStreetMap",
        "sourceId": 885073784,
        "sourceCrs": "EPSG:4326",
        "areaM2": 478,
        "lod": 0,
        "status": "existing",
        "heightM": 10.2,
        "levels": 3,
        "heightMethod": "footprint-area-estimate",
        "confidence": "estimated"
      }
    },
    {
      "type": "Feature",
      "id": "osm-building-885073785",
      "geometry": {
        "type": "Polygon",
        "coordinates": [
          [
            [
              118.6907111,
              32.0249453
            ],
            [
              118.6910452,
              32.0249539
            ],
            [
              118.6910501,
              32.0248169
            ],
            [
              118.6907159,
              32.0248085
            ],
            [
              118.6907111,
              32.0249453
            ]
          ]
        ]
      },
      "properties": {
        "id": "osm-building-885073785",
        "name": {
          "zh": null,
          "en": null
        },
        "category": "apartments",
        "source": "OpenStreetMap",
        "sourceId": 885073785,
        "sourceCrs": "EPSG:4326",
        "areaM2": 478,
        "lod": 0,
        "status": "existing",
        "heightM": 10.2,
        "levels": 3,
        "heightMethod": "footprint-area-estimate",
        "confidence": "estimated"
      }
    },
    {
      "type": "Feature",
      "id": "osm-building-885073786",
      "geometry": {
        "type": "Polygon",
        "coordinates": [
          [
            [
              118.6901406,
              32.0246493
            ],
            [
              118.6904747,
              32.0246579
            ],
            [
              118.6904795,
              32.0245209
            ],
            [
              118.6901454,
              32.0245125
            ],
            [
              118.6901406,
              32.0246493
            ]
          ]
        ]
      },
      "properties": {
        "id": "osm-building-885073786",
        "name": {
          "zh": null,
          "en": null
        },
        "category": "apartments",
        "source": "OpenStreetMap",
        "sourceId": 885073786,
        "sourceCrs": "EPSG:4326",
        "areaM2": 478,
        "lod": 0,
        "status": "existing",
        "heightM": 10.2,
        "levels": 3,
        "heightMethod": "footprint-area-estimate",
        "confidence": "estimated"
      }
    },
    {
      "type": "Feature",
      "id": "osm-building-885073787",
      "geometry": {
        "type": "Polygon",
        "coordinates": [
          [
            [
              118.6906132,
              32.0243894
            ],
            [
              118.6909473,
              32.024398
            ],
            [
              118.6909522,
              32.024261
            ],
            [
              118.690618,
              32.0242526
            ],
            [
              118.6906132,
              32.0243894
            ]
          ]
        ]
      },
      "properties": {
        "id": "osm-building-885073787",
        "name": {
          "zh": null,
          "en": null
        },
        "category": "apartments",
        "source": "OpenStreetMap",
        "sourceId": 885073787,
        "sourceCrs": "EPSG:4326",
        "areaM2": 478,
        "lod": 0,
        "status": "existing",
        "heightM": 10.2,
        "levels": 3,
        "heightMethod": "footprint-area-estimate",
        "confidence": "estimated"
      }
    },
    {
      "type": "Feature",
      "id": "osm-building-885073788",
      "geometry": {
        "type": "Polygon",
        "coordinates": [
          [
            [
              118.6899269,
              32.0280995
            ],
            [
              118.690261,
              32.028108
            ],
            [
              118.6902659,
              32.0279711
            ],
            [
              118.6899317,
              32.0279626
            ],
            [
              118.6899269,
              32.0280995
            ]
          ]
        ]
      },
      "properties": {
        "id": "osm-building-885073788",
        "name": {
          "zh": null,
          "en": null
        },
        "category": "apartments",
        "source": "OpenStreetMap",
        "sourceId": 885073788,
        "sourceCrs": "EPSG:4326",
        "areaM2": 478,
        "lod": 0,
        "status": "existing",
        "heightM": 10.2,
        "levels": 3,
        "heightMethod": "footprint-area-estimate",
        "confidence": "estimated"
      }
    },
    {
      "type": "Feature",
      "id": "osm-building-885073789",
      "geometry": {
        "type": "Polygon",
        "coordinates": [
          [
            [
              118.6890751,
              32.0283967
            ],
            [
              118.6896902,
              32.0284053
            ],
            [
              118.6896928,
              32.0282737
            ],
            [
              118.6890777,
              32.028265
            ],
            [
              118.6890751,
              32.0283967
            ]
          ]
        ]
      },
      "properties": {
        "id": "osm-building-885073789",
        "name": {
          "zh": null,
          "en": null
        },
        "category": "apartments",
        "source": "OpenStreetMap",
        "sourceId": 885073789,
        "sourceCrs": "EPSG:4326",
        "areaM2": 845,
        "lod": 0,
        "status": "existing",
        "heightM": 13.6,
        "levels": 4,
        "heightMethod": "footprint-area-estimate",
        "confidence": "estimated"
      }
    },
    {
      "type": "Feature",
      "id": "osm-building-885073790",
      "geometry": {
        "type": "Polygon",
        "coordinates": [
          [
            [
              118.6887372,
              32.0278409
            ],
            [
              118.6893523,
              32.0278495
            ],
            [
              118.6893549,
              32.0277179
            ],
            [
              118.6887397,
              32.0277092
            ],
            [
              118.6887372,
              32.0278409
            ]
          ]
        ]
      },
      "properties": {
        "id": "osm-building-885073790",
        "name": {
          "zh": null,
          "en": null
        },
        "category": "apartments",
        "source": "OpenStreetMap",
        "sourceId": 885073790,
        "sourceCrs": "EPSG:4326",
        "areaM2": 845,
        "lod": 0,
        "status": "existing",
        "heightM": 13.6,
        "levels": 4,
        "heightMethod": "footprint-area-estimate",
        "confidence": "estimated"
      }
    },
    {
      "type": "Feature",
      "id": "osm-building-885073791",
      "geometry": {
        "type": "Polygon",
        "coordinates": [
          [
            [
              118.6883519,
              32.0273023
            ],
            [
              118.688967,
              32.0273109
            ],
            [
              118.6889696,
              32.0271792
            ],
            [
              118.6883545,
              32.0271705
            ],
            [
              118.6883519,
              32.0273023
            ]
          ]
        ]
      },
      "properties": {
        "id": "osm-building-885073791",
        "name": {
          "zh": null,
          "en": null
        },
        "category": "apartments",
        "source": "OpenStreetMap",
        "sourceId": 885073791,
        "sourceCrs": "EPSG:4326",
        "areaM2": 846,
        "lod": 0,
        "status": "existing",
        "heightM": 13.6,
        "levels": 4,
        "heightMethod": "footprint-area-estimate",
        "confidence": "estimated"
      }
    },
    {
      "type": "Feature",
      "id": "osm-building-885073792",
      "geometry": {
        "type": "Polygon",
        "coordinates": [
          [
            [
              118.6879464,
              32.0267809
            ],
            [
              118.6885615,
              32.0267895
            ],
            [
              118.6885641,
              32.0266578
            ],
            [
              118.687949,
              32.0266491
            ],
            [
              118.6879464,
              32.0267809
            ]
          ]
        ]
      },
      "properties": {
        "id": "osm-building-885073792",
        "name": {
          "zh": null,
          "en": null
        },
        "category": "apartments",
        "source": "OpenStreetMap",
        "sourceId": 885073792,
        "sourceCrs": "EPSG:4326",
        "areaM2": 846,
        "lod": 0,
        "status": "existing",
        "heightM": 13.6,
        "levels": 4,
        "heightMethod": "footprint-area-estimate",
        "confidence": "estimated"
      }
    },
    {
      "type": "Feature",
      "id": "osm-building-885073793",
      "geometry": {
        "type": "Polygon",
        "coordinates": [
          [
            [
              118.6884263,
              32.0264887
            ],
            [
              118.6890414,
              32.0264972
            ],
            [
              118.689044,
              32.0263656
            ],
            [
              118.6884288,
              32.0263569
            ],
            [
              118.6884263,
              32.0264887
            ]
          ]
        ]
      },
      "properties": {
        "id": "osm-building-885073793",
        "name": {
          "zh": null,
          "en": null
        },
        "category": "apartments",
        "source": "OpenStreetMap",
        "sourceId": 885073793,
        "sourceCrs": "EPSG:4326",
        "areaM2": 845,
        "lod": 0,
        "status": "existing",
        "heightM": 13.6,
        "levels": 4,
        "heightMethod": "footprint-area-estimate",
        "confidence": "estimated"
      }
    },
    {
      "type": "Feature",
      "id": "osm-building-885073794",
      "geometry": {
        "type": "Polygon",
        "coordinates": [
          [
            [
              118.6888453,
              32.0269814
            ],
            [
              118.6894604,
              32.02699
            ],
            [
              118.689463,
              32.0268584
            ],
            [
              118.6888479,
              32.0268497
            ],
            [
              118.6888453,
              32.0269814
            ]
          ]
        ]
      },
      "properties": {
        "id": "osm-building-885073794",
        "name": {
          "zh": null,
          "en": null
        },
        "category": "apartments",
        "source": "OpenStreetMap",
        "sourceId": 885073794,
        "sourceCrs": "EPSG:4326",
        "areaM2": 845,
        "lod": 0,
        "status": "existing",
        "heightM": 13.6,
        "levels": 4,
        "heightMethod": "footprint-area-estimate",
        "confidence": "estimated"
      }
    },
    {
      "type": "Feature",
      "id": "osm-building-885073795",
      "geometry": {
        "type": "Polygon",
        "coordinates": [
          [
            [
              118.6894941,
              32.0272565
            ],
            [
              118.6901093,
              32.0272651
            ],
            [
              118.6901118,
              32.0271334
            ],
            [
              118.6894967,
              32.0271247
            ],
            [
              118.6894941,
              32.0272565
            ]
          ]
        ]
      },
      "properties": {
        "id": "osm-building-885073795",
        "name": {
          "zh": null,
          "en": null
        },
        "category": "apartments",
        "source": "OpenStreetMap",
        "sourceId": 885073795,
        "sourceCrs": "EPSG:4326",
        "areaM2": 846,
        "lod": 0,
        "status": "existing",
        "heightM": 13.6,
        "levels": 4,
        "heightMethod": "footprint-area-estimate",
        "confidence": "estimated"
      }
    },
    {
      "type": "Feature",
      "id": "osm-building-885073796",
      "geometry": {
        "type": "Polygon",
        "coordinates": [
          [
            [
              118.6891875,
              32.0275565
            ],
            [
              118.6896471,
              32.0275524
            ],
            [
              118.6896456,
              32.0274244
            ],
            [
              118.6891859,
              32.0274284
            ],
            [
              118.6891875,
              32.0275565
            ]
          ]
        ]
      },
      "properties": {
        "id": "osm-building-885073796",
        "name": {
          "zh": null,
          "en": null
        },
        "category": "apartments",
        "source": "OpenStreetMap",
        "sourceId": 885073796,
        "sourceCrs": "EPSG:4326",
        "areaM2": 614,
        "lod": 0,
        "status": "existing",
        "heightM": 13.6,
        "levels": 4,
        "heightMethod": "footprint-area-estimate",
        "confidence": "estimated"
      }
    },
    {
      "type": "Feature",
      "id": "osm-building-885073797",
      "geometry": {
        "type": "Polygon",
        "coordinates": [
          [
            [
              118.6892892,
              32.0266325
            ],
            [
              118.6897489,
              32.0266284
            ],
            [
              118.6897473,
              32.0265004
            ],
            [
              118.6892876,
              32.0265044
            ],
            [
              118.6892892,
              32.0266325
            ]
          ]
        ]
      },
      "properties": {
        "id": "osm-building-885073797",
        "name": {
          "zh": null,
          "en": null
        },
        "category": "apartments",
        "source": "OpenStreetMap",
        "sourceId": 885073797,
        "sourceCrs": "EPSG:4326",
        "areaM2": 614,
        "lod": 0,
        "status": "existing",
        "heightM": 13.6,
        "levels": 4,
        "heightMethod": "footprint-area-estimate",
        "confidence": "estimated"
      }
    },
    {
      "type": "Feature",
      "id": "osm-building-885073798",
      "geometry": {
        "type": "Polygon",
        "coordinates": [
          [
            [
              118.6889784,
              32.0261958
            ],
            [
              118.6894381,
              32.0261916
            ],
            [
              118.6894365,
              32.0260636
            ],
            [
              118.6889768,
              32.0260677
            ],
            [
              118.6889784,
              32.0261958
            ]
          ]
        ]
      },
      "properties": {
        "id": "osm-building-885073798",
        "name": {
          "zh": null,
          "en": null
        },
        "category": "apartments",
        "source": "OpenStreetMap",
        "sourceId": 885073798,
        "sourceCrs": "EPSG:4326",
        "areaM2": 614,
        "lod": 0,
        "status": "existing",
        "heightM": 13.6,
        "levels": 4,
        "heightMethod": "footprint-area-estimate",
        "confidence": "estimated"
      }
    },
    {
      "type": "Feature",
      "id": "osm-building-885073799",
      "geometry": {
        "type": "Polygon",
        "coordinates": [
          [
            [
              118.6881226,
              32.0260622
            ],
            [
              118.6885823,
              32.0260581
            ],
            [
              118.6885807,
              32.0259301
            ],
            [
              118.688121,
              32.0259341
            ],
            [
              118.6881226,
              32.0260622
            ]
          ]
        ]
      },
      "properties": {
        "id": "osm-building-885073799",
        "name": {
          "zh": null,
          "en": null
        },
        "category": "apartments",
        "source": "OpenStreetMap",
        "sourceId": 885073799,
        "sourceCrs": "EPSG:4326",
        "areaM2": 614,
        "lod": 0,
        "status": "existing",
        "heightM": 13.6,
        "levels": 4,
        "heightMethod": "footprint-area-estimate",
        "confidence": "estimated"
      }
    },
    {
      "type": "Feature",
      "id": "osm-building-885073800",
      "geometry": {
        "type": "Polygon",
        "coordinates": [
          [
            [
              118.6875606,
              32.0263871
            ],
            [
              118.6880202,
              32.026383
            ],
            [
              118.6880187,
              32.0262549
            ],
            [
              118.687559,
              32.026259
            ],
            [
              118.6875606,
              32.0263871
            ]
          ]
        ]
      },
      "properties": {
        "id": "osm-building-885073800",
        "name": {
          "zh": null,
          "en": null
        },
        "category": "apartments",
        "source": "OpenStreetMap",
        "sourceId": 885073800,
        "sourceCrs": "EPSG:4326",
        "areaM2": 614,
        "lod": 0,
        "status": "existing",
        "heightM": 13.6,
        "levels": 4,
        "heightMethod": "footprint-area-estimate",
        "confidence": "estimated"
      }
    },
    {
      "type": "Feature",
      "id": "osm-building-885073801",
      "geometry": {
        "type": "Polygon",
        "coordinates": [
          [
            [
              118.6885503,
              32.0257847
            ],
            [
              118.68901,
              32.0257806
            ],
            [
              118.6890084,
              32.0256526
            ],
            [
              118.6885487,
              32.0256567
            ],
            [
              118.6885503,
              32.0257847
            ]
          ]
        ]
      },
      "properties": {
        "id": "osm-building-885073801",
        "name": {
          "zh": null,
          "en": null
        },
        "category": "apartments",
        "source": "OpenStreetMap",
        "sourceId": 885073801,
        "sourceCrs": "EPSG:4326",
        "areaM2": 614,
        "lod": 0,
        "status": "existing",
        "heightM": 13.6,
        "levels": 4,
        "heightMethod": "footprint-area-estimate",
        "confidence": "estimated"
      }
    },
    {
      "type": "Feature",
      "id": "osm-building-885073802",
      "geometry": {
        "type": "Polygon",
        "coordinates": [
          [
            [
              118.6903954,
              32.0296495
            ],
            [
              118.6906461,
              32.0296517
            ],
            [
              118.6906481,
              32.0294799
            ],
            [
              118.6909861,
              32.0294827
            ],
            [
              118.6909877,
              32.0293424
            ],
            [
              118.6906831,
              32.0293399
            ],
            [
              118.6906857,
              32.0291181
            ],
            [
              118.6909516,
              32.0291203
            ],
            [
              118.6909508,
              32.029186
            ],
            [
              118.6912063,
              32.0291882
            ],
            [
              118.6912077,
              32.029069
            ],
            [
              118.6910013,
              32.0290673
            ],
            [
              118.6910023,
              32.0289758
            ],
            [
              118.6901344,
              32.0289687
            ],
            [
              118.690132,
              32.0291718
            ],
            [
              118.6906322,
              32.0291759
            ],
            [
              118.6906318,
              32.0292071
            ],
            [
              118.6905318,
              32.0292063
            ],
            [
              118.6905308,
              32.0292863
            ],
            [
              118.6906392,
              32.0292872
            ],
            [
              118.6906384,
              32.0293572
            ],
            [
              118.6903989,
              32.0293551
            ],
            [
              118.6903954,
              32.0296495
            ]
          ]
        ]
      },
      "properties": {
        "id": "osm-building-885073802",
        "name": {
          "zh": null,
          "en": null
        },
        "category": "yes",
        "source": "OpenStreetMap",
        "sourceId": 885073802,
        "sourceCrs": "EPSG:4326",
        "areaM2": 3374,
        "lod": 0,
        "status": "existing",
        "heightM": 23.8,
        "levels": 7,
        "heightMethod": "footprint-area-estimate",
        "confidence": "estimated"
      }
    },
    {
      "type": "Feature",
      "id": "osm-building-885073803",
      "geometry": {
        "type": "Polygon",
        "coordinates": [
          [
            [
              118.6900567,
              32.0287817
            ],
            [
              118.6908277,
              32.0287698
            ],
            [
              118.6908226,
              32.0285329
            ],
            [
              118.6905911,
              32.0285365
            ],
            [
              118.6905936,
              32.0286505
            ],
            [
              118.6903261,
              32.0286547
            ],
            [
              118.6903252,
              32.0286146
            ],
            [
              118.6900532,
              32.0286188
            ],
            [
              118.6900567,
              32.0287817
            ]
          ]
        ]
      },
      "properties": {
        "id": "osm-building-885073803",
        "name": {
          "zh": null,
          "en": null
        },
        "category": "yes",
        "source": "OpenStreetMap",
        "sourceId": 885073803,
        "sourceCrs": "EPSG:4326",
        "areaM2": 1378,
        "lod": 0,
        "status": "existing",
        "heightM": 17,
        "levels": 5,
        "heightMethod": "footprint-area-estimate",
        "confidence": "estimated"
      }
    },
    {
      "type": "Feature",
      "id": "osm-building-885073804",
      "geometry": {
        "type": "Polygon",
        "coordinates": [
          [
            [
              118.6905062,
              32.0302695
            ],
            [
              118.6906725,
              32.030476
            ],
            [
              118.6909495,
              32.0303156
            ],
            [
              118.6911352,
              32.0305462
            ],
            [
              118.6920338,
              32.0300261
            ],
            [
              118.6916731,
              32.0295783
            ],
            [
              118.6912656,
              32.0298142
            ],
            [
              118.6914805,
              32.0300809
            ],
            [
              118.6912048,
              32.0302406
            ],
            [
              118.6909985,
              32.0299845
            ],
            [
              118.6905062,
              32.0302695
            ]
          ]
        ]
      },
      "properties": {
        "id": "osm-building-885073804",
        "name": {
          "zh": null,
          "en": null
        },
        "category": "yes",
        "source": "OpenStreetMap",
        "sourceId": 885073804,
        "sourceCrs": "EPSG:4326",
        "areaM2": 5869,
        "lod": 0,
        "status": "existing",
        "heightM": 23.8,
        "levels": 7,
        "heightMethod": "footprint-area-estimate",
        "confidence": "estimated"
      }
    },
    {
      "type": "Feature",
      "id": "osm-building-885073807",
      "geometry": {
        "type": "Polygon",
        "coordinates": [
          [
            [
              118.7003231,
              32.0455902
            ],
            [
              118.7009032,
              32.0452854
            ],
            [
              118.7008438,
              32.0452042
            ],
            [
              118.7002637,
              32.0455091
            ],
            [
              118.7003231,
              32.0455902
            ]
          ]
        ]
      },
      "properties": {
        "id": "osm-building-885073807",
        "name": {
          "zh": null,
          "en": null
        },
        "category": "apartments",
        "source": "OpenStreetMap",
        "sourceId": 885073807,
        "sourceCrs": "EPSG:4326",
        "areaM2": 680,
        "lod": 0,
        "status": "existing",
        "heightM": 13.6,
        "levels": 4,
        "heightMethod": "footprint-area-estimate",
        "confidence": "estimated"
      }
    },
    {
      "type": "Feature",
      "id": "osm-building-885073808",
      "geometry": {
        "type": "Polygon",
        "coordinates": [
          [
            [
              118.7001368,
              32.0453541
            ],
            [
              118.7007169,
              32.0450493
            ],
            [
              118.7006575,
              32.0449681
            ],
            [
              118.7000775,
              32.045273
            ],
            [
              118.7001368,
              32.0453541
            ]
          ]
        ]
      },
      "properties": {
        "id": "osm-building-885073808",
        "name": {
          "zh": null,
          "en": null
        },
        "category": "apartments",
        "source": "OpenStreetMap",
        "sourceId": 885073808,
        "sourceCrs": "EPSG:4326",
        "areaM2": 680,
        "lod": 0,
        "status": "existing",
        "heightM": 13.6,
        "levels": 4,
        "heightMethod": "footprint-area-estimate",
        "confidence": "estimated"
      }
    },
    {
      "type": "Feature",
      "id": "osm-building-885073809",
      "geometry": {
        "type": "Polygon",
        "coordinates": [
          [
            [
              118.6999623,
              32.045134
            ],
            [
              118.7005424,
              32.0448292
            ],
            [
              118.700483,
              32.044748
            ],
            [
              118.6999029,
              32.0450529
            ],
            [
              118.6999623,
              32.045134
            ]
          ]
        ]
      },
      "properties": {
        "id": "osm-building-885073809",
        "name": {
          "zh": null,
          "en": null
        },
        "category": "apartments",
        "source": "OpenStreetMap",
        "sourceId": 885073809,
        "sourceCrs": "EPSG:4326",
        "areaM2": 680,
        "lod": 0,
        "status": "existing",
        "heightM": 13.6,
        "levels": 4,
        "heightMethod": "footprint-area-estimate",
        "confidence": "estimated"
      }
    },
    {
      "type": "Feature",
      "id": "osm-building-885073810",
      "geometry": {
        "type": "Polygon",
        "coordinates": [
          [
            [
              118.699809,
              32.0449175
            ],
            [
              118.7003891,
              32.0446127
            ],
            [
              118.7003297,
              32.0445314
            ],
            [
              118.6997496,
              32.0448363
            ],
            [
              118.699809,
              32.0449175
            ]
          ]
        ]
      },
      "properties": {
        "id": "osm-building-885073810",
        "name": {
          "zh": null,
          "en": null
        },
        "category": "apartments",
        "source": "OpenStreetMap",
        "sourceId": 885073810,
        "sourceCrs": "EPSG:4326",
        "areaM2": 680,
        "lod": 0,
        "status": "existing",
        "heightM": 13.6,
        "levels": 4,
        "heightMethod": "footprint-area-estimate",
        "confidence": "estimated"
      }
    },
    {
      "type": "Feature",
      "id": "osm-building-885073811",
      "geometry": {
        "type": "Polygon",
        "coordinates": [
          [
            [
              118.69966,
              32.0447117
            ],
            [
              118.7002401,
              32.0444069
            ],
            [
              118.7001807,
              32.0443257
            ],
            [
              118.6996006,
              32.0446306
            ],
            [
              118.69966,
              32.0447117
            ]
          ]
        ]
      },
      "properties": {
        "id": "osm-building-885073811",
        "name": {
          "zh": null,
          "en": null
        },
        "category": "apartments",
        "source": "OpenStreetMap",
        "sourceId": 885073811,
        "sourceCrs": "EPSG:4326",
        "areaM2": 680,
        "lod": 0,
        "status": "existing",
        "heightM": 13.6,
        "levels": 4,
        "heightMethod": "footprint-area-estimate",
        "confidence": "estimated"
      }
    },
    {
      "type": "Feature",
      "id": "osm-building-885073812",
      "geometry": {
        "type": "Polygon",
        "coordinates": [
          [
            [
              118.6995152,
              32.0444916
            ],
            [
              118.7000953,
              32.0441868
            ],
            [
              118.7000359,
              32.0441056
            ],
            [
              118.6994559,
              32.0444105
            ],
            [
              118.6995152,
              32.0444916
            ]
          ]
        ]
      },
      "properties": {
        "id": "osm-building-885073812",
        "name": {
          "zh": null,
          "en": null
        },
        "category": "apartments",
        "source": "OpenStreetMap",
        "sourceId": 885073812,
        "sourceCrs": "EPSG:4326",
        "areaM2": 680,
        "lod": 0,
        "status": "existing",
        "heightM": 13.6,
        "levels": 4,
        "heightMethod": "footprint-area-estimate",
        "confidence": "estimated"
      }
    },
    {
      "type": "Feature",
      "id": "osm-building-885073813",
      "geometry": {
        "type": "Polygon",
        "coordinates": [
          [
            [
              118.6991363,
              32.0439899
            ],
            [
              118.6997164,
              32.0436851
            ],
            [
              118.699657,
              32.0436039
            ],
            [
              118.6990769,
              32.0439088
            ],
            [
              118.6991363,
              32.0439899
            ]
          ]
        ]
      },
      "properties": {
        "id": "osm-building-885073813",
        "name": {
          "zh": null,
          "en": null
        },
        "category": "apartments",
        "source": "OpenStreetMap",
        "sourceId": 885073813,
        "sourceCrs": "EPSG:4326",
        "areaM2": 680,
        "lod": 0,
        "status": "existing",
        "heightM": 13.6,
        "levels": 4,
        "heightMethod": "footprint-area-estimate",
        "confidence": "estimated"
      }
    },
    {
      "type": "Feature",
      "id": "osm-building-885073814",
      "geometry": {
        "type": "Polygon",
        "coordinates": [
          [
            [
              118.6989497,
              32.0437536
            ],
            [
              118.6995298,
              32.0434488
            ],
            [
              118.6994704,
              32.0433676
            ],
            [
              118.6988903,
              32.0436725
            ],
            [
              118.6989497,
              32.0437536
            ]
          ]
        ]
      },
      "properties": {
        "id": "osm-building-885073814",
        "name": {
          "zh": null,
          "en": null
        },
        "category": "apartments",
        "source": "OpenStreetMap",
        "sourceId": 885073814,
        "sourceCrs": "EPSG:4326",
        "areaM2": 680,
        "lod": 0,
        "status": "existing",
        "heightM": 13.6,
        "levels": 4,
        "heightMethod": "footprint-area-estimate",
        "confidence": "estimated"
      }
    },
    {
      "type": "Feature",
      "id": "osm-building-885073815",
      "geometry": {
        "type": "Polygon",
        "coordinates": [
          [
            [
              118.6985968,
              32.0432997
            ],
            [
              118.6991769,
              32.0429949
            ],
            [
              118.6991175,
              32.0429136
            ],
            [
              118.6985375,
              32.0432185
            ],
            [
              118.6985968,
              32.0432997
            ]
          ]
        ]
      },
      "properties": {
        "id": "osm-building-885073815",
        "name": {
          "zh": null,
          "en": null
        },
        "category": "apartments",
        "source": "OpenStreetMap",
        "sourceId": 885073815,
        "sourceCrs": "EPSG:4326",
        "areaM2": 680,
        "lod": 0,
        "status": "existing",
        "heightM": 13.6,
        "levels": 4,
        "heightMethod": "footprint-area-estimate",
        "confidence": "estimated"
      }
    },
    {
      "type": "Feature",
      "id": "osm-building-885073816",
      "geometry": {
        "type": "Polygon",
        "coordinates": [
          [
            [
              118.6984605,
              32.0430795
            ],
            [
              118.6990407,
              32.0427747
            ],
            [
              118.6989812,
              32.0426935
            ],
            [
              118.6984012,
              32.0429984
            ],
            [
              118.6984605,
              32.0430795
            ]
          ]
        ]
      },
      "properties": {
        "id": "osm-building-885073816",
        "name": {
          "zh": null,
          "en": null
        },
        "category": "apartments",
        "source": "OpenStreetMap",
        "sourceId": 885073816,
        "sourceCrs": "EPSG:4326",
        "areaM2": 680,
        "lod": 0,
        "status": "existing",
        "heightM": 13.6,
        "levels": 4,
        "heightMethod": "footprint-area-estimate",
        "confidence": "estimated"
      }
    },
    {
      "type": "Feature",
      "id": "osm-building-885073817",
      "geometry": {
        "type": "Polygon",
        "coordinates": [
          [
            [
              118.6983158,
              32.0428918
            ],
            [
              118.6988959,
              32.042587
            ],
            [
              118.6988365,
              32.0425058
            ],
            [
              118.6982564,
              32.0428107
            ],
            [
              118.6983158,
              32.0428918
            ]
          ]
        ]
      },
      "properties": {
        "id": "osm-building-885073817",
        "name": {
          "zh": null,
          "en": null
        },
        "category": "apartments",
        "source": "OpenStreetMap",
        "sourceId": 885073817,
        "sourceCrs": "EPSG:4326",
        "areaM2": 680,
        "lod": 0,
        "status": "existing",
        "heightM": 13.6,
        "levels": 4,
        "heightMethod": "footprint-area-estimate",
        "confidence": "estimated"
      }
    },
    {
      "type": "Feature",
      "id": "osm-building-885073818",
      "geometry": {
        "type": "Polygon",
        "coordinates": [
          [
            [
              118.6987927,
              32.0435379
            ],
            [
              118.6993728,
              32.0432331
            ],
            [
              118.6993133,
              32.0431518
            ],
            [
              118.6987333,
              32.0434567
            ],
            [
              118.6987927,
              32.0435379
            ]
          ]
        ]
      },
      "properties": {
        "id": "osm-building-885073818",
        "name": {
          "zh": null,
          "en": null
        },
        "category": "apartments",
        "source": "OpenStreetMap",
        "sourceId": 885073818,
        "sourceCrs": "EPSG:4326",
        "areaM2": 681,
        "lod": 0,
        "status": "existing",
        "heightM": 13.6,
        "levels": 4,
        "heightMethod": "footprint-area-estimate",
        "confidence": "estimated"
      }
    },
    {
      "type": "Feature",
      "id": "osm-building-885073821",
      "geometry": {
        "type": "Polygon",
        "coordinates": [
          [
            [
              118.7041715,
              32.0447456
            ],
            [
              118.7040689,
              32.04462
            ],
            [
              118.7045946,
              32.0443114
            ],
            [
              118.7046972,
              32.044437
            ],
            [
              118.7041715,
              32.0447456
            ]
          ]
        ]
      },
      "properties": {
        "id": "osm-building-885073821",
        "name": {
          "zh": null,
          "en": null
        },
        "category": "apartments",
        "source": "OpenStreetMap",
        "sourceId": 885073821,
        "sourceCrs": "EPSG:4326",
        "areaM2": 1019,
        "lod": 0,
        "status": "existing",
        "heightM": 13.6,
        "levels": 4,
        "heightMethod": "footprint-area-estimate",
        "confidence": "estimated"
      }
    },
    {
      "type": "Feature",
      "id": "osm-building-885073825",
      "geometry": {
        "type": "Polygon",
        "coordinates": [
          [
            [
              118.7021302,
              32.044199
            ],
            [
              118.702053,
              32.0440764
            ],
            [
              118.7025268,
              32.0438623
            ],
            [
              118.7026039,
              32.0439848
            ],
            [
              118.7021302,
              32.044199
            ]
          ]
        ]
      },
      "properties": {
        "id": "osm-building-885073825",
        "name": {
          "zh": null,
          "en": null
        },
        "category": "apartments",
        "source": "OpenStreetMap",
        "sourceId": 885073825,
        "sourceCrs": "EPSG:4326",
        "areaM2": 778,
        "lod": 0,
        "status": "existing",
        "heightM": 13.6,
        "levels": 4,
        "heightMethod": "footprint-area-estimate",
        "confidence": "estimated"
      }
    },
    {
      "type": "Feature",
      "id": "osm-building-885073826",
      "geometry": {
        "type": "Polygon",
        "coordinates": [
          [
            [
              118.7019237,
              32.0439603
            ],
            [
              118.7018465,
              32.0438377
            ],
            [
              118.7023202,
              32.0436235
            ],
            [
              118.7023974,
              32.0437461
            ],
            [
              118.7019237,
              32.0439603
            ]
          ]
        ]
      },
      "properties": {
        "id": "osm-building-885073826",
        "name": {
          "zh": null,
          "en": null
        },
        "category": "apartments",
        "source": "OpenStreetMap",
        "sourceId": 885073826,
        "sourceCrs": "EPSG:4326",
        "areaM2": 778,
        "lod": 0,
        "status": "existing",
        "heightM": 13.6,
        "levels": 4,
        "heightMethod": "footprint-area-estimate",
        "confidence": "estimated"
      }
    },
    {
      "type": "Feature",
      "id": "osm-building-885073827",
      "geometry": {
        "type": "Polygon",
        "coordinates": [
          [
            [
              118.7023126,
              32.0444128
            ],
            [
              118.7022354,
              32.0442901
            ],
            [
              118.7027092,
              32.044076
            ],
            [
              118.7027863,
              32.0441985
            ],
            [
              118.7023126,
              32.0444128
            ]
          ]
        ]
      },
      "properties": {
        "id": "osm-building-885073827",
        "name": {
          "zh": null,
          "en": null
        },
        "category": "apartments",
        "source": "OpenStreetMap",
        "sourceId": 885073827,
        "sourceCrs": "EPSG:4326",
        "areaM2": 778,
        "lod": 0,
        "status": "existing",
        "heightM": 13.6,
        "levels": 4,
        "heightMethod": "footprint-area-estimate",
        "confidence": "estimated"
      }
    },
    {
      "type": "Feature",
      "id": "osm-building-885073828",
      "geometry": {
        "type": "Polygon",
        "coordinates": [
          [
            [
              118.7024762,
              32.0446742
            ],
            [
              118.702399,
              32.0445516
            ],
            [
              118.7028728,
              32.0443374
            ],
            [
              118.7029499,
              32.04446
            ],
            [
              118.7024762,
              32.0446742
            ]
          ]
        ]
      },
      "properties": {
        "id": "osm-building-885073828",
        "name": {
          "zh": null,
          "en": null
        },
        "category": "apartments",
        "source": "OpenStreetMap",
        "sourceId": 885073828,
        "sourceCrs": "EPSG:4326",
        "areaM2": 778,
        "lod": 0,
        "status": "existing",
        "heightM": 13.6,
        "levels": 4,
        "heightMethod": "footprint-area-estimate",
        "confidence": "estimated"
      }
    },
    {
      "type": "Feature",
      "id": "osm-building-885073829",
      "geometry": {
        "type": "Polygon",
        "coordinates": [
          [
            [
              118.7026939,
              32.0449245
            ],
            [
              118.7026167,
              32.0448019
            ],
            [
              118.7030904,
              32.0445878
            ],
            [
              118.7031676,
              32.0447103
            ],
            [
              118.7026939,
              32.0449245
            ]
          ]
        ]
      },
      "properties": {
        "id": "osm-building-885073829",
        "name": {
          "zh": null,
          "en": null
        },
        "category": "apartments",
        "source": "OpenStreetMap",
        "sourceId": 885073829,
        "sourceCrs": "EPSG:4326",
        "areaM2": 778,
        "lod": 0,
        "status": "existing",
        "heightM": 13.6,
        "levels": 4,
        "heightMethod": "footprint-area-estimate",
        "confidence": "estimated"
      }
    },
    {
      "type": "Feature",
      "id": "osm-building-885073830",
      "geometry": {
        "type": "Polygon",
        "coordinates": [
          [
            [
              118.7028436,
              32.0451676
            ],
            [
              118.7027664,
              32.045045
            ],
            [
              118.7032402,
              32.0448308
            ],
            [
              118.7033173,
              32.0449534
            ],
            [
              118.7028436,
              32.0451676
            ]
          ]
        ]
      },
      "properties": {
        "id": "osm-building-885073830",
        "name": {
          "zh": null,
          "en": null
        },
        "category": "apartments",
        "source": "OpenStreetMap",
        "sourceId": 885073830,
        "sourceCrs": "EPSG:4326",
        "areaM2": 778,
        "lod": 0,
        "status": "existing",
        "heightM": 13.6,
        "levels": 4,
        "heightMethod": "footprint-area-estimate",
        "confidence": "estimated"
      }
    },
    {
      "type": "Feature",
      "id": "osm-building-885073831",
      "geometry": {
        "type": "Polygon",
        "coordinates": [
          [
            [
              118.7022074,
              32.0455511
            ],
            [
              118.7021249,
              32.0454332
            ],
            [
              118.7026895,
              32.0451496
            ],
            [
              118.7027719,
              32.0452674
            ],
            [
              118.7022074,
              32.0455511
            ]
          ]
        ]
      },
      "properties": {
        "id": "osm-building-885073831",
        "name": {
          "zh": null,
          "en": null
        },
        "category": "apartments",
        "source": "OpenStreetMap",
        "sourceId": 885073831,
        "sourceCrs": "EPSG:4326",
        "areaM2": 938,
        "lod": 0,
        "status": "existing",
        "heightM": 13.6,
        "levels": 4,
        "heightMethod": "footprint-area-estimate",
        "confidence": "estimated"
      }
    },
    {
      "type": "Feature",
      "id": "osm-building-885073832",
      "geometry": {
        "type": "Polygon",
        "coordinates": [
          [
            [
              118.7020479,
              32.0453147
            ],
            [
              118.7019655,
              32.0451968
            ],
            [
              118.70253,
              32.0449132
            ],
            [
              118.7026124,
              32.045031
            ],
            [
              118.7020479,
              32.0453147
            ]
          ]
        ]
      },
      "properties": {
        "id": "osm-building-885073832",
        "name": {
          "zh": null,
          "en": null
        },
        "category": "apartments",
        "source": "OpenStreetMap",
        "sourceId": 885073832,
        "sourceCrs": "EPSG:4326",
        "areaM2": 938,
        "lod": 0,
        "status": "existing",
        "heightM": 13.6,
        "levels": 4,
        "heightMethod": "footprint-area-estimate",
        "confidence": "estimated"
      }
    },
    {
      "type": "Feature",
      "id": "osm-building-885073833",
      "geometry": {
        "type": "Polygon",
        "coordinates": [
          [
            [
              118.7018393,
              32.0451072
            ],
            [
              118.7017569,
              32.0449893
            ],
            [
              118.7023214,
              32.0447057
            ],
            [
              118.7024038,
              32.0448234
            ],
            [
              118.7018393,
              32.0451072
            ]
          ]
        ]
      },
      "properties": {
        "id": "osm-building-885073833",
        "name": {
          "zh": null,
          "en": null
        },
        "category": "apartments",
        "source": "OpenStreetMap",
        "sourceId": 885073833,
        "sourceCrs": "EPSG:4326",
        "areaM2": 937,
        "lod": 0,
        "status": "existing",
        "heightM": 13.6,
        "levels": 4,
        "heightMethod": "footprint-area-estimate",
        "confidence": "estimated"
      }
    },
    {
      "type": "Feature",
      "id": "osm-building-885073834",
      "geometry": {
        "type": "Polygon",
        "coordinates": [
          [
            [
              118.7016941,
              32.0448712
            ],
            [
              118.7016117,
              32.0447533
            ],
            [
              118.7021762,
              32.0444696
            ],
            [
              118.7022586,
              32.0445874
            ],
            [
              118.7016941,
              32.0448712
            ]
          ]
        ]
      },
      "properties": {
        "id": "osm-building-885073834",
        "name": {
          "zh": null,
          "en": null
        },
        "category": "apartments",
        "source": "OpenStreetMap",
        "sourceId": 885073834,
        "sourceCrs": "EPSG:4326",
        "areaM2": 938,
        "lod": 0,
        "status": "existing",
        "heightM": 13.6,
        "levels": 4,
        "heightMethod": "footprint-area-estimate",
        "confidence": "estimated"
      }
    },
    {
      "type": "Feature",
      "id": "osm-building-885073835",
      "geometry": {
        "type": "Polygon",
        "coordinates": [
          [
            [
              118.7015387,
              32.0446492
            ],
            [
              118.7014563,
              32.0445313
            ],
            [
              118.7020208,
              32.0442477
            ],
            [
              118.7021032,
              32.0443655
            ],
            [
              118.7015387,
              32.0446492
            ]
          ]
        ]
      },
      "properties": {
        "id": "osm-building-885073835",
        "name": {
          "zh": null,
          "en": null
        },
        "category": "apartments",
        "source": "OpenStreetMap",
        "sourceId": 885073835,
        "sourceCrs": "EPSG:4326",
        "areaM2": 938,
        "lod": 0,
        "status": "existing",
        "heightM": 13.6,
        "levels": 4,
        "heightMethod": "footprint-area-estimate",
        "confidence": "estimated"
      }
    },
    {
      "type": "Feature",
      "id": "osm-building-885073836",
      "geometry": {
        "type": "Polygon",
        "coordinates": [
          [
            [
              118.7013477,
              32.0444491
            ],
            [
              118.7012653,
              32.0443312
            ],
            [
              118.7018298,
              32.0440476
            ],
            [
              118.7019122,
              32.0441654
            ],
            [
              118.7013477,
              32.0444491
            ]
          ]
        ]
      },
      "properties": {
        "id": "osm-building-885073836",
        "name": {
          "zh": null,
          "en": null
        },
        "category": "apartments",
        "source": "OpenStreetMap",
        "sourceId": 885073836,
        "sourceCrs": "EPSG:4326",
        "areaM2": 938,
        "lod": 0,
        "status": "existing",
        "heightM": 13.6,
        "levels": 4,
        "heightMethod": "footprint-area-estimate",
        "confidence": "estimated"
      }
    },
    {
      "type": "Feature",
      "id": "osm-building-885073837",
      "geometry": {
        "type": "Polygon",
        "coordinates": [
          [
            [
              118.7012504,
              32.0442212
            ],
            [
              118.7011636,
              32.0441049
            ],
            [
              118.7015862,
              32.0438782
            ],
            [
              118.7016731,
              32.0439945
            ],
            [
              118.7012504,
              32.0442212
            ]
          ]
        ]
      },
      "properties": {
        "id": "osm-building-885073837",
        "name": {
          "zh": null,
          "en": null
        },
        "category": "apartments",
        "source": "OpenStreetMap",
        "sourceId": 885073837,
        "sourceCrs": "EPSG:4326",
        "areaM2": 718,
        "lod": 0,
        "status": "existing",
        "heightM": 13.6,
        "levels": 4,
        "heightMethod": "footprint-area-estimate",
        "confidence": "estimated"
      }
    },
    {
      "type": "Feature",
      "id": "osm-building-885073838",
      "geometry": {
        "type": "Polygon",
        "coordinates": [
          [
            [
              118.7010566,
              32.0439909
            ],
            [
              118.7009689,
              32.0438714
            ],
            [
              118.7012876,
              32.0437033
            ],
            [
              118.7013753,
              32.0438228
            ],
            [
              118.7010566,
              32.0439909
            ]
          ]
        ]
      },
      "properties": {
        "id": "osm-building-885073838",
        "name": {
          "zh": null,
          "en": null
        },
        "category": "residential",
        "source": "OpenStreetMap",
        "sourceId": 885073838,
        "sourceCrs": "EPSG:4326",
        "areaM2": 551,
        "lod": 0,
        "status": "existing",
        "heightM": 13.6,
        "levels": 4,
        "heightMethod": "footprint-area-estimate",
        "confidence": "estimated"
      }
    },
    {
      "type": "Feature",
      "id": "osm-building-885073839",
      "geometry": {
        "type": "Polygon",
        "coordinates": [
          [
            [
              118.7003733,
              32.0444037
            ],
            [
              118.7003014,
              32.0442934
            ],
            [
              118.7007809,
              32.0440686
            ],
            [
              118.7008529,
              32.0441789
            ],
            [
              118.7003733,
              32.0444037
            ]
          ]
        ]
      },
      "properties": {
        "id": "osm-building-885073839",
        "name": {
          "zh": null,
          "en": null
        },
        "category": "residential",
        "source": "OpenStreetMap",
        "sourceId": 885073839,
        "sourceCrs": "EPSG:4326",
        "areaM2": 720,
        "lod": 0,
        "status": "existing",
        "heightM": 13.6,
        "levels": 4,
        "heightMethod": "footprint-area-estimate",
        "confidence": "estimated"
      }
    },
    {
      "type": "Feature",
      "id": "osm-building-885073840",
      "geometry": {
        "type": "Polygon",
        "coordinates": [
          [
            [
              118.7005611,
              32.0446816
            ],
            [
              118.7004891,
              32.0445713
            ],
            [
              118.7009687,
              32.0443465
            ],
            [
              118.7010406,
              32.0444567
            ],
            [
              118.7005611,
              32.0446816
            ]
          ]
        ]
      },
      "properties": {
        "id": "osm-building-885073840",
        "name": {
          "zh": null,
          "en": null
        },
        "category": "residential",
        "source": "OpenStreetMap",
        "sourceId": 885073840,
        "sourceCrs": "EPSG:4326",
        "areaM2": 720,
        "lod": 0,
        "status": "existing",
        "heightM": 13.6,
        "levels": 4,
        "heightMethod": "footprint-area-estimate",
        "confidence": "estimated"
      }
    },
    {
      "type": "Feature",
      "id": "osm-building-885073841",
      "geometry": {
        "type": "Polygon",
        "coordinates": [
          [
            [
              118.7007706,
              32.044968
            ],
            [
              118.7006987,
              32.0448577
            ],
            [
              118.7011782,
              32.044633
            ],
            [
              118.7012502,
              32.0447432
            ],
            [
              118.7007706,
              32.044968
            ]
          ]
        ]
      },
      "properties": {
        "id": "osm-building-885073841",
        "name": {
          "zh": null,
          "en": null
        },
        "category": "residential",
        "source": "OpenStreetMap",
        "sourceId": 885073841,
        "sourceCrs": "EPSG:4326",
        "areaM2": 720,
        "lod": 0,
        "status": "existing",
        "heightM": 13.6,
        "levels": 4,
        "heightMethod": "footprint-area-estimate",
        "confidence": "estimated"
      }
    },
    {
      "type": "Feature",
      "id": "osm-building-885073842",
      "geometry": {
        "type": "Polygon",
        "coordinates": [
          [
            [
              118.7009968,
              32.0452383
            ],
            [
              118.7009248,
              32.0451279
            ],
            [
              118.7014044,
              32.0449032
            ],
            [
              118.7014763,
              32.0450134
            ],
            [
              118.7009968,
              32.0452383
            ]
          ]
        ]
      },
      "properties": {
        "id": "osm-building-885073842",
        "name": {
          "zh": null,
          "en": null
        },
        "category": "residential",
        "source": "OpenStreetMap",
        "sourceId": 885073842,
        "sourceCrs": "EPSG:4326",
        "areaM2": 720,
        "lod": 0,
        "status": "existing",
        "heightM": 13.6,
        "levels": 4,
        "heightMethod": "footprint-area-estimate",
        "confidence": "estimated"
      }
    },
    {
      "type": "Feature",
      "id": "osm-building-885073843",
      "geometry": {
        "type": "Polygon",
        "coordinates": [
          [
            [
              118.6998242,
              32.04362
            ],
            [
              118.699754,
              32.0435119
            ],
            [
              118.7001901,
              32.0433082
            ],
            [
              118.7002604,
              32.0434164
            ],
            [
              118.6998242,
              32.04362
            ]
          ]
        ]
      },
      "properties": {
        "id": "osm-building-885073843",
        "name": {
          "zh": null,
          "en": null
        },
        "category": "apartments",
        "source": "OpenStreetMap",
        "sourceId": 885073843,
        "sourceCrs": "EPSG:4326",
        "areaM2": 641,
        "lod": 0,
        "status": "existing",
        "heightM": 13.6,
        "levels": 4,
        "heightMethod": "footprint-area-estimate",
        "confidence": "estimated"
      }
    },
    {
      "type": "Feature",
      "id": "osm-building-885073844",
      "geometry": {
        "type": "Polygon",
        "coordinates": [
          [
            [
              118.699674,
              32.0433866
            ],
            [
              118.6996037,
              32.0432784
            ],
            [
              118.7000399,
              32.0430748
            ],
            [
              118.7001102,
              32.043183
            ],
            [
              118.699674,
              32.0433866
            ]
          ]
        ]
      },
      "properties": {
        "id": "osm-building-885073844",
        "name": {
          "zh": null,
          "en": null
        },
        "category": "apartments",
        "source": "OpenStreetMap",
        "sourceId": 885073844,
        "sourceCrs": "EPSG:4326",
        "areaM2": 642,
        "lod": 0,
        "status": "existing",
        "heightM": 13.6,
        "levels": 4,
        "heightMethod": "footprint-area-estimate",
        "confidence": "estimated"
      }
    },
    {
      "type": "Feature",
      "id": "osm-building-885073845",
      "geometry": {
        "type": "Polygon",
        "coordinates": [
          [
            [
              118.7011058,
              32.0428959
            ],
            [
              118.7010356,
              32.0427878
            ],
            [
              118.7014718,
              32.0425841
            ],
            [
              118.7015421,
              32.0426923
            ],
            [
              118.7011058,
              32.0428959
            ]
          ]
        ]
      },
      "properties": {
        "id": "osm-building-885073845",
        "name": {
          "zh": null,
          "en": null
        },
        "category": "apartments",
        "source": "OpenStreetMap",
        "sourceId": 885073845,
        "sourceCrs": "EPSG:4326",
        "areaM2": 641,
        "lod": 0,
        "status": "existing",
        "heightM": 13.6,
        "levels": 4,
        "heightMethod": "footprint-area-estimate",
        "confidence": "estimated"
      }
    },
    {
      "type": "Feature",
      "id": "osm-building-885073846",
      "geometry": {
        "type": "Polygon",
        "coordinates": [
          [
            [
              118.700956,
              32.0426285
            ],
            [
              118.7008857,
              32.0425204
            ],
            [
              118.7013219,
              32.0423167
            ],
            [
              118.7013922,
              32.0424249
            ],
            [
              118.700956,
              32.0426285
            ]
          ]
        ]
      },
      "properties": {
        "id": "osm-building-885073846",
        "name": {
          "zh": null,
          "en": null
        },
        "category": "apartments",
        "source": "OpenStreetMap",
        "sourceId": 885073846,
        "sourceCrs": "EPSG:4326",
        "areaM2": 641,
        "lod": 0,
        "status": "existing",
        "heightM": 13.6,
        "levels": 4,
        "heightMethod": "footprint-area-estimate",
        "confidence": "estimated"
      }
    },
    {
      "type": "Feature",
      "id": "osm-building-885073847",
      "geometry": {
        "type": "Polygon",
        "coordinates": [
          [
            [
              118.7008261,
              32.0424083
            ],
            [
              118.7007559,
              32.0423002
            ],
            [
              118.701192,
              32.0420965
            ],
            [
              118.7012623,
              32.0422047
            ],
            [
              118.7008261,
              32.0424083
            ]
          ]
        ]
      },
      "properties": {
        "id": "osm-building-885073847",
        "name": {
          "zh": null,
          "en": null
        },
        "category": "apartments",
        "source": "OpenStreetMap",
        "sourceId": 885073847,
        "sourceCrs": "EPSG:4326",
        "areaM2": 641,
        "lod": 0,
        "status": "existing",
        "heightM": 13.6,
        "levels": 4,
        "heightMethod": "footprint-area-estimate",
        "confidence": "estimated"
      }
    },
    {
      "type": "Feature",
      "id": "osm-building-885073848",
      "geometry": {
        "type": "Polygon",
        "coordinates": [
          [
            [
              118.7000098,
              32.04259
            ],
            [
              118.6999353,
              32.0424816
            ],
            [
              118.7005617,
              32.0421723
            ],
            [
              118.7006362,
              32.0422808
            ],
            [
              118.7000098,
              32.04259
            ]
          ]
        ]
      },
      "properties": {
        "id": "osm-building-885073848",
        "name": {
          "zh": null,
          "en": null
        },
        "category": "apartments",
        "source": "OpenStreetMap",
        "sourceId": 885073848,
        "sourceCrs": "EPSG:4326",
        "areaM2": 949,
        "lod": 0,
        "status": "existing",
        "heightM": 13.6,
        "levels": 4,
        "heightMethod": "footprint-area-estimate",
        "confidence": "estimated"
      }
    },
    {
      "type": "Feature",
      "id": "osm-building-885073849",
      "geometry": {
        "type": "Polygon",
        "coordinates": [
          [
            [
              118.6998335,
              32.0423548
            ],
            [
              118.6997591,
              32.0422464
            ],
            [
              118.7003854,
              32.0419372
            ],
            [
              118.70046,
              32.0420456
            ],
            [
              118.6998335,
              32.0423548
            ]
          ]
        ]
      },
      "properties": {
        "id": "osm-building-885073849",
        "name": {
          "zh": null,
          "en": null
        },
        "category": "apartments",
        "source": "OpenStreetMap",
        "sourceId": 885073849,
        "sourceCrs": "EPSG:4326",
        "areaM2": 949,
        "lod": 0,
        "status": "existing",
        "heightM": 13.6,
        "levels": 4,
        "heightMethod": "footprint-area-estimate",
        "confidence": "estimated"
      }
    },
    {
      "type": "Feature",
      "id": "osm-building-885073850",
      "geometry": {
        "type": "Polygon",
        "coordinates": [
          [
            [
              118.6996696,
              32.0421473
            ],
            [
              118.6995951,
              32.0420389
            ],
            [
              118.7002215,
              32.0417296
            ],
            [
              118.700296,
              32.0418381
            ],
            [
              118.6996696,
              32.0421473
            ]
          ]
        ]
      },
      "properties": {
        "id": "osm-building-885073850",
        "name": {
          "zh": null,
          "en": null
        },
        "category": "apartments",
        "source": "OpenStreetMap",
        "sourceId": 885073850,
        "sourceCrs": "EPSG:4326",
        "areaM2": 949,
        "lod": 0,
        "status": "existing",
        "heightM": 13.6,
        "levels": 4,
        "heightMethod": "footprint-area-estimate",
        "confidence": "estimated"
      }
    },
    {
      "type": "Feature",
      "id": "osm-building-885073851",
      "geometry": {
        "type": "Polygon",
        "coordinates": [
          [
            [
              118.6995406,
              32.0419211
            ],
            [
              118.6994661,
              32.0418127
            ],
            [
              118.7000925,
              32.0415034
            ],
            [
              118.700167,
              32.0416119
            ],
            [
              118.6995406,
              32.0419211
            ]
          ]
        ]
      },
      "properties": {
        "id": "osm-building-885073851",
        "name": {
          "zh": null,
          "en": null
        },
        "category": "apartments",
        "source": "OpenStreetMap",
        "sourceId": 885073851,
        "sourceCrs": "EPSG:4326",
        "areaM2": 949,
        "lod": 0,
        "status": "existing",
        "heightM": 13.6,
        "levels": 4,
        "heightMethod": "footprint-area-estimate",
        "confidence": "estimated"
      }
    },
    {
      "type": "Feature",
      "id": "osm-building-885073852",
      "geometry": {
        "type": "Polygon",
        "coordinates": [
          [
            [
              118.6993474,
              32.0417082
            ],
            [
              118.6992615,
              32.0415918
            ],
            [
              118.6997178,
              32.0413497
            ],
            [
              118.6998038,
              32.0414661
            ],
            [
              118.6993474,
              32.0417082
            ]
          ]
        ]
      },
      "properties": {
        "id": "osm-building-885073852",
        "name": {
          "zh": null,
          "en": null
        },
        "category": "apartments",
        "source": "OpenStreetMap",
        "sourceId": 885073852,
        "sourceCrs": "EPSG:4326",
        "areaM2": 771,
        "lod": 0,
        "status": "existing",
        "heightM": 13.6,
        "levels": 4,
        "heightMethod": "footprint-area-estimate",
        "confidence": "estimated"
      }
    },
    {
      "type": "Feature",
      "id": "osm-building-885073853",
      "geometry": {
        "type": "Polygon",
        "coordinates": [
          [
            [
              118.6991885,
              32.0414819
            ],
            [
              118.6991026,
              32.0413655
            ],
            [
              118.6995589,
              32.0411234
            ],
            [
              118.6996449,
              32.0412398
            ],
            [
              118.6991885,
              32.0414819
            ]
          ]
        ]
      },
      "properties": {
        "id": "osm-building-885073853",
        "name": {
          "zh": null,
          "en": null
        },
        "category": "apartments",
        "source": "OpenStreetMap",
        "sourceId": 885073853,
        "sourceCrs": "EPSG:4326",
        "areaM2": 771,
        "lod": 0,
        "status": "existing",
        "heightM": 13.6,
        "levels": 4,
        "heightMethod": "footprint-area-estimate",
        "confidence": "estimated"
      }
    },
    {
      "type": "Feature",
      "id": "osm-building-885073854",
      "geometry": {
        "type": "Polygon",
        "coordinates": [
          [
            [
              118.6990522,
              32.0412365
            ],
            [
              118.6989663,
              32.0411201
            ],
            [
              118.6994227,
              32.040878
            ],
            [
              118.6995086,
              32.0409944
            ],
            [
              118.6990522,
              32.0412365
            ]
          ]
        ]
      },
      "properties": {
        "id": "osm-building-885073854",
        "name": {
          "zh": null,
          "en": null
        },
        "category": "apartments",
        "source": "OpenStreetMap",
        "sourceId": 885073854,
        "sourceCrs": "EPSG:4326",
        "areaM2": 771,
        "lod": 0,
        "status": "existing",
        "heightM": 13.6,
        "levels": 4,
        "heightMethod": "footprint-area-estimate",
        "confidence": "estimated"
      }
    },
    {
      "type": "Feature",
      "id": "osm-building-885073855",
      "geometry": {
        "type": "Polygon",
        "coordinates": [
          [
            [
              118.6993117,
              32.0429752
            ],
            [
              118.6992414,
              32.0428671
            ],
            [
              118.6996776,
              32.0426634
            ],
            [
              118.6997479,
              32.0427716
            ],
            [
              118.6993117,
              32.0429752
            ]
          ]
        ]
      },
      "properties": {
        "id": "osm-building-885073855",
        "name": {
          "zh": null,
          "en": null
        },
        "category": "apartments",
        "source": "OpenStreetMap",
        "sourceId": 885073855,
        "sourceCrs": "EPSG:4326",
        "areaM2": 641,
        "lod": 0,
        "status": "existing",
        "heightM": 13.6,
        "levels": 4,
        "heightMethod": "footprint-area-estimate",
        "confidence": "estimated"
      }
    },
    {
      "type": "Feature",
      "id": "osm-building-885073856",
      "geometry": {
        "type": "Polygon",
        "coordinates": [
          [
            [
              118.6991712,
              32.0427063
            ],
            [
              118.6991009,
              32.0425982
            ],
            [
              118.6995371,
              32.0423945
            ],
            [
              118.6996074,
              32.0425027
            ],
            [
              118.6991712,
              32.0427063
            ]
          ]
        ]
      },
      "properties": {
        "id": "osm-building-885073856",
        "name": {
          "zh": null,
          "en": null
        },
        "category": "apartments",
        "source": "OpenStreetMap",
        "sourceId": 885073856,
        "sourceCrs": "EPSG:4326",
        "areaM2": 641,
        "lod": 0,
        "status": "existing",
        "heightM": 13.6,
        "levels": 4,
        "heightMethod": "footprint-area-estimate",
        "confidence": "estimated"
      }
    },
    {
      "type": "Feature",
      "id": "osm-building-885073857",
      "geometry": {
        "type": "Polygon",
        "coordinates": [
          [
            [
              118.6989796,
              32.0425205
            ],
            [
              118.6989093,
              32.0424123
            ],
            [
              118.6993455,
              32.0422087
            ],
            [
              118.6994158,
              32.0423169
            ],
            [
              118.6989796,
              32.0425205
            ]
          ]
        ]
      },
      "properties": {
        "id": "osm-building-885073857",
        "name": {
          "zh": null,
          "en": null
        },
        "category": "apartments",
        "source": "OpenStreetMap",
        "sourceId": 885073857,
        "sourceCrs": "EPSG:4326",
        "areaM2": 642,
        "lod": 0,
        "status": "existing",
        "heightM": 13.6,
        "levels": 4,
        "heightMethod": "footprint-area-estimate",
        "confidence": "estimated"
      }
    },
    {
      "type": "Feature",
      "id": "osm-building-885073858",
      "geometry": {
        "type": "Polygon",
        "coordinates": [
          [
            [
              118.7001507,
              32.0428068
            ],
            [
              118.7000805,
              32.0426986
            ],
            [
              118.7005167,
              32.042495
            ],
            [
              118.700587,
              32.0426032
            ],
            [
              118.7001507,
              32.0428068
            ]
          ]
        ]
      },
      "properties": {
        "id": "osm-building-885073858",
        "name": {
          "zh": null,
          "en": null
        },
        "category": "apartments",
        "source": "OpenStreetMap",
        "sourceId": 885073858,
        "sourceCrs": "EPSG:4326",
        "areaM2": 642,
        "lod": 0,
        "status": "existing",
        "heightM": 13.6,
        "levels": 4,
        "heightMethod": "footprint-area-estimate",
        "confidence": "estimated"
      }
    },
    {
      "type": "Feature",
      "id": "osm-building-885073859",
      "geometry": {
        "type": "Polygon",
        "coordinates": [
          [
            [
              118.700336,
              32.043054
            ],
            [
              118.7002657,
              32.0429459
            ],
            [
              118.7007019,
              32.0427422
            ],
            [
              118.7007722,
              32.0428504
            ],
            [
              118.700336,
              32.043054
            ]
          ]
        ]
      },
      "properties": {
        "id": "osm-building-885073859",
        "name": {
          "zh": null,
          "en": null
        },
        "category": "apartments",
        "source": "OpenStreetMap",
        "sourceId": 885073859,
        "sourceCrs": "EPSG:4326",
        "areaM2": 641,
        "lod": 0,
        "status": "existing",
        "heightM": 13.6,
        "levels": 4,
        "heightMethod": "footprint-area-estimate",
        "confidence": "estimated"
      }
    },
    {
      "type": "Feature",
      "id": "osm-building-885073860",
      "geometry": {
        "type": "Polygon",
        "coordinates": [
          [
            [
              118.7004892,
              32.043276
            ],
            [
              118.700419,
              32.0431678
            ],
            [
              118.7008552,
              32.0429642
            ],
            [
              118.7009255,
              32.0430724
            ],
            [
              118.7004892,
              32.043276
            ]
          ]
        ]
      },
      "properties": {
        "id": "osm-building-885073860",
        "name": {
          "zh": null,
          "en": null
        },
        "category": "apartments",
        "source": "OpenStreetMap",
        "sourceId": 885073860,
        "sourceCrs": "EPSG:4326",
        "areaM2": 642,
        "lod": 0,
        "status": "existing",
        "heightM": 13.6,
        "levels": 4,
        "heightMethod": "footprint-area-estimate",
        "confidence": "estimated"
      }
    },
    {
      "type": "Feature",
      "id": "osm-building-885073861",
      "geometry": {
        "type": "Polygon",
        "coordinates": [
          [
            [
              118.7007237,
              32.0422166
            ],
            [
              118.7006242,
              32.0420732
            ],
            [
              118.7008261,
              32.0419726
            ],
            [
              118.7009255,
              32.0421161
            ],
            [
              118.7007237,
              32.0422166
            ]
          ]
        ]
      },
      "properties": {
        "id": "osm-building-885073861",
        "name": {
          "zh": null,
          "en": null
        },
        "category": "house",
        "source": "OpenStreetMap",
        "sourceId": 885073861,
        "sourceCrs": "EPSG:4326",
        "areaM2": 406,
        "lod": 0,
        "status": "existing",
        "heightM": 10.2,
        "levels": 3,
        "heightMethod": "footprint-area-estimate",
        "confidence": "estimated"
      }
    },
    {
      "type": "Feature",
      "id": "osm-building-885073862",
      "geometry": {
        "type": "Polygon",
        "coordinates": [
          [
            [
              118.7009572,
              32.0421007
            ],
            [
              118.7008578,
              32.0419572
            ],
            [
              118.7010597,
              32.0418567
            ],
            [
              118.7011591,
              32.0420002
            ],
            [
              118.7009572,
              32.0421007
            ]
          ]
        ]
      },
      "properties": {
        "id": "osm-building-885073862",
        "name": {
          "zh": null,
          "en": null
        },
        "category": "house",
        "source": "OpenStreetMap",
        "sourceId": 885073862,
        "sourceCrs": "EPSG:4326",
        "areaM2": 406,
        "lod": 0,
        "status": "existing",
        "heightM": 10.2,
        "levels": 3,
        "heightMethod": "footprint-area-estimate",
        "confidence": "estimated"
      }
    },
    {
      "type": "Feature",
      "id": "osm-building-885073863",
      "geometry": {
        "type": "Polygon",
        "coordinates": [
          [
            [
              118.7005528,
              32.0420033
            ],
            [
              118.7004533,
              32.0418598
            ],
            [
              118.7006552,
              32.0417593
            ],
            [
              118.7007546,
              32.0419028
            ],
            [
              118.7005528,
              32.0420033
            ]
          ]
        ]
      },
      "properties": {
        "id": "osm-building-885073863",
        "name": {
          "zh": null,
          "en": null
        },
        "category": "house",
        "source": "OpenStreetMap",
        "sourceId": 885073863,
        "sourceCrs": "EPSG:4326",
        "areaM2": 406,
        "lod": 0,
        "status": "existing",
        "heightM": 10.2,
        "levels": 3,
        "heightMethod": "footprint-area-estimate",
        "confidence": "estimated"
      }
    },
    {
      "type": "Feature",
      "id": "osm-building-885073864",
      "geometry": {
        "type": "Polygon",
        "coordinates": [
          [
            [
              118.700804,
              32.041877
            ],
            [
              118.7007045,
              32.0417335
            ],
            [
              118.7009064,
              32.041633
            ],
            [
              118.7010058,
              32.0417765
            ],
            [
              118.700804,
              32.041877
            ]
          ]
        ]
      },
      "properties": {
        "id": "osm-building-885073864",
        "name": {
          "zh": null,
          "en": null
        },
        "category": "house",
        "source": "OpenStreetMap",
        "sourceId": 885073864,
        "sourceCrs": "EPSG:4326",
        "areaM2": 406,
        "lod": 0,
        "status": "existing",
        "heightM": 10.2,
        "levels": 3,
        "heightMethod": "footprint-area-estimate",
        "confidence": "estimated"
      }
    },
    {
      "type": "Feature",
      "id": "osm-building-885073865",
      "geometry": {
        "type": "Polygon",
        "coordinates": [
          [
            [
              118.7003803,
              32.0417488
            ],
            [
              118.7002809,
              32.0416054
            ],
            [
              118.7004827,
              32.0415048
            ],
            [
              118.7005822,
              32.0416483
            ],
            [
              118.7003803,
              32.0417488
            ]
          ]
        ]
      },
      "properties": {
        "id": "osm-building-885073865",
        "name": {
          "zh": null,
          "en": null
        },
        "category": "house",
        "source": "OpenStreetMap",
        "sourceId": 885073865,
        "sourceCrs": "EPSG:4326",
        "areaM2": 406,
        "lod": 0,
        "status": "existing",
        "heightM": 10.2,
        "levels": 3,
        "heightMethod": "footprint-area-estimate",
        "confidence": "estimated"
      }
    },
    {
      "type": "Feature",
      "id": "osm-building-885073866",
      "geometry": {
        "type": "Polygon",
        "coordinates": [
          [
            [
              118.7006188,
              32.0416333
            ],
            [
              118.7005193,
              32.0414899
            ],
            [
              118.7007212,
              32.0413893
            ],
            [
              118.7008206,
              32.0415328
            ],
            [
              118.7006188,
              32.0416333
            ]
          ]
        ]
      },
      "properties": {
        "id": "osm-building-885073866",
        "name": {
          "zh": null,
          "en": null
        },
        "category": "house",
        "source": "OpenStreetMap",
        "sourceId": 885073866,
        "sourceCrs": "EPSG:4326",
        "areaM2": 406,
        "lod": 0,
        "status": "existing",
        "heightM": 10.2,
        "levels": 3,
        "heightMethod": "footprint-area-estimate",
        "confidence": "estimated"
      }
    },
    {
      "type": "Feature",
      "id": "osm-building-885073867",
      "geometry": {
        "type": "Polygon",
        "coordinates": [
          [
            [
              118.7001633,
              32.0414704
            ],
            [
              118.7000773,
              32.0413541
            ],
            [
              118.7005337,
              32.0411119
            ],
            [
              118.7006197,
              32.0412284
            ],
            [
              118.7001633,
              32.0414704
            ]
          ]
        ]
      },
      "properties": {
        "id": "osm-building-885073867",
        "name": {
          "zh": null,
          "en": null
        },
        "category": "apartments",
        "source": "OpenStreetMap",
        "sourceId": 885073867,
        "sourceCrs": "EPSG:4326",
        "areaM2": 771,
        "lod": 0,
        "status": "existing",
        "heightM": 13.6,
        "levels": 4,
        "heightMethod": "footprint-area-estimate",
        "confidence": "estimated"
      }
    },
    {
      "type": "Feature",
      "id": "osm-building-885073868",
      "geometry": {
        "type": "Polygon",
        "coordinates": [
          [
            [
              118.704921,
              32.0458619
            ],
            [
              118.7051305,
              32.0457531
            ],
            [
              118.7050596,
              32.0456557
            ],
            [
              118.7050123,
              32.0455755
            ],
            [
              118.7049649,
              32.0454666
            ],
            [
              118.7049142,
              32.0453463
            ],
            [
              118.7049007,
              32.0452174
            ],
            [
              118.704894,
              32.0451372
            ],
            [
              118.7049109,
              32.0450226
            ],
            [
              118.7049379,
              32.0449367
            ],
            [
              118.704992,
              32.0448508
            ],
            [
              118.7051035,
              32.0447133
            ],
            [
              118.7052725,
              32.0446245
            ],
            [
              118.7052995,
              32.0445987
            ],
            [
              118.7051812,
              32.0444497
            ],
            [
              118.7049345,
              32.0445901
            ],
            [
              118.7048433,
              32.044719
            ],
            [
              118.7047487,
              32.0448651
            ],
            [
              118.7046743,
              32.0450226
            ],
            [
              118.7046439,
              32.0451716
            ],
            [
              118.7046676,
              32.0453492
            ],
            [
              118.7046878,
              32.0454466
            ],
            [
              118.7047081,
              32.045544
            ],
            [
              118.7047723,
              32.0456671
            ],
            [
              118.7048534,
              32.0457703
            ],
            [
              118.704921,
              32.0458619
            ]
          ]
        ]
      },
      "properties": {
        "id": "osm-building-885073868",
        "name": {
          "zh": null,
          "en": null
        },
        "category": "yes",
        "source": "OpenStreetMap",
        "sourceId": 885073868,
        "sourceCrs": "EPSG:4326",
        "areaM2": 3628,
        "lod": 0,
        "status": "existing",
        "heightM": 30,
        "levels": 9,
        "heightMethod": "osm-height",
        "confidence": "triangulated"
      }
    },
    {
      "type": "Feature",
      "id": "osm-building-885073869",
      "geometry": {
        "type": "Polygon",
        "coordinates": [
          [
            [
              118.707623,
              32.0459905
            ],
            [
              118.7075459,
              32.0458679
            ],
            [
              118.7080196,
              32.0456538
            ],
            [
              118.7080967,
              32.0457763
            ],
            [
              118.707623,
              32.0459905
            ]
          ]
        ]
      },
      "properties": {
        "id": "osm-building-885073869",
        "name": {
          "zh": null,
          "en": null
        },
        "category": "apartments",
        "source": "OpenStreetMap",
        "sourceId": 885073869,
        "sourceCrs": "EPSG:4326",
        "areaM2": 778,
        "lod": 0,
        "status": "existing",
        "heightM": 13.6,
        "levels": 4,
        "heightMethod": "footprint-area-estimate",
        "confidence": "estimated"
      }
    },
    {
      "type": "Feature",
      "id": "osm-building-885073870",
      "geometry": {
        "type": "Polygon",
        "coordinates": [
          [
            [
              118.7074078,
              32.0456868
            ],
            [
              118.7073306,
              32.0455642
            ],
            [
              118.7078044,
              32.0453501
            ],
            [
              118.7078815,
              32.0454726
            ],
            [
              118.7074078,
              32.0456868
            ]
          ]
        ]
      },
      "properties": {
        "id": "osm-building-885073870",
        "name": {
          "zh": null,
          "en": null
        },
        "category": "apartments",
        "source": "OpenStreetMap",
        "sourceId": 885073870,
        "sourceCrs": "EPSG:4326",
        "areaM2": 778,
        "lod": 0,
        "status": "existing",
        "heightM": 13.6,
        "levels": 4,
        "heightMethod": "footprint-area-estimate",
        "confidence": "estimated"
      }
    },
    {
      "type": "Feature",
      "id": "osm-building-885073871",
      "geometry": {
        "type": "Polygon",
        "coordinates": [
          [
            [
              118.7070136,
              32.0450482
            ],
            [
              118.7069281,
              32.0449323
            ],
            [
              118.7073509,
              32.0447083
            ],
            [
              118.7074364,
              32.0448242
            ],
            [
              118.7070136,
              32.0450482
            ]
          ]
        ]
      },
      "properties": {
        "id": "osm-building-885073871",
        "name": {
          "zh": null,
          "en": null
        },
        "category": "apartments",
        "source": "OpenStreetMap",
        "sourceId": 885073871,
        "sourceCrs": "EPSG:4326",
        "areaM2": 711,
        "lod": 0,
        "status": "existing",
        "heightM": 13.6,
        "levels": 4,
        "heightMethod": "footprint-area-estimate",
        "confidence": "estimated"
      }
    },
    {
      "type": "Feature",
      "id": "osm-building-885073872",
      "geometry": {
        "type": "Polygon",
        "coordinates": [
          [
            [
              118.7071825,
              32.0453276
            ],
            [
              118.7071053,
              32.045205
            ],
            [
              118.707579,
              32.0449908
            ],
            [
              118.7076562,
              32.0451134
            ],
            [
              118.7071825,
              32.0453276
            ]
          ]
        ]
      },
      "properties": {
        "id": "osm-building-885073872",
        "name": {
          "zh": null,
          "en": null
        },
        "category": "apartments",
        "source": "OpenStreetMap",
        "sourceId": 885073872,
        "sourceCrs": "EPSG:4326",
        "areaM2": 778,
        "lod": 0,
        "status": "existing",
        "heightM": 13.6,
        "levels": 4,
        "heightMethod": "footprint-area-estimate",
        "confidence": "estimated"
      }
    },
    {
      "type": "Feature",
      "id": "osm-building-885073873",
      "geometry": {
        "type": "Polygon",
        "coordinates": [
          [
            [
              118.7080956,
              32.0454485
            ],
            [
              118.7080184,
              32.0453258
            ],
            [
              118.7084921,
              32.0451117
            ],
            [
              118.7085693,
              32.0452343
            ],
            [
              118.7080956,
              32.0454485
            ]
          ]
        ]
      },
      "properties": {
        "id": "osm-building-885073873",
        "name": {
          "zh": null,
          "en": null
        },
        "category": "apartments",
        "source": "OpenStreetMap",
        "sourceId": 885073873,
        "sourceCrs": "EPSG:4326",
        "areaM2": 778,
        "lod": 0,
        "status": "existing",
        "heightM": 13.6,
        "levels": 4,
        "heightMethod": "footprint-area-estimate",
        "confidence": "estimated"
      }
    },
    {
      "type": "Feature",
      "id": "osm-building-885073874",
      "geometry": {
        "type": "Polygon",
        "coordinates": [
          [
            [
              118.7078803,
              32.0451448
            ],
            [
              118.7078031,
              32.0450221
            ],
            [
              118.7082769,
              32.044808
            ],
            [
              118.708354,
              32.0449305
            ],
            [
              118.7078803,
              32.0451448
            ]
          ]
        ]
      },
      "properties": {
        "id": "osm-building-885073874",
        "name": {
          "zh": null,
          "en": null
        },
        "category": "apartments",
        "source": "OpenStreetMap",
        "sourceId": 885073874,
        "sourceCrs": "EPSG:4326",
        "areaM2": 778,
        "lod": 0,
        "status": "existing",
        "heightM": 13.6,
        "levels": 4,
        "heightMethod": "footprint-area-estimate",
        "confidence": "estimated"
      }
    },
    {
      "type": "Feature",
      "id": "osm-building-885073875",
      "geometry": {
        "type": "Polygon",
        "coordinates": [
          [
            [
              118.7074861,
              32.0445062
            ],
            [
              118.7074006,
              32.0443903
            ],
            [
              118.7078234,
              32.0441663
            ],
            [
              118.7079089,
              32.0442822
            ],
            [
              118.7074861,
              32.0445062
            ]
          ]
        ]
      },
      "properties": {
        "id": "osm-building-885073875",
        "name": {
          "zh": null,
          "en": null
        },
        "category": "apartments",
        "source": "OpenStreetMap",
        "sourceId": 885073875,
        "sourceCrs": "EPSG:4326",
        "areaM2": 711,
        "lod": 0,
        "status": "existing",
        "heightM": 13.6,
        "levels": 4,
        "heightMethod": "footprint-area-estimate",
        "confidence": "estimated"
      }
    },
    {
      "type": "Feature",
      "id": "osm-building-885073876",
      "geometry": {
        "type": "Polygon",
        "coordinates": [
          [
            [
              118.707655,
              32.0447855
            ],
            [
              118.7075778,
              32.0446629
            ],
            [
              118.7080516,
              32.0444488
            ],
            [
              118.7081287,
              32.0445713
            ],
            [
              118.707655,
              32.0447855
            ]
          ]
        ]
      },
      "properties": {
        "id": "osm-building-885073876",
        "name": {
          "zh": null,
          "en": null
        },
        "category": "apartments",
        "source": "OpenStreetMap",
        "sourceId": 885073876,
        "sourceCrs": "EPSG:4326",
        "areaM2": 778,
        "lod": 0,
        "status": "existing",
        "heightM": 13.6,
        "levels": 4,
        "heightMethod": "footprint-area-estimate",
        "confidence": "estimated"
      }
    },
    {
      "type": "Feature",
      "id": "osm-building-885073877",
      "geometry": {
        "type": "Polygon",
        "coordinates": [
          [
            [
              118.7089088,
              32.0466387
            ],
            [
              118.7088316,
              32.0465161
            ],
            [
              118.7093053,
              32.0463019
            ],
            [
              118.7093825,
              32.0464245
            ],
            [
              118.7089088,
              32.0466387
            ]
          ]
        ]
      },
      "properties": {
        "id": "osm-building-885073877",
        "name": {
          "zh": null,
          "en": null
        },
        "category": "apartments",
        "source": "OpenStreetMap",
        "sourceId": 885073877,
        "sourceCrs": "EPSG:4326",
        "areaM2": 778,
        "lod": 0,
        "status": "existing",
        "heightM": 13.6,
        "levels": 4,
        "heightMethod": "footprint-area-estimate",
        "confidence": "estimated"
      }
    },
    {
      "type": "Feature",
      "id": "osm-building-885073878",
      "geometry": {
        "type": "Polygon",
        "coordinates": [
          [
            [
              118.7086935,
              32.046335
            ],
            [
              118.7086163,
              32.0462124
            ],
            [
              118.7090901,
              32.0459982
            ],
            [
              118.7091672,
              32.0461208
            ],
            [
              118.7086935,
              32.046335
            ]
          ]
        ]
      },
      "properties": {
        "id": "osm-building-885073878",
        "name": {
          "zh": null,
          "en": null
        },
        "category": "apartments",
        "source": "OpenStreetMap",
        "sourceId": 885073878,
        "sourceCrs": "EPSG:4326",
        "areaM2": 778,
        "lod": 0,
        "status": "existing",
        "heightM": 13.6,
        "levels": 4,
        "heightMethod": "footprint-area-estimate",
        "confidence": "estimated"
      }
    },
    {
      "type": "Feature",
      "id": "osm-building-885073879",
      "geometry": {
        "type": "Polygon",
        "coordinates": [
          [
            [
              118.7082993,
              32.0456964
            ],
            [
              118.7082138,
              32.0455805
            ],
            [
              118.7086366,
              32.0453565
            ],
            [
              118.7087221,
              32.0454724
            ],
            [
              118.7082993,
              32.0456964
            ]
          ]
        ]
      },
      "properties": {
        "id": "osm-building-885073879",
        "name": {
          "zh": null,
          "en": null
        },
        "category": "apartments",
        "source": "OpenStreetMap",
        "sourceId": 885073879,
        "sourceCrs": "EPSG:4326",
        "areaM2": 711,
        "lod": 0,
        "status": "existing",
        "heightM": 13.6,
        "levels": 4,
        "heightMethod": "footprint-area-estimate",
        "confidence": "estimated"
      }
    },
    {
      "type": "Feature",
      "id": "osm-building-885073880",
      "geometry": {
        "type": "Polygon",
        "coordinates": [
          [
            [
              118.7084682,
              32.0459758
            ],
            [
              118.708391,
              32.0458531
            ],
            [
              118.7088648,
              32.045639
            ],
            [
              118.7089419,
              32.0457616
            ],
            [
              118.7084682,
              32.0459758
            ]
          ]
        ]
      },
      "properties": {
        "id": "osm-building-885073880",
        "name": {
          "zh": null,
          "en": null
        },
        "category": "apartments",
        "source": "OpenStreetMap",
        "sourceId": 885073880,
        "sourceCrs": "EPSG:4326",
        "areaM2": 778,
        "lod": 0,
        "status": "existing",
        "heightM": 13.6,
        "levels": 4,
        "heightMethod": "footprint-area-estimate",
        "confidence": "estimated"
      }
    },
    {
      "type": "Feature",
      "id": "osm-building-885073881",
      "geometry": {
        "type": "Polygon",
        "coordinates": [
          [
            [
              118.7079293,
              32.0465571
            ],
            [
              118.7078521,
              32.0464344
            ],
            [
              118.7083259,
              32.0462203
            ],
            [
              118.708403,
              32.0463428
            ],
            [
              118.7079293,
              32.0465571
            ]
          ]
        ]
      },
      "properties": {
        "id": "osm-building-885073881",
        "name": {
          "zh": null,
          "en": null
        },
        "category": "apartments",
        "source": "OpenStreetMap",
        "sourceId": 885073881,
        "sourceCrs": "EPSG:4326",
        "areaM2": 778,
        "lod": 0,
        "status": "existing",
        "heightM": 13.6,
        "levels": 4,
        "heightMethod": "footprint-area-estimate",
        "confidence": "estimated"
      }
    },
    {
      "type": "Feature",
      "id": "osm-building-885073882",
      "geometry": {
        "type": "Polygon",
        "coordinates": [
          [
            [
              118.708219,
              32.0469299
            ],
            [
              118.7081418,
              32.0468073
            ],
            [
              118.7086155,
              32.0465931
            ],
            [
              118.7086927,
              32.0467157
            ],
            [
              118.708219,
              32.0469299
            ]
          ]
        ]
      },
      "properties": {
        "id": "osm-building-885073882",
        "name": {
          "zh": null,
          "en": null
        },
        "category": "apartments",
        "source": "OpenStreetMap",
        "sourceId": 885073882,
        "sourceCrs": "EPSG:4326",
        "areaM2": 778,
        "lod": 0,
        "status": "existing",
        "heightM": 13.6,
        "levels": 4,
        "heightMethod": "footprint-area-estimate",
        "confidence": "estimated"
      }
    },
    {
      "type": "Feature",
      "id": "osm-building-885073883",
      "geometry": {
        "type": "Polygon",
        "coordinates": [
          [
            [
              118.7092221,
              32.0451748
            ],
            [
              118.709145,
              32.0450521
            ],
            [
              118.7096187,
              32.044838
            ],
            [
              118.7096958,
              32.0449606
            ],
            [
              118.7092221,
              32.0451748
            ]
          ]
        ]
      },
      "properties": {
        "id": "osm-building-885073883",
        "name": {
          "zh": null,
          "en": null
        },
        "category": "apartments",
        "source": "OpenStreetMap",
        "sourceId": 885073883,
        "sourceCrs": "EPSG:4326",
        "areaM2": 778,
        "lod": 0,
        "status": "existing",
        "heightM": 13.6,
        "levels": 4,
        "heightMethod": "footprint-area-estimate",
        "confidence": "estimated"
      }
    },
    {
      "type": "Feature",
      "id": "osm-building-885073884",
      "geometry": {
        "type": "Polygon",
        "coordinates": [
          [
            [
              118.7094528,
              32.0455112
            ],
            [
              118.7093756,
              32.0453886
            ],
            [
              118.7098494,
              32.0451745
            ],
            [
              118.7099265,
              32.045297
            ],
            [
              118.7094528,
              32.0455112
            ]
          ]
        ]
      },
      "properties": {
        "id": "osm-building-885073884",
        "name": {
          "zh": null,
          "en": null
        },
        "category": "apartments",
        "source": "OpenStreetMap",
        "sourceId": 885073884,
        "sourceCrs": "EPSG:4326",
        "areaM2": 778,
        "lod": 0,
        "status": "existing",
        "heightM": 13.6,
        "levels": 4,
        "heightMethod": "footprint-area-estimate",
        "confidence": "estimated"
      }
    },
    {
      "type": "Feature",
      "id": "osm-building-885073885",
      "geometry": {
        "type": "Polygon",
        "coordinates": [
          [
            [
              118.7096298,
              32.0458341
            ],
            [
              118.7095527,
              32.0457114
            ],
            [
              118.7100264,
              32.0454973
            ],
            [
              118.7101035,
              32.0456199
            ],
            [
              118.7096298,
              32.0458341
            ]
          ]
        ]
      },
      "properties": {
        "id": "osm-building-885073885",
        "name": {
          "zh": null,
          "en": null
        },
        "category": "apartments",
        "source": "OpenStreetMap",
        "sourceId": 885073885,
        "sourceCrs": "EPSG:4326",
        "areaM2": 778,
        "lod": 0,
        "status": "existing",
        "heightM": 13.6,
        "levels": 4,
        "heightMethod": "footprint-area-estimate",
        "confidence": "estimated"
      }
    },
    {
      "type": "Feature",
      "id": "osm-building-885073886",
      "geometry": {
        "type": "Polygon",
        "coordinates": [
          [
            [
              118.7098605,
              32.0462024
            ],
            [
              118.7097833,
              32.0460797
            ],
            [
              118.7102571,
              32.0458656
            ],
            [
              118.7103342,
              32.0459882
            ],
            [
              118.7098605,
              32.0462024
            ]
          ]
        ]
      },
      "properties": {
        "id": "osm-building-885073886",
        "name": {
          "zh": null,
          "en": null
        },
        "category": "apartments",
        "source": "OpenStreetMap",
        "sourceId": 885073886,
        "sourceCrs": "EPSG:4326",
        "areaM2": 778,
        "lod": 0,
        "status": "existing",
        "heightM": 13.6,
        "levels": 4,
        "heightMethod": "footprint-area-estimate",
        "confidence": "estimated"
      }
    },
    {
      "type": "Feature",
      "id": "osm-building-885073887",
      "geometry": {
        "type": "Polygon",
        "coordinates": [
          [
            [
              118.7103111,
              32.0457068
            ],
            [
              118.7102339,
              32.0455841
            ],
            [
              118.7107077,
              32.04537
            ],
            [
              118.7107848,
              32.0454926
            ],
            [
              118.7103111,
              32.0457068
            ]
          ]
        ]
      },
      "properties": {
        "id": "osm-building-885073887",
        "name": {
          "zh": null,
          "en": null
        },
        "category": "apartments",
        "source": "OpenStreetMap",
        "sourceId": 885073887,
        "sourceCrs": "EPSG:4326",
        "areaM2": 778,
        "lod": 0,
        "status": "existing",
        "heightM": 13.6,
        "levels": 4,
        "heightMethod": "footprint-area-estimate",
        "confidence": "estimated"
      }
    },
    {
      "type": "Feature",
      "id": "osm-building-885073888",
      "geometry": {
        "type": "Polygon",
        "coordinates": [
          [
            [
              118.7101126,
              32.0452975
            ],
            [
              118.7100354,
              32.0451749
            ],
            [
              118.7105092,
              32.0449607
            ],
            [
              118.7105863,
              32.0450833
            ],
            [
              118.7101126,
              32.0452975
            ]
          ]
        ]
      },
      "properties": {
        "id": "osm-building-885073888",
        "name": {
          "zh": null,
          "en": null
        },
        "category": "apartments",
        "source": "OpenStreetMap",
        "sourceId": 885073888,
        "sourceCrs": "EPSG:4326",
        "areaM2": 778,
        "lod": 0,
        "status": "existing",
        "heightM": 13.6,
        "levels": 4,
        "heightMethod": "footprint-area-estimate",
        "confidence": "estimated"
      }
    },
    {
      "type": "Feature",
      "id": "osm-building-885073889",
      "geometry": {
        "type": "Polygon",
        "coordinates": [
          [
            [
              118.7099141,
              32.0448883
            ],
            [
              118.709837,
              32.0447656
            ],
            [
              118.7103107,
              32.0445515
            ],
            [
              118.7103878,
              32.0446741
            ],
            [
              118.7099141,
              32.0448883
            ]
          ]
        ]
      },
      "properties": {
        "id": "osm-building-885073889",
        "name": {
          "zh": null,
          "en": null
        },
        "category": "apartments",
        "source": "OpenStreetMap",
        "sourceId": 885073889,
        "sourceCrs": "EPSG:4326",
        "areaM2": 778,
        "lod": 0,
        "status": "existing",
        "heightM": 13.6,
        "levels": 4,
        "heightMethod": "footprint-area-estimate",
        "confidence": "estimated"
      }
    },
    {
      "type": "Feature",
      "id": "osm-building-885073890",
      "geometry": {
        "type": "Polygon",
        "coordinates": [
          [
            [
              118.7097371,
              32.04457
            ],
            [
              118.7096599,
              32.0444473
            ],
            [
              118.7101337,
              32.0442332
            ],
            [
              118.7102108,
              32.0443558
            ],
            [
              118.7097371,
              32.04457
            ]
          ]
        ]
      },
      "properties": {
        "id": "osm-building-885073890",
        "name": {
          "zh": null,
          "en": null
        },
        "category": "apartments",
        "source": "OpenStreetMap",
        "sourceId": 885073890,
        "sourceCrs": "EPSG:4326",
        "areaM2": 778,
        "lod": 0,
        "status": "existing",
        "heightM": 13.6,
        "levels": 4,
        "heightMethod": "footprint-area-estimate",
        "confidence": "estimated"
      }
    },
    {
      "type": "Feature",
      "id": "osm-building-885073891",
      "geometry": {
        "type": "Polygon",
        "coordinates": [
          [
            [
              118.7090666,
              32.0449156
            ],
            [
              118.7089894,
              32.0447929
            ],
            [
              118.7094631,
              32.0445788
            ],
            [
              118.7095403,
              32.0447014
            ],
            [
              118.7090666,
              32.0449156
            ]
          ]
        ]
      },
      "properties": {
        "id": "osm-building-885073891",
        "name": {
          "zh": null,
          "en": null
        },
        "category": "apartments",
        "source": "OpenStreetMap",
        "sourceId": 885073891,
        "sourceCrs": "EPSG:4326",
        "areaM2": 778,
        "lod": 0,
        "status": "existing",
        "heightM": 13.6,
        "levels": 4,
        "heightMethod": "footprint-area-estimate",
        "confidence": "estimated"
      }
    },
    {
      "type": "Feature",
      "id": "osm-building-885073892",
      "geometry": {
        "type": "Polygon",
        "coordinates": [
          [
            [
              118.7057345,
              32.0452593
            ],
            [
              118.7056087,
              32.0450758
            ],
            [
              118.7055563,
              32.0451016
            ],
            [
              118.7054541,
              32.0449527
            ],
            [
              118.7055184,
              32.0449011
            ],
            [
              118.7054008,
              32.0447296
            ],
            [
              118.7057115,
              32.0445765
            ],
            [
              118.7060673,
              32.0450954
            ],
            [
              118.7057345,
              32.0452593
            ]
          ]
        ]
      },
      "properties": {
        "id": "osm-building-885073892",
        "name": {
          "zh": null,
          "en": null
        },
        "category": "yes",
        "source": "OpenStreetMap",
        "sourceId": 885073892,
        "sourceCrs": "EPSG:4326",
        "areaM2": 2469,
        "lod": 0,
        "status": "existing",
        "heightM": 17,
        "levels": 5,
        "heightMethod": "footprint-area-estimate",
        "confidence": "estimated"
      }
    },
    {
      "type": "Feature",
      "id": "osm-building-885073893",
      "geometry": {
        "type": "Polygon",
        "coordinates": [
          [
            [
              118.7057897,
              32.0435159
            ],
            [
              118.7056955,
              32.0433857
            ],
            [
              118.7062407,
              32.0431024
            ],
            [
              118.7063349,
              32.0432326
            ],
            [
              118.7057897,
              32.0435159
            ]
          ]
        ]
      },
      "properties": {
        "id": "osm-building-885073893",
        "name": {
          "zh": null,
          "en": null
        },
        "category": "apartments",
        "source": "OpenStreetMap",
        "sourceId": 885073893,
        "sourceCrs": "EPSG:4326",
        "areaM2": 1019,
        "lod": 0,
        "status": "existing",
        "heightM": 13.6,
        "levels": 4,
        "heightMethod": "footprint-area-estimate",
        "confidence": "estimated"
      }
    },
    {
      "type": "Feature",
      "id": "osm-building-885073894",
      "geometry": {
        "type": "Polygon",
        "coordinates": [
          [
            [
              118.705618,
              32.0432431
            ],
            [
              118.7055238,
              32.0431129
            ],
            [
              118.706069,
              32.0428296
            ],
            [
              118.7061632,
              32.0429598
            ],
            [
              118.705618,
              32.0432431
            ]
          ]
        ]
      },
      "properties": {
        "id": "osm-building-885073894",
        "name": {
          "zh": null,
          "en": null
        },
        "category": "apartments",
        "source": "OpenStreetMap",
        "sourceId": 885073894,
        "sourceCrs": "EPSG:4326",
        "areaM2": 1019,
        "lod": 0,
        "status": "existing",
        "heightM": 13.6,
        "levels": 4,
        "heightMethod": "footprint-area-estimate",
        "confidence": "estimated"
      }
    },
    {
      "type": "Feature",
      "id": "osm-building-885073895",
      "geometry": {
        "type": "Polygon",
        "coordinates": [
          [
            [
              118.7062939,
              32.0428248
            ],
            [
              118.7061997,
              32.0426946
            ],
            [
              118.7067449,
              32.0424113
            ],
            [
              118.7068391,
              32.0425415
            ],
            [
              118.7062939,
              32.0428248
            ]
          ]
        ]
      },
      "properties": {
        "id": "osm-building-885073895",
        "name": {
          "zh": null,
          "en": null
        },
        "category": "apartments",
        "source": "OpenStreetMap",
        "sourceId": 885073895,
        "sourceCrs": "EPSG:4326",
        "areaM2": 1019,
        "lod": 0,
        "status": "existing",
        "heightM": 13.6,
        "levels": 4,
        "heightMethod": "footprint-area-estimate",
        "confidence": "estimated"
      }
    },
    {
      "type": "Feature",
      "id": "osm-building-885073896",
      "geometry": {
        "type": "Polygon",
        "coordinates": [
          [
            [
              118.7064388,
              32.0430931
            ],
            [
              118.7063446,
              32.0429628
            ],
            [
              118.7068898,
              32.0426795
            ],
            [
              118.706984,
              32.0428097
            ],
            [
              118.7064388,
              32.0430931
            ]
          ]
        ]
      },
      "properties": {
        "id": "osm-building-885073896",
        "name": {
          "zh": null,
          "en": null
        },
        "category": "apartments",
        "source": "OpenStreetMap",
        "sourceId": 885073896,
        "sourceCrs": "EPSG:4326",
        "areaM2": 1019,
        "lod": 0,
        "status": "existing",
        "heightM": 13.6,
        "levels": 4,
        "heightMethod": "footprint-area-estimate",
        "confidence": "estimated"
      }
    },
    {
      "type": "Feature",
      "id": "osm-building-885073897",
      "geometry": {
        "type": "Polygon",
        "coordinates": [
          [
            [
              118.7031506,
              32.0497934
            ],
            [
              118.7030564,
              32.0496633
            ],
            [
              118.7036016,
              32.04938
            ],
            [
              118.7036958,
              32.0495102
            ],
            [
              118.7031506,
              32.0497934
            ]
          ]
        ]
      },
      "properties": {
        "id": "osm-building-885073897",
        "name": {
          "zh": null,
          "en": null
        },
        "category": "residential",
        "source": "OpenStreetMap",
        "sourceId": 885073897,
        "sourceCrs": "EPSG:4326",
        "areaM2": 1018,
        "lod": 0,
        "status": "existing",
        "heightM": 13.6,
        "levels": 4,
        "heightMethod": "footprint-area-estimate",
        "confidence": "estimated"
      }
    },
    {
      "type": "Feature",
      "id": "osm-building-885073898",
      "geometry": {
        "type": "Polygon",
        "coordinates": [
          [
            [
              118.7038403,
              32.0494109
            ],
            [
              118.7037461,
              32.0492807
            ],
            [
              118.7042913,
              32.0489974
            ],
            [
              118.7043855,
              32.0491276
            ],
            [
              118.7038403,
              32.0494109
            ]
          ]
        ]
      },
      "properties": {
        "id": "osm-building-885073898",
        "name": {
          "zh": null,
          "en": null
        },
        "category": "residential",
        "source": "OpenStreetMap",
        "sourceId": 885073898,
        "sourceCrs": "EPSG:4326",
        "areaM2": 1019,
        "lod": 0,
        "status": "existing",
        "heightM": 13.6,
        "levels": 4,
        "heightMethod": "footprint-area-estimate",
        "confidence": "estimated"
      }
    },
    {
      "type": "Feature",
      "id": "osm-building-885073899",
      "geometry": {
        "type": "Polygon",
        "coordinates": [
          [
            [
              118.7029604,
              32.0494979
            ],
            [
              118.7028662,
              32.0493677
            ],
            [
              118.7034114,
              32.0490844
            ],
            [
              118.7035056,
              32.0492146
            ],
            [
              118.7029604,
              32.0494979
            ]
          ]
        ]
      },
      "properties": {
        "id": "osm-building-885073899",
        "name": {
          "zh": null,
          "en": null
        },
        "category": "residential",
        "source": "OpenStreetMap",
        "sourceId": 885073899,
        "sourceCrs": "EPSG:4326",
        "areaM2": 1019,
        "lod": 0,
        "status": "existing",
        "heightM": 13.6,
        "levels": 4,
        "heightMethod": "footprint-area-estimate",
        "confidence": "estimated"
      }
    },
    {
      "type": "Feature",
      "id": "osm-building-885073900",
      "geometry": {
        "type": "Polygon",
        "coordinates": [
          [
            [
              118.7036502,
              32.0491154
            ],
            [
              118.703556,
              32.0489852
            ],
            [
              118.7041012,
              32.0487019
            ],
            [
              118.7041954,
              32.0488321
            ],
            [
              118.7036502,
              32.0491154
            ]
          ]
        ]
      },
      "properties": {
        "id": "osm-building-885073900",
        "name": {
          "zh": null,
          "en": null
        },
        "category": "residential",
        "source": "OpenStreetMap",
        "sourceId": 885073900,
        "sourceCrs": "EPSG:4326",
        "areaM2": 1019,
        "lod": 0,
        "status": "existing",
        "heightM": 13.6,
        "levels": 4,
        "heightMethod": "footprint-area-estimate",
        "confidence": "estimated"
      }
    },
    {
      "type": "Feature",
      "id": "osm-building-885073901",
      "geometry": {
        "type": "Polygon",
        "coordinates": [
          [
            [
              118.7027482,
              32.0492659
            ],
            [
              118.702654,
              32.0491357
            ],
            [
              118.7031992,
              32.0488524
            ],
            [
              118.7032934,
              32.0489826
            ],
            [
              118.7027482,
              32.0492659
            ]
          ]
        ]
      },
      "properties": {
        "id": "osm-building-885073901",
        "name": {
          "zh": null,
          "en": null
        },
        "category": "residential",
        "source": "OpenStreetMap",
        "sourceId": 885073901,
        "sourceCrs": "EPSG:4326",
        "areaM2": 1019,
        "lod": 0,
        "status": "existing",
        "heightM": 13.6,
        "levels": 4,
        "heightMethod": "footprint-area-estimate",
        "confidence": "estimated"
      }
    },
    {
      "type": "Feature",
      "id": "osm-building-885073902",
      "geometry": {
        "type": "Polygon",
        "coordinates": [
          [
            [
              118.7034379,
              32.0488834
            ],
            [
              118.7033437,
              32.0487532
            ],
            [
              118.7038889,
              32.0484699
            ],
            [
              118.7039831,
              32.0486001
            ],
            [
              118.7034379,
              32.0488834
            ]
          ]
        ]
      },
      "properties": {
        "id": "osm-building-885073902",
        "name": {
          "zh": null,
          "en": null
        },
        "category": "residential",
        "source": "OpenStreetMap",
        "sourceId": 885073902,
        "sourceCrs": "EPSG:4326",
        "areaM2": 1019,
        "lod": 0,
        "status": "existing",
        "heightM": 13.6,
        "levels": 4,
        "heightMethod": "footprint-area-estimate",
        "confidence": "estimated"
      }
    },
    {
      "type": "Feature",
      "id": "osm-building-885073903",
      "geometry": {
        "type": "Polygon",
        "coordinates": [
          [
            [
              118.7025623,
              32.0490196
            ],
            [
              118.7024681,
              32.0488894
            ],
            [
              118.7030133,
              32.0486061
            ],
            [
              118.7031075,
              32.0487363
            ],
            [
              118.7025623,
              32.0490196
            ]
          ]
        ]
      },
      "properties": {
        "id": "osm-building-885073903",
        "name": {
          "zh": null,
          "en": null
        },
        "category": "residential",
        "source": "OpenStreetMap",
        "sourceId": 885073903,
        "sourceCrs": "EPSG:4326",
        "areaM2": 1019,
        "lod": 0,
        "status": "existing",
        "heightM": 13.6,
        "levels": 4,
        "heightMethod": "footprint-area-estimate",
        "confidence": "estimated"
      }
    },
    {
      "type": "Feature",
      "id": "osm-building-885073904",
      "geometry": {
        "type": "Polygon",
        "coordinates": [
          [
            [
              118.7032521,
              32.048637
            ],
            [
              118.7031579,
              32.0485068
            ],
            [
              118.7037031,
              32.0482236
            ],
            [
              118.7037973,
              32.0483538
            ],
            [
              118.7032521,
              32.048637
            ]
          ]
        ]
      },
      "properties": {
        "id": "osm-building-885073904",
        "name": {
          "zh": null,
          "en": null
        },
        "category": "residential",
        "source": "OpenStreetMap",
        "sourceId": 885073904,
        "sourceCrs": "EPSG:4326",
        "areaM2": 1019,
        "lod": 0,
        "status": "existing",
        "heightM": 13.6,
        "levels": 4,
        "heightMethod": "footprint-area-estimate",
        "confidence": "estimated"
      }
    },
    {
      "type": "Feature",
      "id": "osm-building-885073905",
      "geometry": {
        "type": "Polygon",
        "coordinates": [
          [
            [
              118.7024204,
              32.0487904
            ],
            [
              118.7023262,
              32.0486602
            ],
            [
              118.7028714,
              32.048377
            ],
            [
              118.7029656,
              32.0485071
            ],
            [
              118.7024204,
              32.0487904
            ]
          ]
        ]
      },
      "properties": {
        "id": "osm-building-885073905",
        "name": {
          "zh": null,
          "en": null
        },
        "category": "residential",
        "source": "OpenStreetMap",
        "sourceId": 885073905,
        "sourceCrs": "EPSG:4326",
        "areaM2": 1018,
        "lod": 0,
        "status": "existing",
        "heightM": 13.6,
        "levels": 4,
        "heightMethod": "footprint-area-estimate",
        "confidence": "estimated"
      }
    },
    {
      "type": "Feature",
      "id": "osm-building-885073906",
      "geometry": {
        "type": "Polygon",
        "coordinates": [
          [
            [
              118.7031101,
              32.0484079
            ],
            [
              118.7030159,
              32.0482777
            ],
            [
              118.7035611,
              32.0479944
            ],
            [
              118.7036553,
              32.0481246
            ],
            [
              118.7031101,
              32.0484079
            ]
          ]
        ]
      },
      "properties": {
        "id": "osm-building-885073906",
        "name": {
          "zh": null,
          "en": null
        },
        "category": "residential",
        "source": "OpenStreetMap",
        "sourceId": 885073906,
        "sourceCrs": "EPSG:4326",
        "areaM2": 1019,
        "lod": 0,
        "status": "existing",
        "heightM": 13.6,
        "levels": 4,
        "heightMethod": "footprint-area-estimate",
        "confidence": "estimated"
      }
    },
    {
      "type": "Feature",
      "id": "osm-building-885073907",
      "geometry": {
        "type": "Polygon",
        "coordinates": [
          [
            [
              118.7047876,
              32.048958
            ],
            [
              118.7046851,
              32.0488254
            ],
            [
              118.7051452,
              32.04857
            ],
            [
              118.7052477,
              32.0487027
            ],
            [
              118.7047876,
              32.048958
            ]
          ]
        ]
      },
      "properties": {
        "id": "osm-building-885073907",
        "name": {
          "zh": null,
          "en": null
        },
        "category": "residential",
        "source": "OpenStreetMap",
        "sourceId": 885073907,
        "sourceCrs": "EPSG:4326",
        "areaM2": 910,
        "lod": 0,
        "status": "existing",
        "heightM": 13.6,
        "levels": 4,
        "heightMethod": "footprint-area-estimate",
        "confidence": "estimated"
      }
    },
    {
      "type": "Feature",
      "id": "osm-building-885073908",
      "geometry": {
        "type": "Polygon",
        "coordinates": [
          [
            [
              118.7052911,
              32.0486244
            ],
            [
              118.7051969,
              32.0484942
            ],
            [
              118.7057421,
              32.0482109
            ],
            [
              118.7058363,
              32.0483411
            ],
            [
              118.7052911,
              32.0486244
            ]
          ]
        ]
      },
      "properties": {
        "id": "osm-building-885073908",
        "name": {
          "zh": null,
          "en": null
        },
        "category": "residential",
        "source": "OpenStreetMap",
        "sourceId": 885073908,
        "sourceCrs": "EPSG:4326",
        "areaM2": 1019,
        "lod": 0,
        "status": "existing",
        "heightM": 13.6,
        "levels": 4,
        "heightMethod": "footprint-area-estimate",
        "confidence": "estimated"
      }
    },
    {
      "type": "Feature",
      "id": "osm-building-885073909",
      "geometry": {
        "type": "Polygon",
        "coordinates": [
          [
            [
              118.7045097,
              32.0487281
            ],
            [
              118.7044072,
              32.0485955
            ],
            [
              118.7048673,
              32.0483401
            ],
            [
              118.7049698,
              32.0484728
            ],
            [
              118.7045097,
              32.0487281
            ]
          ]
        ]
      },
      "properties": {
        "id": "osm-building-885073909",
        "name": {
          "zh": null,
          "en": null
        },
        "category": "residential",
        "source": "OpenStreetMap",
        "sourceId": 885073909,
        "sourceCrs": "EPSG:4326",
        "areaM2": 910,
        "lod": 0,
        "status": "existing",
        "heightM": 13.6,
        "levels": 4,
        "heightMethod": "footprint-area-estimate",
        "confidence": "estimated"
      }
    },
    {
      "type": "Feature",
      "id": "osm-building-885073910",
      "geometry": {
        "type": "Polygon",
        "coordinates": [
          [
            [
              118.7051397,
              32.0483872
            ],
            [
              118.7050455,
              32.048257
            ],
            [
              118.7055907,
              32.0479737
            ],
            [
              118.7056849,
              32.0481039
            ],
            [
              118.7051397,
              32.0483872
            ]
          ]
        ]
      },
      "properties": {
        "id": "osm-building-885073910",
        "name": {
          "zh": null,
          "en": null
        },
        "category": "residential",
        "source": "OpenStreetMap",
        "sourceId": 885073910,
        "sourceCrs": "EPSG:4326",
        "areaM2": 1019,
        "lod": 0,
        "status": "existing",
        "heightM": 13.6,
        "levels": 4,
        "heightMethod": "footprint-area-estimate",
        "confidence": "estimated"
      }
    },
    {
      "type": "Feature",
      "id": "osm-building-885073911",
      "geometry": {
        "type": "Polygon",
        "coordinates": [
          [
            [
              118.7043514,
              32.0484127
            ],
            [
              118.7042489,
              32.0482801
            ],
            [
              118.704709,
              32.0480246
            ],
            [
              118.7048115,
              32.0481573
            ],
            [
              118.7043514,
              32.0484127
            ]
          ]
        ]
      },
      "properties": {
        "id": "osm-building-885073911",
        "name": {
          "zh": null,
          "en": null
        },
        "category": "residential",
        "source": "OpenStreetMap",
        "sourceId": 885073911,
        "sourceCrs": "EPSG:4326",
        "areaM2": 910,
        "lod": 0,
        "status": "existing",
        "heightM": 13.6,
        "levels": 4,
        "heightMethod": "footprint-area-estimate",
        "confidence": "estimated"
      }
    },
    {
      "type": "Feature",
      "id": "osm-building-885073912",
      "geometry": {
        "type": "Polygon",
        "coordinates": [
          [
            [
              118.7049814,
              32.0480717
            ],
            [
              118.7048872,
              32.0479415
            ],
            [
              118.7054324,
              32.0476583
            ],
            [
              118.7055266,
              32.0477885
            ],
            [
              118.7049814,
              32.0480717
            ]
          ]
        ]
      },
      "properties": {
        "id": "osm-building-885073912",
        "name": {
          "zh": null,
          "en": null
        },
        "category": "residential",
        "source": "OpenStreetMap",
        "sourceId": 885073912,
        "sourceCrs": "EPSG:4326",
        "areaM2": 1019,
        "lod": 0,
        "status": "existing",
        "heightM": 13.6,
        "levels": 4,
        "heightMethod": "footprint-area-estimate",
        "confidence": "estimated"
      }
    },
    {
      "type": "Feature",
      "id": "osm-building-885073913",
      "geometry": {
        "type": "Polygon",
        "coordinates": [
          [
            [
              118.7041655,
              32.0481692
            ],
            [
              118.704063,
              32.0480366
            ],
            [
              118.7045231,
              32.0477812
            ],
            [
              118.7046256,
              32.0479138
            ],
            [
              118.7041655,
              32.0481692
            ]
          ]
        ]
      },
      "properties": {
        "id": "osm-building-885073913",
        "name": {
          "zh": null,
          "en": null
        },
        "category": "residential",
        "source": "OpenStreetMap",
        "sourceId": 885073913,
        "sourceCrs": "EPSG:4326",
        "areaM2": 909,
        "lod": 0,
        "status": "existing",
        "heightM": 13.6,
        "levels": 4,
        "heightMethod": "footprint-area-estimate",
        "confidence": "estimated"
      }
    },
    {
      "type": "Feature",
      "id": "osm-building-885073914",
      "geometry": {
        "type": "Polygon",
        "coordinates": [
          [
            [
              118.7047956,
              32.0478283
            ],
            [
              118.7047014,
              32.0476981
            ],
            [
              118.7052466,
              32.0474148
            ],
            [
              118.7053408,
              32.047545
            ],
            [
              118.7047956,
              32.0478283
            ]
          ]
        ]
      },
      "properties": {
        "id": "osm-building-885073914",
        "name": {
          "zh": null,
          "en": null
        },
        "category": "residential",
        "source": "OpenStreetMap",
        "sourceId": 885073914,
        "sourceCrs": "EPSG:4326",
        "areaM2": 1019,
        "lod": 0,
        "status": "existing",
        "heightM": 13.6,
        "levels": 4,
        "heightMethod": "footprint-area-estimate",
        "confidence": "estimated"
      }
    },
    {
      "type": "Feature",
      "id": "osm-building-885073915",
      "geometry": {
        "type": "Polygon",
        "coordinates": [
          [
            [
              118.7039931,
              32.04794
            ],
            [
              118.7038907,
              32.0478074
            ],
            [
              118.7043508,
              32.047552
            ],
            [
              118.7044533,
              32.0476847
            ],
            [
              118.7039931,
              32.04794
            ]
          ]
        ]
      },
      "properties": {
        "id": "osm-building-885073915",
        "name": {
          "zh": null,
          "en": null
        },
        "category": "residential",
        "source": "OpenStreetMap",
        "sourceId": 885073915,
        "sourceCrs": "EPSG:4326",
        "areaM2": 910,
        "lod": 0,
        "status": "existing",
        "heightM": 13.6,
        "levels": 4,
        "heightMethod": "footprint-area-estimate",
        "confidence": "estimated"
      }
    },
    {
      "type": "Feature",
      "id": "osm-building-885073916",
      "geometry": {
        "type": "Polygon",
        "coordinates": [
          [
            [
              118.7046232,
              32.0475991
            ],
            [
              118.704529,
              32.0474689
            ],
            [
              118.7050742,
              32.0471856
            ],
            [
              118.7051684,
              32.0473158
            ],
            [
              118.7046232,
              32.0475991
            ]
          ]
        ]
      },
      "properties": {
        "id": "osm-building-885073916",
        "name": {
          "zh": null,
          "en": null
        },
        "category": "residential",
        "source": "OpenStreetMap",
        "sourceId": 885073916,
        "sourceCrs": "EPSG:4326",
        "areaM2": 1019,
        "lod": 0,
        "status": "existing",
        "heightM": 13.6,
        "levels": 4,
        "heightMethod": "footprint-area-estimate",
        "confidence": "estimated"
      }
    },
    {
      "type": "Feature",
      "id": "osm-building-885073917",
      "geometry": {
        "type": "Polygon",
        "coordinates": [
          [
            [
              118.7038276,
              32.0476622
            ],
            [
              118.7037251,
              32.0475296
            ],
            [
              118.7041852,
              32.0472742
            ],
            [
              118.7042877,
              32.0474068
            ],
            [
              118.7038276,
              32.0476622
            ]
          ]
        ]
      },
      "properties": {
        "id": "osm-building-885073917",
        "name": {
          "zh": null,
          "en": null
        },
        "category": "residential",
        "source": "OpenStreetMap",
        "sourceId": 885073917,
        "sourceCrs": "EPSG:4326",
        "areaM2": 909,
        "lod": 0,
        "status": "existing",
        "heightM": 13.6,
        "levels": 4,
        "heightMethod": "footprint-area-estimate",
        "confidence": "estimated"
      }
    },
    {
      "type": "Feature",
      "id": "osm-building-885073918",
      "geometry": {
        "type": "Polygon",
        "coordinates": [
          [
            [
              118.7044576,
              32.0473213
            ],
            [
              118.7043634,
              32.0471911
            ],
            [
              118.7049086,
              32.0469078
            ],
            [
              118.7050028,
              32.047038
            ],
            [
              118.7044576,
              32.0473213
            ]
          ]
        ]
      },
      "properties": {
        "id": "osm-building-885073918",
        "name": {
          "zh": null,
          "en": null
        },
        "category": "residential",
        "source": "OpenStreetMap",
        "sourceId": 885073918,
        "sourceCrs": "EPSG:4326",
        "areaM2": 1019,
        "lod": 0,
        "status": "existing",
        "heightM": 13.6,
        "levels": 4,
        "heightMethod": "footprint-area-estimate",
        "confidence": "estimated"
      }
    },
    {
      "type": "Feature",
      "id": "osm-building-885073919",
      "geometry": {
        "type": "Polygon",
        "coordinates": [
          [
            [
              118.7071899,
              32.0488583
            ],
            [
              118.7070875,
              32.0487257
            ],
            [
              118.7075476,
              32.0484703
            ],
            [
              118.7076501,
              32.048603
            ],
            [
              118.7071899,
              32.0488583
            ]
          ]
        ]
      },
      "properties": {
        "id": "osm-building-885073919",
        "name": {
          "zh": null,
          "en": null
        },
        "category": "apartments",
        "source": "OpenStreetMap",
        "sourceId": 885073919,
        "sourceCrs": "EPSG:4326",
        "areaM2": 909,
        "lod": 0,
        "status": "existing",
        "heightM": 13.6,
        "levels": 4,
        "heightMethod": "footprint-area-estimate",
        "confidence": "estimated"
      }
    },
    {
      "type": "Feature",
      "id": "osm-building-885073920",
      "geometry": {
        "type": "Polygon",
        "coordinates": [
          [
            [
              118.70782,
              32.0485174
            ],
            [
              118.7077258,
              32.0483872
            ],
            [
              118.708271,
              32.0481039
            ],
            [
              118.7083652,
              32.0482341
            ],
            [
              118.70782,
              32.0485174
            ]
          ]
        ]
      },
      "properties": {
        "id": "osm-building-885073920",
        "name": {
          "zh": null,
          "en": null
        },
        "category": "apartments",
        "source": "OpenStreetMap",
        "sourceId": 885073920,
        "sourceCrs": "EPSG:4326",
        "areaM2": 1019,
        "lod": 0,
        "status": "existing",
        "heightM": 13.6,
        "levels": 4,
        "heightMethod": "footprint-area-estimate",
        "confidence": "estimated"
      }
    },
    {
      "type": "Feature",
      "id": "osm-building-885073921",
      "geometry": {
        "type": "Polygon",
        "coordinates": [
          [
            [
              118.7088743,
              32.0479717
            ],
            [
              118.7087719,
              32.0478391
            ],
            [
              118.709232,
              32.0475837
            ],
            [
              118.7093345,
              32.0477163
            ],
            [
              118.7088743,
              32.0479717
            ]
          ]
        ]
      },
      "properties": {
        "id": "osm-building-885073921",
        "name": {
          "zh": null,
          "en": null
        },
        "category": "apartments",
        "source": "OpenStreetMap",
        "sourceId": 885073921,
        "sourceCrs": "EPSG:4326",
        "areaM2": 909,
        "lod": 0,
        "status": "existing",
        "heightM": 13.6,
        "levels": 4,
        "heightMethod": "footprint-area-estimate",
        "confidence": "estimated"
      }
    },
    {
      "type": "Feature",
      "id": "osm-building-885073922",
      "geometry": {
        "type": "Polygon",
        "coordinates": [
          [
            [
              118.7095044,
              32.0476308
            ],
            [
              118.7094102,
              32.0475006
            ],
            [
              118.7099554,
              32.0472173
            ],
            [
              118.7100496,
              32.0473475
            ],
            [
              118.7095044,
              32.0476308
            ]
          ]
        ]
      },
      "properties": {
        "id": "osm-building-885073922",
        "name": {
          "zh": null,
          "en": null
        },
        "category": "apartments",
        "source": "OpenStreetMap",
        "sourceId": 885073922,
        "sourceCrs": "EPSG:4326",
        "areaM2": 1019,
        "lod": 0,
        "status": "existing",
        "heightM": 13.6,
        "levels": 4,
        "heightMethod": "footprint-area-estimate",
        "confidence": "estimated"
      }
    },
    {
      "type": "Feature",
      "id": "osm-building-885073923",
      "geometry": {
        "type": "Polygon",
        "coordinates": [
          [
            [
              118.708649,
              32.0474897
            ],
            [
              118.7085466,
              32.0473571
            ],
            [
              118.7090067,
              32.0471017
            ],
            [
              118.7091092,
              32.0472344
            ],
            [
              118.708649,
              32.0474897
            ]
          ]
        ]
      },
      "properties": {
        "id": "osm-building-885073923",
        "name": {
          "zh": null,
          "en": null
        },
        "category": "apartments",
        "source": "OpenStreetMap",
        "sourceId": 885073923,
        "sourceCrs": "EPSG:4326",
        "areaM2": 909,
        "lod": 0,
        "status": "existing",
        "heightM": 13.6,
        "levels": 4,
        "heightMethod": "footprint-area-estimate",
        "confidence": "estimated"
      }
    },
    {
      "type": "Feature",
      "id": "osm-building-885073924",
      "geometry": {
        "type": "Polygon",
        "coordinates": [
          [
            [
              118.7092791,
              32.0471488
            ],
            [
              118.7091849,
              32.0470186
            ],
            [
              118.7097301,
              32.0467353
            ],
            [
              118.7098243,
              32.0468655
            ],
            [
              118.7092791,
              32.0471488
            ]
          ]
        ]
      },
      "properties": {
        "id": "osm-building-885073924",
        "name": {
          "zh": null,
          "en": null
        },
        "category": "apartments",
        "source": "OpenStreetMap",
        "sourceId": 885073924,
        "sourceCrs": "EPSG:4326",
        "areaM2": 1019,
        "lod": 0,
        "status": "existing",
        "heightM": 13.6,
        "levels": 4,
        "heightMethod": "footprint-area-estimate",
        "confidence": "estimated"
      }
    },
    {
      "type": "Feature",
      "id": "osm-building-885073925",
      "geometry": {
        "type": "Polygon",
        "coordinates": [
          [
            [
              118.7064434,
              32.0479119
            ],
            [
              118.7063409,
              32.0477793
            ],
            [
              118.706801,
              32.0475238
            ],
            [
              118.7069035,
              32.0476565
            ],
            [
              118.7064434,
              32.0479119
            ]
          ]
        ]
      },
      "properties": {
        "id": "osm-building-885073925",
        "name": {
          "zh": null,
          "en": null
        },
        "category": "apartments",
        "source": "OpenStreetMap",
        "sourceId": 885073925,
        "sourceCrs": "EPSG:4326",
        "areaM2": 910,
        "lod": 0,
        "status": "existing",
        "heightM": 13.6,
        "levels": 4,
        "heightMethod": "footprint-area-estimate",
        "confidence": "estimated"
      }
    },
    {
      "type": "Feature",
      "id": "osm-building-885073926",
      "geometry": {
        "type": "Polygon",
        "coordinates": [
          [
            [
              118.7070735,
              32.0475709
            ],
            [
              118.7069793,
              32.0474407
            ],
            [
              118.7075245,
              32.0471574
            ],
            [
              118.7076187,
              32.0472876
            ],
            [
              118.7070735,
              32.0475709
            ]
          ]
        ]
      },
      "properties": {
        "id": "osm-building-885073926",
        "name": {
          "zh": null,
          "en": null
        },
        "category": "apartments",
        "source": "OpenStreetMap",
        "sourceId": 885073926,
        "sourceCrs": "EPSG:4326",
        "areaM2": 1019,
        "lod": 0,
        "status": "existing",
        "heightM": 13.6,
        "levels": 4,
        "heightMethod": "footprint-area-estimate",
        "confidence": "estimated"
      }
    },
    {
      "type": "Feature",
      "id": "osm-building-885073927",
      "geometry": {
        "type": "Polygon",
        "coordinates": [
          [
            [
              118.7062556,
              32.0476118
            ],
            [
              118.7061532,
              32.0474792
            ],
            [
              118.7066133,
              32.0472237
            ],
            [
              118.7067158,
              32.0473564
            ],
            [
              118.7062556,
              32.0476118
            ]
          ]
        ]
      },
      "properties": {
        "id": "osm-building-885073927",
        "name": {
          "zh": null,
          "en": null
        },
        "category": "apartments",
        "source": "OpenStreetMap",
        "sourceId": 885073927,
        "sourceCrs": "EPSG:4326",
        "areaM2": 910,
        "lod": 0,
        "status": "existing",
        "heightM": 13.6,
        "levels": 4,
        "heightMethod": "footprint-area-estimate",
        "confidence": "estimated"
      }
    },
    {
      "type": "Feature",
      "id": "osm-building-885073928",
      "geometry": {
        "type": "Polygon",
        "coordinates": [
          [
            [
              118.7068857,
              32.0472708
            ],
            [
              118.7067915,
              32.0471406
            ],
            [
              118.7073367,
              32.0468573
            ],
            [
              118.7074309,
              32.0469875
            ],
            [
              118.7068857,
              32.0472708
            ]
          ]
        ]
      },
      "properties": {
        "id": "osm-building-885073928",
        "name": {
          "zh": null,
          "en": null
        },
        "category": "apartments",
        "source": "OpenStreetMap",
        "sourceId": 885073928,
        "sourceCrs": "EPSG:4326",
        "areaM2": 1019,
        "lod": 0,
        "status": "existing",
        "heightM": 13.6,
        "levels": 4,
        "heightMethod": "footprint-area-estimate",
        "confidence": "estimated"
      }
    },
    {
      "type": "Feature",
      "id": "osm-building-885073929",
      "geometry": {
        "type": "Polygon",
        "coordinates": [
          [
            [
              118.7059981,
              32.047348
            ],
            [
              118.7058957,
              32.0472154
            ],
            [
              118.7063558,
              32.04696
            ],
            [
              118.7064583,
              32.0470927
            ],
            [
              118.7059981,
              32.047348
            ]
          ]
        ]
      },
      "properties": {
        "id": "osm-building-885073929",
        "name": {
          "zh": null,
          "en": null
        },
        "category": "apartments",
        "source": "OpenStreetMap",
        "sourceId": 885073929,
        "sourceCrs": "EPSG:4326",
        "areaM2": 910,
        "lod": 0,
        "status": "existing",
        "heightM": 13.6,
        "levels": 4,
        "heightMethod": "footprint-area-estimate",
        "confidence": "estimated"
      }
    },
    {
      "type": "Feature",
      "id": "osm-building-885073930",
      "geometry": {
        "type": "Polygon",
        "coordinates": [
          [
            [
              118.7066282,
              32.0470071
            ],
            [
              118.706534,
              32.0468769
            ],
            [
              118.7070792,
              32.0465936
            ],
            [
              118.7071734,
              32.0467238
            ],
            [
              118.7066282,
              32.0470071
            ]
          ]
        ]
      },
      "properties": {
        "id": "osm-building-885073930",
        "name": {
          "zh": null,
          "en": null
        },
        "category": "apartments",
        "source": "OpenStreetMap",
        "sourceId": 885073930,
        "sourceCrs": "EPSG:4326",
        "areaM2": 1019,
        "lod": 0,
        "status": "existing",
        "heightM": 13.6,
        "levels": 4,
        "heightMethod": "footprint-area-estimate",
        "confidence": "estimated"
      }
    },
    {
      "type": "Feature",
      "id": "osm-building-885073931",
      "geometry": {
        "type": "Polygon",
        "coordinates": [
          [
            [
              118.7058533,
              32.0470707
            ],
            [
              118.7057508,
              32.0469381
            ],
            [
              118.7062109,
              32.0466826
            ],
            [
              118.7063134,
              32.0468153
            ],
            [
              118.7058533,
              32.0470707
            ]
          ]
        ]
      },
      "properties": {
        "id": "osm-building-885073931",
        "name": {
          "zh": null,
          "en": null
        },
        "category": "apartments",
        "source": "OpenStreetMap",
        "sourceId": 885073931,
        "sourceCrs": "EPSG:4326",
        "areaM2": 910,
        "lod": 0,
        "status": "existing",
        "heightM": 13.6,
        "levels": 4,
        "heightMethod": "footprint-area-estimate",
        "confidence": "estimated"
      }
    },
    {
      "type": "Feature",
      "id": "osm-building-885073932",
      "geometry": {
        "type": "Polygon",
        "coordinates": [
          [
            [
              118.7064834,
              32.0467297
            ],
            [
              118.7063892,
              32.0465995
            ],
            [
              118.7069344,
              32.0463163
            ],
            [
              118.7070286,
              32.0464465
            ],
            [
              118.7064834,
              32.0467297
            ]
          ]
        ]
      },
      "properties": {
        "id": "osm-building-885073932",
        "name": {
          "zh": null,
          "en": null
        },
        "category": "apartments",
        "source": "OpenStreetMap",
        "sourceId": 885073932,
        "sourceCrs": "EPSG:4326",
        "areaM2": 1019,
        "lod": 0,
        "status": "existing",
        "heightM": 13.6,
        "levels": 4,
        "heightMethod": "footprint-area-estimate",
        "confidence": "estimated"
      }
    },
    {
      "type": "Feature",
      "id": "osm-building-885073933",
      "geometry": {
        "type": "Polygon",
        "coordinates": [
          [
            [
              118.7062956,
              32.0464251
            ],
            [
              118.7062014,
              32.0462949
            ],
            [
              118.7067466,
              32.0460116
            ],
            [
              118.7068408,
              32.0461418
            ],
            [
              118.7062956,
              32.0464251
            ]
          ]
        ]
      },
      "properties": {
        "id": "osm-building-885073933",
        "name": {
          "zh": null,
          "en": null
        },
        "category": "apartments",
        "source": "OpenStreetMap",
        "sourceId": 885073933,
        "sourceCrs": "EPSG:4326",
        "areaM2": 1019,
        "lod": 0,
        "status": "existing",
        "heightM": 13.6,
        "levels": 4,
        "heightMethod": "footprint-area-estimate",
        "confidence": "estimated"
      }
    },
    {
      "type": "Feature",
      "id": "osm-building-885073934",
      "geometry": {
        "type": "Polygon",
        "coordinates": [
          [
            [
              118.705355,
              32.0463423
            ],
            [
              118.7054922,
              32.0462692
            ],
            [
              118.7053443,
              32.0460699
            ],
            [
              118.7052071,
              32.046143
            ],
            [
              118.705355,
              32.0463423
            ]
          ]
        ]
      },
      "properties": {
        "id": "osm-building-885073934",
        "name": {
          "zh": null,
          "en": null
        },
        "category": "yes",
        "source": "OpenStreetMap",
        "sourceId": 885073934,
        "sourceCrs": "EPSG:4326",
        "areaM2": 398,
        "lod": 0,
        "status": "existing",
        "heightM": 10.2,
        "levels": 3,
        "heightMethod": "footprint-area-estimate",
        "confidence": "estimated"
      }
    },
    {
      "type": "Feature",
      "id": "osm-building-885073935",
      "geometry": {
        "type": "Polygon",
        "coordinates": [
          [
            [
              118.705597,
              32.0462272
            ],
            [
              118.7054413,
              32.046
            ],
            [
              118.7060434,
              32.0457037
            ],
            [
              118.706199,
              32.0459308
            ],
            [
              118.705597,
              32.0462272
            ]
          ]
        ]
      },
      "properties": {
        "id": "osm-building-885073935",
        "name": {
          "zh": null,
          "en": null
        },
        "category": "yes",
        "source": "OpenStreetMap",
        "sourceId": 885073935,
        "sourceCrs": "EPSG:4326",
        "areaM2": 1908,
        "lod": 0,
        "status": "existing",
        "heightM": 17,
        "levels": 5,
        "heightMethod": "footprint-area-estimate",
        "confidence": "estimated"
      }
    },
    {
      "type": "Feature",
      "id": "osm-building-885073936",
      "geometry": {
        "type": "Polygon",
        "coordinates": [
          [
            [
              118.7061847,
              32.0457287
            ],
            [
              118.705982,
              32.0454308
            ],
            [
              118.7061509,
              32.0452961
            ],
            [
              118.7063807,
              32.0456284
            ],
            [
              118.7061847,
              32.0457287
            ]
          ]
        ]
      },
      "properties": {
        "id": "osm-building-885073936",
        "name": {
          "zh": null,
          "en": null
        },
        "category": "yes",
        "source": "OpenStreetMap",
        "sourceId": 885073936,
        "sourceCrs": "EPSG:4326",
        "areaM2": 865,
        "lod": 0,
        "status": "existing",
        "heightM": 13.6,
        "levels": 4,
        "heightMethod": "footprint-area-estimate",
        "confidence": "estimated"
      }
    },
    {
      "type": "Feature",
      "id": "osm-building-885073937",
      "geometry": {
        "type": "Polygon",
        "coordinates": [
          [
            [
              118.6976934,
              32.0322734
            ],
            [
              118.6980511,
              32.0322832
            ],
            [
              118.6980685,
              32.0318284
            ],
            [
              118.6977106,
              32.0318186
            ],
            [
              118.6976934,
              32.0322734
            ]
          ]
        ]
      },
      "properties": {
        "id": "osm-building-885073937",
        "name": {
          "zh": null,
          "en": null
        },
        "category": "yes",
        "source": "OpenStreetMap",
        "sourceId": 885073937,
        "sourceCrs": "EPSG:4326",
        "areaM2": 1699,
        "lod": 0,
        "status": "existing",
        "heightM": 17,
        "levels": 5,
        "heightMethod": "footprint-area-estimate",
        "confidence": "estimated"
      }
    },
    {
      "type": "Feature",
      "id": "osm-building-885073938",
      "geometry": {
        "type": "Polygon",
        "coordinates": [
          [
            [
              118.6971539,
              32.0315582
            ],
            [
              118.6969668,
              32.0313493
            ],
            [
              118.6971265,
              32.0312466
            ],
            [
              118.6975916,
              32.0312808
            ],
            [
              118.6975804,
              32.0313894
            ],
            [
              118.6978676,
              32.0314105
            ],
            [
              118.6978341,
              32.0317386
            ],
            [
              118.6971406,
              32.0316877
            ],
            [
              118.6971539,
              32.0315582
            ]
          ]
        ]
      },
      "properties": {
        "id": "osm-building-885073938",
        "name": {
          "zh": null,
          "en": null
        },
        "category": "yes",
        "source": "OpenStreetMap",
        "sourceId": 885073938,
        "sourceCrs": "EPSG:4326",
        "areaM2": 3224,
        "lod": 0,
        "status": "existing",
        "heightM": 23.8,
        "levels": 7,
        "heightMethod": "footprint-area-estimate",
        "confidence": "estimated"
      }
    },
    {
      "type": "Feature",
      "id": "osm-building-885073939",
      "geometry": {
        "type": "Polygon",
        "coordinates": [
          [
            [
              118.6990312,
              32.0312923
            ],
            [
              118.6988259,
              32.0310821
            ],
            [
              118.698568,
              32.031263
            ],
            [
              118.6983798,
              32.0310702
            ],
            [
              118.6987699,
              32.0307964
            ],
            [
              118.6991635,
              32.0311994
            ],
            [
              118.6990312,
              32.0312923
            ]
          ]
        ]
      },
      "properties": {
        "id": "osm-building-885073939",
        "name": {
          "zh": null,
          "en": null
        },
        "category": "yes",
        "source": "OpenStreetMap",
        "sourceId": 885073939,
        "sourceCrs": "EPSG:4326",
        "areaM2": 1812,
        "lod": 0,
        "status": "existing",
        "heightM": 17,
        "levels": 5,
        "heightMethod": "footprint-area-estimate",
        "confidence": "estimated"
      }
    },
    {
      "type": "Feature",
      "id": "osm-building-885073940",
      "geometry": {
        "type": "Polygon",
        "coordinates": [
          [
            [
              118.6976856,
              32.0311114
            ],
            [
              118.6986627,
              32.0304262
            ],
            [
              118.6984752,
              32.0302341
            ],
            [
              118.6974982,
              32.0309194
            ],
            [
              118.6976856,
              32.0311114
            ]
          ]
        ]
      },
      "properties": {
        "id": "osm-building-885073940",
        "name": {
          "zh": null,
          "en": null
        },
        "category": "yes",
        "source": "OpenStreetMap",
        "sourceId": 885073940,
        "sourceCrs": "EPSG:4326",
        "areaM2": 3297,
        "lod": 0,
        "status": "existing",
        "heightM": 23.8,
        "levels": 7,
        "heightMethod": "footprint-area-estimate",
        "confidence": "estimated"
      }
    },
    {
      "type": "Feature",
      "id": "osm-building-885073941",
      "geometry": {
        "type": "Polygon",
        "coordinates": [
          [
            [
              118.6928207,
              32.0253174
            ],
            [
              118.6931549,
              32.025326
            ],
            [
              118.6931597,
              32.025189
            ],
            [
              118.6928256,
              32.0251805
            ],
            [
              118.6928207,
              32.0253174
            ]
          ]
        ]
      },
      "properties": {
        "id": "osm-building-885073941",
        "name": {
          "zh": null,
          "en": null
        },
        "category": "apartments",
        "source": "OpenStreetMap",
        "sourceId": 885073941,
        "sourceCrs": "EPSG:4326",
        "areaM2": 478,
        "lod": 0,
        "status": "existing",
        "heightM": 10.2,
        "levels": 3,
        "heightMethod": "footprint-area-estimate",
        "confidence": "estimated"
      }
    },
    {
      "type": "Feature",
      "id": "osm-building-885073942",
      "geometry": {
        "type": "Polygon",
        "coordinates": [
          [
            [
              118.6932852,
              32.0250766
            ],
            [
              118.6936193,
              32.0250851
            ],
            [
              118.6936242,
              32.0249482
            ],
            [
              118.6932901,
              32.0249397
            ],
            [
              118.6932852,
              32.0250766
            ]
          ]
        ]
      },
      "properties": {
        "id": "osm-building-885073942",
        "name": {
          "zh": null,
          "en": null
        },
        "category": "apartments",
        "source": "OpenStreetMap",
        "sourceId": 885073942,
        "sourceCrs": "EPSG:4326",
        "areaM2": 478,
        "lod": 0,
        "status": "existing",
        "heightM": 10.2,
        "levels": 3,
        "heightMethod": "footprint-area-estimate",
        "confidence": "estimated"
      }
    },
    {
      "type": "Feature",
      "id": "osm-building-885073943",
      "geometry": {
        "type": "Polygon",
        "coordinates": [
          [
            [
              118.6938293,
              32.0248331
            ],
            [
              118.6941634,
              32.0248416
            ],
            [
              118.6941683,
              32.0247047
            ],
            [
              118.6938341,
              32.0246962
            ],
            [
              118.6938293,
              32.0248331
            ]
          ]
        ]
      },
      "properties": {
        "id": "osm-building-885073943",
        "name": {
          "zh": null,
          "en": null
        },
        "category": "apartments",
        "source": "OpenStreetMap",
        "sourceId": 885073943,
        "sourceCrs": "EPSG:4326",
        "areaM2": 478,
        "lod": 0,
        "status": "existing",
        "heightM": 10.2,
        "levels": 3,
        "heightMethod": "footprint-area-estimate",
        "confidence": "estimated"
      }
    },
    {
      "type": "Feature",
      "id": "osm-building-885073944",
      "geometry": {
        "type": "Polygon",
        "coordinates": [
          [
            [
              118.6934643,
              32.0244291
            ],
            [
              118.6937985,
              32.0244376
            ],
            [
              118.6938033,
              32.0243007
            ],
            [
              118.6934692,
              32.0242922
            ],
            [
              118.6934643,
              32.0244291
            ]
          ]
        ]
      },
      "properties": {
        "id": "osm-building-885073944",
        "name": {
          "zh": null,
          "en": null
        },
        "category": "apartments",
        "source": "OpenStreetMap",
        "sourceId": 885073944,
        "sourceCrs": "EPSG:4326",
        "areaM2": 478,
        "lod": 0,
        "status": "existing",
        "heightM": 10.2,
        "levels": 3,
        "heightMethod": "footprint-area-estimate",
        "confidence": "estimated"
      }
    },
    {
      "type": "Feature",
      "id": "osm-building-885073945",
      "geometry": {
        "type": "Polygon",
        "coordinates": [
          [
            [
              118.6924775,
              32.0244434
            ],
            [
              118.6928117,
              32.024452
            ],
            [
              118.6928165,
              32.024315
            ],
            [
              118.6924824,
              32.0243065
            ],
            [
              118.6924775,
              32.0244434
            ]
          ]
        ]
      },
      "properties": {
        "id": "osm-building-885073945",
        "name": {
          "zh": null,
          "en": null
        },
        "category": "apartments",
        "source": "OpenStreetMap",
        "sourceId": 885073945,
        "sourceCrs": "EPSG:4326",
        "areaM2": 478,
        "lod": 0,
        "status": "existing",
        "heightM": 10.2,
        "levels": 3,
        "heightMethod": "footprint-area-estimate",
        "confidence": "estimated"
      }
    },
    {
      "type": "Feature",
      "id": "osm-building-885073946",
      "geometry": {
        "type": "Polygon",
        "coordinates": [
          [
            [
              118.691707,
              32.0244291
            ],
            [
              118.6920412,
              32.0244376
            ],
            [
              118.692046,
              32.0243007
            ],
            [
              118.6917119,
              32.0242922
            ],
            [
              118.691707,
              32.0244291
            ]
          ]
        ]
      },
      "properties": {
        "id": "osm-building-885073946",
        "name": {
          "zh": null,
          "en": null
        },
        "category": "apartments",
        "source": "OpenStreetMap",
        "sourceId": 885073946,
        "sourceCrs": "EPSG:4326",
        "areaM2": 478,
        "lod": 0,
        "status": "existing",
        "heightM": 10.2,
        "levels": 3,
        "heightMethod": "footprint-area-estimate",
        "confidence": "estimated"
      }
    },
    {
      "type": "Feature",
      "id": "osm-building-885073947",
      "geometry": {
        "type": "Polygon",
        "coordinates": [
          [
            [
              118.6920822,
              32.0250394
            ],
            [
              118.6924163,
              32.0250479
            ],
            [
              118.6924211,
              32.024911
            ],
            [
              118.692087,
              32.0249025
            ],
            [
              118.6920822,
              32.0250394
            ]
          ]
        ]
      },
      "properties": {
        "id": "osm-building-885073947",
        "name": {
          "zh": null,
          "en": null
        },
        "category": "apartments",
        "source": "OpenStreetMap",
        "sourceId": 885073947,
        "sourceCrs": "EPSG:4326",
        "areaM2": 478,
        "lod": 0,
        "status": "existing",
        "heightM": 10.2,
        "levels": 3,
        "heightMethod": "footprint-area-estimate",
        "confidence": "estimated"
      }
    },
    {
      "type": "Feature",
      "id": "osm-building-885073948",
      "geometry": {
        "type": "Polygon",
        "coordinates": [
          [
            [
              118.692339,
              32.0255837
            ],
            [
              118.6926731,
              32.0255923
            ],
            [
              118.692678,
              32.0254553
            ],
            [
              118.6923438,
              32.0254468
            ],
            [
              118.692339,
              32.0255837
            ]
          ]
        ]
      },
      "properties": {
        "id": "osm-building-885073948",
        "name": {
          "zh": null,
          "en": null
        },
        "category": "apartments",
        "source": "OpenStreetMap",
        "sourceId": 885073948,
        "sourceCrs": "EPSG:4326",
        "areaM2": 478,
        "lod": 0,
        "status": "existing",
        "heightM": 10.2,
        "levels": 3,
        "heightMethod": "footprint-area-estimate",
        "confidence": "estimated"
      }
    },
    {
      "type": "Feature",
      "id": "osm-building-885073949",
      "geometry": {
        "type": "Polygon",
        "coordinates": [
          [
            [
              118.6930044,
              32.0239483
            ],
            [
              118.6933385,
              32.0239569
            ],
            [
              118.6933434,
              32.0238199
            ],
            [
              118.6930093,
              32.0238114
            ],
            [
              118.6930044,
              32.0239483
            ]
          ]
        ]
      },
      "properties": {
        "id": "osm-building-885073949",
        "name": {
          "zh": null,
          "en": null
        },
        "category": "apartments",
        "source": "OpenStreetMap",
        "sourceId": 885073949,
        "sourceCrs": "EPSG:4326",
        "areaM2": 478,
        "lod": 0,
        "status": "existing",
        "heightM": 10.2,
        "levels": 3,
        "heightMethod": "footprint-area-estimate",
        "confidence": "estimated"
      }
    },
    {
      "type": "Feature",
      "id": "osm-building-885073950",
      "geometry": {
        "type": "Polygon",
        "coordinates": [
          [
            [
              118.6927611,
              32.0234641
            ],
            [
              118.6930952,
              32.0234727
            ],
            [
              118.6931001,
              32.0233357
            ],
            [
              118.6927659,
              32.0233272
            ],
            [
              118.6927611,
              32.0234641
            ]
          ]
        ]
      },
      "properties": {
        "id": "osm-building-885073950",
        "name": {
          "zh": null,
          "en": null
        },
        "category": "apartments",
        "source": "OpenStreetMap",
        "sourceId": 885073950,
        "sourceCrs": "EPSG:4326",
        "areaM2": 478,
        "lod": 0,
        "status": "existing",
        "heightM": 10.2,
        "levels": 3,
        "heightMethod": "footprint-area-estimate",
        "confidence": "estimated"
      }
    },
    {
      "type": "Feature",
      "id": "osm-building-885073951",
      "geometry": {
        "type": "Polygon",
        "coordinates": [
          [
            [
              118.6920702,
              32.0234858
            ],
            [
              118.6924255,
              32.0234765
            ],
            [
              118.692421,
              32.0233529
            ],
            [
              118.6920657,
              32.0233623
            ],
            [
              118.6920702,
              32.0234858
            ]
          ]
        ]
      },
      "properties": {
        "id": "osm-building-885073951",
        "name": {
          "zh": null,
          "en": null
        },
        "category": "apartments",
        "source": "OpenStreetMap",
        "sourceId": 885073951,
        "sourceCrs": "EPSG:4326",
        "areaM2": 458,
        "lod": 0,
        "status": "existing",
        "heightM": 10.2,
        "levels": 3,
        "heightMethod": "footprint-area-estimate",
        "confidence": "estimated"
      }
    },
    {
      "type": "Feature",
      "id": "osm-building-885073952",
      "geometry": {
        "type": "Polygon",
        "coordinates": [
          [
            [
              118.6925758,
              32.0230916
            ],
            [
              118.6929069,
              32.0230915
            ],
            [
              118.6929068,
              32.0229751
            ],
            [
              118.6925757,
              32.0229752
            ],
            [
              118.6925758,
              32.0230916
            ]
          ]
        ]
      },
      "properties": {
        "id": "osm-building-885073952",
        "name": {
          "zh": null,
          "en": null
        },
        "category": "apartments",
        "source": "OpenStreetMap",
        "sourceId": 885073952,
        "sourceCrs": "EPSG:4326",
        "areaM2": 402,
        "lod": 0,
        "status": "existing",
        "heightM": 10.2,
        "levels": 3,
        "heightMethod": "footprint-area-estimate",
        "confidence": "estimated"
      }
    },
    {
      "type": "Feature",
      "id": "osm-building-885073953",
      "geometry": {
        "type": "Polygon",
        "coordinates": [
          [
            [
              118.6915927,
              32.0238353
            ],
            [
              118.691914,
              32.0238297
            ],
            [
              118.6919111,
              32.0237128
            ],
            [
              118.6915898,
              32.0237184
            ],
            [
              118.6915927,
              32.0238353
            ]
          ]
        ]
      },
      "properties": {
        "id": "osm-building-885073953",
        "name": {
          "zh": null,
          "en": null
        },
        "category": "apartments",
        "source": "OpenStreetMap",
        "sourceId": 885073953,
        "sourceCrs": "EPSG:4326",
        "areaM2": 392,
        "lod": 0,
        "status": "existing",
        "heightM": 10.2,
        "levels": 3,
        "heightMethod": "footprint-area-estimate",
        "confidence": "estimated"
      }
    },
    {
      "type": "Feature",
      "id": "osm-building-1046398769",
      "geometry": {
        "type": "Polygon",
        "coordinates": [
          [
            [
              118.6956398,
              32.0008801
            ],
            [
              118.6956392,
              32.0007734
            ],
            [
              118.6959449,
              32.0007722
            ],
            [
              118.6959455,
              32.0008788
            ],
            [
              118.6956398,
              32.0008801
            ]
          ]
        ]
      },
      "properties": {
        "id": "osm-building-1046398769",
        "name": {
          "zh": null,
          "en": null
        },
        "category": "yes",
        "source": "OpenStreetMap",
        "sourceId": 1046398769,
        "sourceCrs": "EPSG:4326",
        "areaM2": 340,
        "lod": 0,
        "status": "existing",
        "heightM": 10.2,
        "levels": 3,
        "heightMethod": "footprint-area-estimate",
        "confidence": "estimated"
      }
    },
    {
      "type": "Feature",
      "id": "osm-building-1046398770",
      "geometry": {
        "type": "Polygon",
        "coordinates": [
          [
            [
              118.6960143,
              32.000873
            ],
            [
              118.6960137,
              32.0007664
            ],
            [
              118.6963193,
              32.0007651
            ],
            [
              118.6963199,
              32.0008718
            ],
            [
              118.6960143,
              32.000873
            ]
          ]
        ]
      },
      "properties": {
        "id": "osm-building-1046398770",
        "name": {
          "zh": null,
          "en": null
        },
        "category": "yes",
        "source": "OpenStreetMap",
        "sourceId": 1046398770,
        "sourceCrs": "EPSG:4326",
        "areaM2": 340,
        "lod": 0,
        "status": "existing",
        "heightM": 10.2,
        "levels": 3,
        "heightMethod": "footprint-area-estimate",
        "confidence": "estimated"
      }
    },
    {
      "type": "Feature",
      "id": "osm-building-1046398771",
      "geometry": {
        "type": "Polygon",
        "coordinates": [
          [
            [
              118.6957378,
              32.0011728
            ],
            [
              118.6957372,
              32.0010662
            ],
            [
              118.6960428,
              32.0010649
            ],
            [
              118.6960434,
              32.0011716
            ],
            [
              118.6957378,
              32.0011728
            ]
          ]
        ]
      },
      "properties": {
        "id": "osm-building-1046398771",
        "name": {
          "zh": null,
          "en": null
        },
        "category": "yes",
        "source": "OpenStreetMap",
        "sourceId": 1046398771,
        "sourceCrs": "EPSG:4326",
        "areaM2": 340,
        "lod": 0,
        "status": "existing",
        "heightM": 10.2,
        "levels": 3,
        "heightMethod": "footprint-area-estimate",
        "confidence": "estimated"
      }
    },
    {
      "type": "Feature",
      "id": "osm-building-1046398772",
      "geometry": {
        "type": "Polygon",
        "coordinates": [
          [
            [
              118.6961046,
              32.0011611
            ],
            [
              118.696104,
              32.0010544
            ],
            [
              118.6964096,
              32.0010532
            ],
            [
              118.6964102,
              32.0011598
            ],
            [
              118.6961046,
              32.0011611
            ]
          ]
        ]
      },
      "properties": {
        "id": "osm-building-1046398772",
        "name": {
          "zh": null,
          "en": null
        },
        "category": "yes",
        "source": "OpenStreetMap",
        "sourceId": 1046398772,
        "sourceCrs": "EPSG:4326",
        "areaM2": 340,
        "lod": 0,
        "status": "existing",
        "heightM": 10.2,
        "levels": 3,
        "heightMethod": "footprint-area-estimate",
        "confidence": "estimated"
      }
    },
    {
      "type": "Feature",
      "id": "osm-building-1046398773",
      "geometry": {
        "type": "Polygon",
        "coordinates": [
          [
            [
              118.6957156,
              32.001453
            ],
            [
              118.6957149,
              32.0013463
            ],
            [
              118.6960206,
              32.0013451
            ],
            [
              118.6960212,
              32.0014517
            ],
            [
              118.6957156,
              32.001453
            ]
          ]
        ]
      },
      "properties": {
        "id": "osm-building-1046398773",
        "name": {
          "zh": null,
          "en": null
        },
        "category": "yes",
        "source": "OpenStreetMap",
        "sourceId": 1046398773,
        "sourceCrs": "EPSG:4326",
        "areaM2": 340,
        "lod": 0,
        "status": "existing",
        "heightM": 10.2,
        "levels": 3,
        "heightMethod": "footprint-area-estimate",
        "confidence": "estimated"
      }
    },
    {
      "type": "Feature",
      "id": "osm-building-1046398774",
      "geometry": {
        "type": "Polygon",
        "coordinates": [
          [
            [
              118.6960803,
              32.0014468
            ],
            [
              118.6960797,
              32.0013402
            ],
            [
              118.6963853,
              32.0013389
            ],
            [
              118.6963859,
              32.0014456
            ],
            [
              118.6960803,
              32.0014468
            ]
          ]
        ]
      },
      "properties": {
        "id": "osm-building-1046398774",
        "name": {
          "zh": null,
          "en": null
        },
        "category": "yes",
        "source": "OpenStreetMap",
        "sourceId": 1046398774,
        "sourceCrs": "EPSG:4326",
        "areaM2": 340,
        "lod": 0,
        "status": "existing",
        "heightM": 10.2,
        "levels": 3,
        "heightMethod": "footprint-area-estimate",
        "confidence": "estimated"
      }
    },
    {
      "type": "Feature",
      "id": "osm-building-1046398775",
      "geometry": {
        "type": "Polygon",
        "coordinates": [
          [
            [
              118.6956909,
              32.001744
            ],
            [
              118.6956903,
              32.0016374
            ],
            [
              118.6959959,
              32.0016361
            ],
            [
              118.6959965,
              32.0017428
            ],
            [
              118.6956909,
              32.001744
            ]
          ]
        ]
      },
      "properties": {
        "id": "osm-building-1046398775",
        "name": {
          "zh": null,
          "en": null
        },
        "category": "yes",
        "source": "OpenStreetMap",
        "sourceId": 1046398775,
        "sourceCrs": "EPSG:4326",
        "areaM2": 340,
        "lod": 0,
        "status": "existing",
        "heightM": 10.2,
        "levels": 3,
        "heightMethod": "footprint-area-estimate",
        "confidence": "estimated"
      }
    },
    {
      "type": "Feature",
      "id": "osm-building-1046398776",
      "geometry": {
        "type": "Polygon",
        "coordinates": [
          [
            [
              118.6960483,
              32.0017416
            ],
            [
              118.6960477,
              32.001635
            ],
            [
              118.6963533,
              32.0016337
            ],
            [
              118.6963539,
              32.0017404
            ],
            [
              118.6960483,
              32.0017416
            ]
          ]
        ]
      },
      "properties": {
        "id": "osm-building-1046398776",
        "name": {
          "zh": null,
          "en": null
        },
        "category": "yes",
        "source": "OpenStreetMap",
        "sourceId": 1046398776,
        "sourceCrs": "EPSG:4326",
        "areaM2": 340,
        "lod": 0,
        "status": "existing",
        "heightM": 10.2,
        "levels": 3,
        "heightMethod": "footprint-area-estimate",
        "confidence": "estimated"
      }
    },
    {
      "type": "Feature",
      "id": "osm-building-1046398777",
      "geometry": {
        "type": "Polygon",
        "coordinates": [
          [
            [
              118.6956777,
              32.0020247
            ],
            [
              118.6956771,
              32.0019181
            ],
            [
              118.6959827,
              32.0019168
            ],
            [
              118.6959833,
              32.0020235
            ],
            [
              118.6956777,
              32.0020247
            ]
          ]
        ]
      },
      "properties": {
        "id": "osm-building-1046398777",
        "name": {
          "zh": null,
          "en": null
        },
        "category": "yes",
        "source": "OpenStreetMap",
        "sourceId": 1046398777,
        "sourceCrs": "EPSG:4326",
        "areaM2": 340,
        "lod": 0,
        "status": "existing",
        "heightM": 10.2,
        "levels": 3,
        "heightMethod": "footprint-area-estimate",
        "confidence": "estimated"
      }
    },
    {
      "type": "Feature",
      "id": "osm-building-1046398778",
      "geometry": {
        "type": "Polygon",
        "coordinates": [
          [
            [
              118.6960612,
              32.00202
            ],
            [
              118.6960605,
              32.0019134
            ],
            [
              118.6963662,
              32.0019121
            ],
            [
              118.6963668,
              32.0020188
            ],
            [
              118.6960612,
              32.00202
            ]
          ]
        ]
      },
      "properties": {
        "id": "osm-building-1046398778",
        "name": {
          "zh": null,
          "en": null
        },
        "category": "yes",
        "source": "OpenStreetMap",
        "sourceId": 1046398778,
        "sourceCrs": "EPSG:4326",
        "areaM2": 340,
        "lod": 0,
        "status": "existing",
        "heightM": 10.2,
        "levels": 3,
        "heightMethod": "footprint-area-estimate",
        "confidence": "estimated"
      }
    },
    {
      "type": "Feature",
      "id": "osm-building-1046398779",
      "geometry": {
        "type": "Polygon",
        "coordinates": [
          [
            [
              118.6956924,
              32.0023158
            ],
            [
              118.6956917,
              32.0022091
            ],
            [
              118.6959974,
              32.0022079
            ],
            [
              118.695998,
              32.0023145
            ],
            [
              118.6956924,
              32.0023158
            ]
          ]
        ]
      },
      "properties": {
        "id": "osm-building-1046398779",
        "name": {
          "zh": null,
          "en": null
        },
        "category": "yes",
        "source": "OpenStreetMap",
        "sourceId": 1046398779,
        "sourceCrs": "EPSG:4326",
        "areaM2": 340,
        "lod": 0,
        "status": "existing",
        "heightM": 10.2,
        "levels": 3,
        "heightMethod": "footprint-area-estimate",
        "confidence": "estimated"
      }
    },
    {
      "type": "Feature",
      "id": "osm-building-1046398780",
      "geometry": {
        "type": "Polygon",
        "coordinates": [
          [
            [
              118.6960523,
              32.0023151
            ],
            [
              118.6960517,
              32.0022085
            ],
            [
              118.6963574,
              32.0022072
            ],
            [
              118.696358,
              32.0023139
            ],
            [
              118.6960523,
              32.0023151
            ]
          ]
        ]
      },
      "properties": {
        "id": "osm-building-1046398780",
        "name": {
          "zh": null,
          "en": null
        },
        "category": "yes",
        "source": "OpenStreetMap",
        "sourceId": 1046398780,
        "sourceCrs": "EPSG:4326",
        "areaM2": 340,
        "lod": 0,
        "status": "existing",
        "heightM": 10.2,
        "levels": 3,
        "heightMethod": "footprint-area-estimate",
        "confidence": "estimated"
      }
    },
    {
      "type": "Feature",
      "id": "osm-building-1046398781",
      "geometry": {
        "type": "Polygon",
        "coordinates": [
          [
            [
              118.6956835,
              32.0025991
            ],
            [
              118.6956829,
              32.0024925
            ],
            [
              118.6959885,
              32.0024912
            ],
            [
              118.6959891,
              32.0025979
            ],
            [
              118.6956835,
              32.0025991
            ]
          ]
        ]
      },
      "properties": {
        "id": "osm-building-1046398781",
        "name": {
          "zh": null,
          "en": null
        },
        "category": "yes",
        "source": "OpenStreetMap",
        "sourceId": 1046398781,
        "sourceCrs": "EPSG:4326",
        "areaM2": 340,
        "lod": 0,
        "status": "existing",
        "heightM": 10.2,
        "levels": 3,
        "heightMethod": "footprint-area-estimate",
        "confidence": "estimated"
      }
    },
    {
      "type": "Feature",
      "id": "osm-building-1046398782",
      "geometry": {
        "type": "Polygon",
        "coordinates": [
          [
            [
              118.6960582,
              32.0026029
            ],
            [
              118.6960576,
              32.0024962
            ],
            [
              118.6963633,
              32.002495
            ],
            [
              118.6963639,
              32.0026016
            ],
            [
              118.6960582,
              32.0026029
            ]
          ]
        ]
      },
      "properties": {
        "id": "osm-building-1046398782",
        "name": {
          "zh": null,
          "en": null
        },
        "category": "yes",
        "source": "OpenStreetMap",
        "sourceId": 1046398782,
        "sourceCrs": "EPSG:4326",
        "areaM2": 340,
        "lod": 0,
        "status": "existing",
        "heightM": 10.2,
        "levels": 3,
        "heightMethod": "footprint-area-estimate",
        "confidence": "estimated"
      }
    },
    {
      "type": "Feature",
      "id": "osm-building-1046398783",
      "geometry": {
        "type": "Polygon",
        "coordinates": [
          [
            [
              118.6956717,
              32.0028887
            ],
            [
              118.6956711,
              32.0027821
            ],
            [
              118.6959767,
              32.0027808
            ],
            [
              118.6959773,
              32.0028875
            ],
            [
              118.6956717,
              32.0028887
            ]
          ]
        ]
      },
      "properties": {
        "id": "osm-building-1046398783",
        "name": {
          "zh": null,
          "en": null
        },
        "category": "yes",
        "source": "OpenStreetMap",
        "sourceId": 1046398783,
        "sourceCrs": "EPSG:4326",
        "areaM2": 340,
        "lod": 0,
        "status": "existing",
        "heightM": 10.2,
        "levels": 3,
        "heightMethod": "footprint-area-estimate",
        "confidence": "estimated"
      }
    },
    {
      "type": "Feature",
      "id": "osm-building-1046398784",
      "geometry": {
        "type": "Polygon",
        "coordinates": [
          [
            [
              118.6960531,
              32.0028943
            ],
            [
              118.6960525,
              32.0027877
            ],
            [
              118.6963581,
              32.0027864
            ],
            [
              118.6963587,
              32.0028931
            ],
            [
              118.6960531,
              32.0028943
            ]
          ]
        ]
      },
      "properties": {
        "id": "osm-building-1046398784",
        "name": {
          "zh": null,
          "en": null
        },
        "category": "yes",
        "source": "OpenStreetMap",
        "sourceId": 1046398784,
        "sourceCrs": "EPSG:4326",
        "areaM2": 340,
        "lod": 0,
        "status": "existing",
        "heightM": 10.2,
        "levels": 3,
        "heightMethod": "footprint-area-estimate",
        "confidence": "estimated"
      }
    },
    {
      "type": "Feature",
      "id": "osm-building-1046398785",
      "geometry": {
        "type": "Polygon",
        "coordinates": [
          [
            [
              118.6956606,
              32.0031983
            ],
            [
              118.69566,
              32.0030917
            ],
            [
              118.6959656,
              32.0030905
            ],
            [
              118.6959662,
              32.0031971
            ],
            [
              118.6956606,
              32.0031983
            ]
          ]
        ]
      },
      "properties": {
        "id": "osm-building-1046398785",
        "name": {
          "zh": null,
          "en": null
        },
        "category": "yes",
        "source": "OpenStreetMap",
        "sourceId": 1046398785,
        "sourceCrs": "EPSG:4326",
        "areaM2": 340,
        "lod": 0,
        "status": "existing",
        "heightM": 10.2,
        "levels": 3,
        "heightMethod": "footprint-area-estimate",
        "confidence": "estimated"
      }
    },
    {
      "type": "Feature",
      "id": "osm-building-1046398786",
      "geometry": {
        "type": "Polygon",
        "coordinates": [
          [
            [
              118.6960331,
              32.0031827
            ],
            [
              118.6960325,
              32.0030761
            ],
            [
              118.6963381,
              32.0030748
            ],
            [
              118.6963387,
              32.0031815
            ],
            [
              118.6960331,
              32.0031827
            ]
          ]
        ]
      },
      "properties": {
        "id": "osm-building-1046398786",
        "name": {
          "zh": null,
          "en": null
        },
        "category": "yes",
        "source": "OpenStreetMap",
        "sourceId": 1046398786,
        "sourceCrs": "EPSG:4326",
        "areaM2": 340,
        "lod": 0,
        "status": "existing",
        "heightM": 10.2,
        "levels": 3,
        "heightMethod": "footprint-area-estimate",
        "confidence": "estimated"
      }
    },
    {
      "type": "Feature",
      "id": "osm-building-1046398787",
      "geometry": {
        "type": "Polygon",
        "coordinates": [
          [
            [
              118.6952274,
              32.0011943
            ],
            [
              118.6952268,
              32.0010877
            ],
            [
              118.6955324,
              32.0010864
            ],
            [
              118.695533,
              32.0011931
            ],
            [
              118.6952274,
              32.0011943
            ]
          ]
        ]
      },
      "properties": {
        "id": "osm-building-1046398787",
        "name": {
          "zh": null,
          "en": null
        },
        "category": "yes",
        "source": "OpenStreetMap",
        "sourceId": 1046398787,
        "sourceCrs": "EPSG:4326",
        "areaM2": 340,
        "lod": 0,
        "status": "existing",
        "heightM": 10.2,
        "levels": 3,
        "heightMethod": "footprint-area-estimate",
        "confidence": "estimated"
      }
    },
    {
      "type": "Feature",
      "id": "osm-building-1046398788",
      "geometry": {
        "type": "Polygon",
        "coordinates": [
          [
            [
              118.6952082,
              32.0014551
            ],
            [
              118.6952076,
              32.0013485
            ],
            [
              118.6955132,
              32.0013472
            ],
            [
              118.6955138,
              32.0014539
            ],
            [
              118.6952082,
              32.0014551
            ]
          ]
        ]
      },
      "properties": {
        "id": "osm-building-1046398788",
        "name": {
          "zh": null,
          "en": null
        },
        "category": "yes",
        "source": "OpenStreetMap",
        "sourceId": 1046398788,
        "sourceCrs": "EPSG:4326",
        "areaM2": 340,
        "lod": 0,
        "status": "existing",
        "heightM": 10.2,
        "levels": 3,
        "heightMethod": "footprint-area-estimate",
        "confidence": "estimated"
      }
    },
    {
      "type": "Feature",
      "id": "osm-building-1046398789",
      "geometry": {
        "type": "Polygon",
        "coordinates": [
          [
            [
              118.694849,
              32.0014626
            ],
            [
              118.6948483,
              32.001356
            ],
            [
              118.695154,
              32.0013547
            ],
            [
              118.6951546,
              32.0014614
            ],
            [
              118.694849,
              32.0014626
            ]
          ]
        ]
      },
      "properties": {
        "id": "osm-building-1046398789",
        "name": {
          "zh": null,
          "en": null
        },
        "category": "yes",
        "source": "OpenStreetMap",
        "sourceId": 1046398789,
        "sourceCrs": "EPSG:4326",
        "areaM2": 340,
        "lod": 0,
        "status": "existing",
        "heightM": 10.2,
        "levels": 3,
        "heightMethod": "footprint-area-estimate",
        "confidence": "estimated"
      }
    },
    {
      "type": "Feature",
      "id": "osm-building-1046398790",
      "geometry": {
        "type": "Polygon",
        "coordinates": [
          [
            [
              118.6951978,
              32.001751
            ],
            [
              118.6951972,
              32.0016444
            ],
            [
              118.6955029,
              32.0016431
            ],
            [
              118.6955035,
              32.0017497
            ],
            [
              118.6951978,
              32.001751
            ]
          ]
        ]
      },
      "properties": {
        "id": "osm-building-1046398790",
        "name": {
          "zh": null,
          "en": null
        },
        "category": "yes",
        "source": "OpenStreetMap",
        "sourceId": 1046398790,
        "sourceCrs": "EPSG:4326",
        "areaM2": 340,
        "lod": 0,
        "status": "existing",
        "heightM": 10.2,
        "levels": 3,
        "heightMethod": "footprint-area-estimate",
        "confidence": "estimated"
      }
    },
    {
      "type": "Feature",
      "id": "osm-building-1046398791",
      "geometry": {
        "type": "Polygon",
        "coordinates": [
          [
            [
              118.6948031,
              32.0017516
            ],
            [
              118.6948025,
              32.001645
            ],
            [
              118.6951081,
              32.0016437
            ],
            [
              118.6951088,
              32.0017504
            ],
            [
              118.6948031,
              32.0017516
            ]
          ]
        ]
      },
      "properties": {
        "id": "osm-building-1046398791",
        "name": {
          "zh": null,
          "en": null
        },
        "category": "yes",
        "source": "OpenStreetMap",
        "sourceId": 1046398791,
        "sourceCrs": "EPSG:4326",
        "areaM2": 340,
        "lod": 0,
        "status": "existing",
        "heightM": 10.2,
        "levels": 3,
        "heightMethod": "footprint-area-estimate",
        "confidence": "estimated"
      }
    },
    {
      "type": "Feature",
      "id": "osm-building-1046398792",
      "geometry": {
        "type": "Polygon",
        "coordinates": [
          [
            [
              118.6944217,
              32.0017541
            ],
            [
              118.6944211,
              32.0016475
            ],
            [
              118.6947267,
              32.0016462
            ],
            [
              118.6947273,
              32.0017529
            ],
            [
              118.6944217,
              32.0017541
            ]
          ]
        ]
      },
      "properties": {
        "id": "osm-building-1046398792",
        "name": {
          "zh": null,
          "en": null
        },
        "category": "yes",
        "source": "OpenStreetMap",
        "sourceId": 1046398792,
        "sourceCrs": "EPSG:4326",
        "areaM2": 340,
        "lod": 0,
        "status": "existing",
        "heightM": 10.2,
        "levels": 3,
        "heightMethod": "footprint-area-estimate",
        "confidence": "estimated"
      }
    },
    {
      "type": "Feature",
      "id": "osm-building-1046398793",
      "geometry": {
        "type": "Polygon",
        "coordinates": [
          [
            [
              118.6952732,
              32.0032096
            ],
            [
              118.6952726,
              32.003103
            ],
            [
              118.6955783,
              32.0031017
            ],
            [
              118.6955789,
              32.0032084
            ],
            [
              118.6952732,
              32.0032096
            ]
          ]
        ]
      },
      "properties": {
        "id": "osm-building-1046398793",
        "name": {
          "zh": null,
          "en": null
        },
        "category": "yes",
        "source": "OpenStreetMap",
        "sourceId": 1046398793,
        "sourceCrs": "EPSG:4326",
        "areaM2": 340,
        "lod": 0,
        "status": "existing",
        "heightM": 10.2,
        "levels": 3,
        "heightMethod": "footprint-area-estimate",
        "confidence": "estimated"
      }
    },
    {
      "type": "Feature",
      "id": "osm-building-1046398794",
      "geometry": {
        "type": "Polygon",
        "coordinates": [
          [
            [
              118.6953117,
              32.0028837
            ],
            [
              118.6953111,
              32.0027771
            ],
            [
              118.6956167,
              32.0027758
            ],
            [
              118.6956173,
              32.0028824
            ],
            [
              118.6953117,
              32.0028837
            ]
          ]
        ]
      },
      "properties": {
        "id": "osm-building-1046398794",
        "name": {
          "zh": null,
          "en": null
        },
        "category": "yes",
        "source": "OpenStreetMap",
        "sourceId": 1046398794,
        "sourceCrs": "EPSG:4326",
        "areaM2": 340,
        "lod": 0,
        "status": "existing",
        "heightM": 10.2,
        "levels": 3,
        "heightMethod": "footprint-area-estimate",
        "confidence": "estimated"
      }
    },
    {
      "type": "Feature",
      "id": "osm-building-1046398795",
      "geometry": {
        "type": "Polygon",
        "coordinates": [
          [
            [
              118.6953242,
              32.0026041
            ],
            [
              118.6953236,
              32.0024975
            ],
            [
              118.6956293,
              32.0024962
            ],
            [
              118.6956299,
              32.0026029
            ],
            [
              118.6953242,
              32.0026041
            ]
          ]
        ]
      },
      "properties": {
        "id": "osm-building-1046398795",
        "name": {
          "zh": null,
          "en": null
        },
        "category": "yes",
        "source": "OpenStreetMap",
        "sourceId": 1046398795,
        "sourceCrs": "EPSG:4326",
        "areaM2": 340,
        "lod": 0,
        "status": "existing",
        "heightM": 10.2,
        "levels": 3,
        "heightMethod": "footprint-area-estimate",
        "confidence": "estimated"
      }
    },
    {
      "type": "Feature",
      "id": "osm-building-1046398796",
      "geometry": {
        "type": "Polygon",
        "coordinates": [
          [
            [
              118.6949717,
              32.0025985
            ],
            [
              118.694971,
              32.0024918
            ],
            [
              118.6952767,
              32.0024906
            ],
            [
              118.6952773,
              32.0025972
            ],
            [
              118.6949717,
              32.0025985
            ]
          ]
        ]
      },
      "properties": {
        "id": "osm-building-1046398796",
        "name": {
          "zh": null,
          "en": null
        },
        "category": "yes",
        "source": "OpenStreetMap",
        "sourceId": 1046398796,
        "sourceCrs": "EPSG:4326",
        "areaM2": 340,
        "lod": 0,
        "status": "existing",
        "heightM": 10.2,
        "levels": 3,
        "heightMethod": "footprint-area-estimate",
        "confidence": "estimated"
      }
    },
    {
      "type": "Feature",
      "id": "osm-building-1046398797",
      "geometry": {
        "type": "Polygon",
        "coordinates": [
          [
            [
              118.6951646,
              32.0023308
            ],
            [
              118.695164,
              32.0022242
            ],
            [
              118.6954696,
              32.0022229
            ],
            [
              118.6954702,
              32.0023296
            ],
            [
              118.6951646,
              32.0023308
            ]
          ]
        ]
      },
      "properties": {
        "id": "osm-building-1046398797",
        "name": {
          "zh": null,
          "en": null
        },
        "category": "yes",
        "source": "OpenStreetMap",
        "sourceId": 1046398797,
        "sourceCrs": "EPSG:4326",
        "areaM2": 340,
        "lod": 0,
        "status": "existing",
        "heightM": 10.2,
        "levels": 3,
        "heightMethod": "footprint-area-estimate",
        "confidence": "estimated"
      }
    },
    {
      "type": "Feature",
      "id": "osm-building-1046398798",
      "geometry": {
        "type": "Polygon",
        "coordinates": [
          [
            [
              118.6947913,
              32.0023308
            ],
            [
              118.6947907,
              32.0022242
            ],
            [
              118.6950963,
              32.0022229
            ],
            [
              118.6950969,
              32.0023296
            ],
            [
              118.6947913,
              32.0023308
            ]
          ]
        ]
      },
      "properties": {
        "id": "osm-building-1046398798",
        "name": {
          "zh": null,
          "en": null
        },
        "category": "yes",
        "source": "OpenStreetMap",
        "sourceId": 1046398798,
        "sourceCrs": "EPSG:4326",
        "areaM2": 340,
        "lod": 0,
        "status": "existing",
        "heightM": 10.2,
        "levels": 3,
        "heightMethod": "footprint-area-estimate",
        "confidence": "estimated"
      }
    },
    {
      "type": "Feature",
      "id": "osm-building-1046398799",
      "geometry": {
        "type": "Polygon",
        "coordinates": [
          [
            [
              118.6952769,
              32.0020299
            ],
            [
              118.6952763,
              32.0019233
            ],
            [
              118.695582,
              32.001922
            ],
            [
              118.6955826,
              32.0020287
            ],
            [
              118.6952769,
              32.0020299
            ]
          ]
        ]
      },
      "properties": {
        "id": "osm-building-1046398799",
        "name": {
          "zh": null,
          "en": null
        },
        "category": "yes",
        "source": "OpenStreetMap",
        "sourceId": 1046398799,
        "sourceCrs": "EPSG:4326",
        "areaM2": 340,
        "lod": 0,
        "status": "existing",
        "heightM": 10.2,
        "levels": 3,
        "heightMethod": "footprint-area-estimate",
        "confidence": "estimated"
      }
    },
    {
      "type": "Feature",
      "id": "osm-building-1046398800",
      "geometry": {
        "type": "Polygon",
        "coordinates": [
          [
            [
              118.6948948,
              32.0020324
            ],
            [
              118.6948942,
              32.0019258
            ],
            [
              118.6951998,
              32.0019245
            ],
            [
              118.6952004,
              32.0020312
            ],
            [
              118.6948948,
              32.0020324
            ]
          ]
        ]
      },
      "properties": {
        "id": "osm-building-1046398800",
        "name": {
          "zh": null,
          "en": null
        },
        "category": "yes",
        "source": "OpenStreetMap",
        "sourceId": 1046398800,
        "sourceCrs": "EPSG:4326",
        "areaM2": 340,
        "lod": 0,
        "status": "existing",
        "heightM": 10.2,
        "levels": 3,
        "heightMethod": "footprint-area-estimate",
        "confidence": "estimated"
      }
    },
    {
      "type": "Feature",
      "id": "osm-building-1046398801",
      "geometry": {
        "type": "Polygon",
        "coordinates": [
          [
            [
              118.69454,
              32.0020362
            ],
            [
              118.6945394,
              32.0019296
            ],
            [
              118.694845,
              32.0019283
            ],
            [
              118.6948456,
              32.002035
            ],
            [
              118.69454,
              32.0020362
            ]
          ]
        ]
      },
      "properties": {
        "id": "osm-building-1046398801",
        "name": {
          "zh": null,
          "en": null
        },
        "category": "yes",
        "source": "OpenStreetMap",
        "sourceId": 1046398801,
        "sourceCrs": "EPSG:4326",
        "areaM2": 340,
        "lod": 0,
        "status": "existing",
        "heightM": 10.2,
        "levels": 3,
        "heightMethod": "footprint-area-estimate",
        "confidence": "estimated"
      }
    },
    {
      "type": "Feature",
      "id": "osm-building-1046398802",
      "geometry": {
        "type": "Polygon",
        "coordinates": [
          [
            [
              118.6943885,
              32.0014537
            ],
            [
              118.694307,
              32.0013725
            ],
            [
              118.6945396,
              32.0012044
            ],
            [
              118.6946212,
              32.0012856
            ],
            [
              118.6943885,
              32.0014537
            ]
          ]
        ]
      },
      "properties": {
        "id": "osm-building-1046398802",
        "name": {
          "zh": null,
          "en": null
        },
        "category": "yes",
        "source": "OpenStreetMap",
        "sourceId": 1046398802,
        "sourceCrs": "EPSG:4326",
        "areaM2": 340,
        "lod": 0,
        "status": "existing",
        "heightM": 10.2,
        "levels": 3,
        "heightMethod": "footprint-area-estimate",
        "confidence": "estimated"
      }
    },
    {
      "type": "Feature",
      "id": "osm-building-1046398803",
      "geometry": {
        "type": "Polygon",
        "coordinates": [
          [
            [
              118.6946796,
              32.0012435
            ],
            [
              118.6946011,
              32.0011602
            ],
            [
              118.6948399,
              32.0009984
            ],
            [
              118.6949184,
              32.0010817
            ],
            [
              118.6946796,
              32.0012435
            ]
          ]
        ]
      },
      "properties": {
        "id": "osm-building-1046398803",
        "name": {
          "zh": null,
          "en": null
        },
        "category": "yes",
        "source": "OpenStreetMap",
        "sourceId": 1046398803,
        "sourceCrs": "EPSG:4326",
        "areaM2": 340,
        "lod": 0,
        "status": "existing",
        "heightM": 10.2,
        "levels": 3,
        "heightMethod": "footprint-area-estimate",
        "confidence": "estimated"
      }
    },
    {
      "type": "Feature",
      "id": "osm-building-1046398804",
      "geometry": {
        "type": "Polygon",
        "coordinates": [
          [
            [
              118.6949514,
              32.0010514
            ],
            [
              118.6948706,
              32.0009697
            ],
            [
              118.6951047,
              32.0008031
            ],
            [
              118.6951856,
              32.0008848
            ],
            [
              118.6949514,
              32.0010514
            ]
          ]
        ]
      },
      "properties": {
        "id": "osm-building-1046398804",
        "name": {
          "zh": null,
          "en": null
        },
        "category": "yes",
        "source": "OpenStreetMap",
        "sourceId": 1046398804,
        "sourceCrs": "EPSG:4326",
        "areaM2": 340,
        "lod": 0,
        "status": "existing",
        "heightM": 10.2,
        "levels": 3,
        "heightMethod": "footprint-area-estimate",
        "confidence": "estimated"
      }
    },
    {
      "type": "Feature",
      "id": "osm-building-1046398805",
      "geometry": {
        "type": "Polygon",
        "coordinates": [
          [
            [
              118.6952349,
              32.0008641
            ],
            [
              118.6951594,
              32.0007788
            ],
            [
              118.6954037,
              32.0006231
            ],
            [
              118.6954793,
              32.0007084
            ],
            [
              118.6952349,
              32.0008641
            ]
          ]
        ]
      },
      "properties": {
        "id": "osm-building-1046398805",
        "name": {
          "zh": null,
          "en": null
        },
        "category": "yes",
        "source": "OpenStreetMap",
        "sourceId": 1046398805,
        "sourceCrs": "EPSG:4326",
        "areaM2": 340,
        "lod": 0,
        "status": "existing",
        "heightM": 10.2,
        "levels": 3,
        "heightMethod": "footprint-area-estimate",
        "confidence": "estimated"
      }
    },
    {
      "type": "Feature",
      "id": "osm-building-1046398806",
      "geometry": {
        "type": "Polygon",
        "coordinates": [
          [
            [
              118.6955291,
              32.0006659
            ],
            [
              118.695451,
              32.0005824
            ],
            [
              118.6956905,
              32.0004213
            ],
            [
              118.6957686,
              32.0005049
            ],
            [
              118.6955291,
              32.0006659
            ]
          ]
        ]
      },
      "properties": {
        "id": "osm-building-1046398806",
        "name": {
          "zh": null,
          "en": null
        },
        "category": "yes",
        "source": "OpenStreetMap",
        "sourceId": 1046398806,
        "sourceCrs": "EPSG:4326",
        "areaM2": 340,
        "lod": 0,
        "status": "existing",
        "heightM": 10.2,
        "levels": 3,
        "heightMethod": "footprint-area-estimate",
        "confidence": "estimated"
      }
    },
    {
      "type": "Feature",
      "id": "osm-building-1084561769",
      "geometry": {
        "type": "Polygon",
        "coordinates": [
          [
            [
              118.6993644,
              32.0316268
            ],
            [
              118.699338,
              32.0316388
            ],
            [
              118.6993055,
              32.0316492
            ],
            [
              118.6992831,
              32.0316957
            ],
            [
              118.6992486,
              32.0317267
            ],
            [
              118.6987608,
              32.032061
            ],
            [
              118.6985616,
              32.0322454
            ],
            [
              118.6984457,
              32.0323315
            ],
            [
              118.6983685,
              32.0323815
            ],
            [
              118.6982709,
              32.0324004
            ],
            [
              118.6982709,
              32.0323694
            ],
            [
              118.6983014,
              32.0319249
            ],
            [
              118.6989864,
              32.0314579
            ],
            [
              118.6991043,
              32.0314665
            ],
            [
              118.6991043,
              32.0314372
            ],
            [
              118.6993502,
              32.0314527
            ],
            [
              118.6993787,
              32.0314682
            ],
            [
              118.6993644,
              32.0316268
            ]
          ]
        ]
      },
      "properties": {
        "id": "osm-building-1084561769",
        "name": {
          "zh": "仁恒置地广场",
          "en": null
        },
        "category": "yes",
        "source": "OpenStreetMap",
        "sourceId": 1084561769,
        "sourceCrs": "EPSG:4326",
        "areaM2": 4746,
        "lod": 1,
        "status": "existing",
        "heightM": 23.8,
        "levels": 7,
        "heightMethod": "footprint-area-estimate",
        "confidence": "estimated"
      }
    },
    {
      "type": "Feature",
      "id": "osm-building-1092530479",
      "geometry": {
        "type": "Polygon",
        "coordinates": [
          [
            [
              118.6872109,
              32.0248088
            ],
            [
              118.687069,
              32.0246221
            ],
            [
              118.6872473,
              32.0245247
            ],
            [
              118.6874451,
              32.024785
            ],
            [
              118.687346,
              32.0248392
            ],
            [
              118.68729,
              32.0247656
            ],
            [
              118.6872109,
              32.0248088
            ]
          ]
        ]
      },
      "properties": {
        "id": "osm-building-1092530479",
        "name": {
          "zh": "基督教江心洲堂",
          "en": null
        },
        "category": "yes",
        "source": "OpenStreetMap",
        "sourceId": 1092530479,
        "sourceCrs": "EPSG:4326",
        "areaM2": 599,
        "lod": 1,
        "status": "existing",
        "heightM": 13.6,
        "levels": 4,
        "heightMethod": "footprint-area-estimate",
        "confidence": "estimated"
      }
    },
    {
      "type": "Feature",
      "id": "osm-building-1092780873",
      "geometry": {
        "type": "Polygon",
        "coordinates": [
          [
            [
              118.7048238,
              32.0443573
            ],
            [
              118.7047212,
              32.0442317
            ],
            [
              118.7052469,
              32.0439231
            ],
            [
              118.7053496,
              32.0440487
            ],
            [
              118.7048238,
              32.0443573
            ]
          ]
        ]
      },
      "properties": {
        "id": "osm-building-1092780873",
        "name": {
          "zh": null,
          "en": null
        },
        "category": "apartments",
        "source": "OpenStreetMap",
        "sourceId": 1092780873,
        "sourceCrs": "EPSG:4326",
        "areaM2": 1019,
        "lod": 0,
        "status": "existing",
        "heightM": 13.6,
        "levels": 4,
        "heightMethod": "footprint-area-estimate",
        "confidence": "estimated"
      }
    },
    {
      "type": "Feature",
      "id": "osm-building-1092780874",
      "geometry": {
        "type": "Polygon",
        "coordinates": [
          [
            [
              118.7044401,
              32.0438679
            ],
            [
              118.704345,
              32.0437381
            ],
            [
              118.7048883,
              32.0434522
            ],
            [
              118.7049833,
              32.0435819
            ],
            [
              118.7044401,
              32.0438679
            ]
          ]
        ]
      },
      "properties": {
        "id": "osm-building-1092780874",
        "name": {
          "zh": null,
          "en": null
        },
        "category": "apartments",
        "source": "OpenStreetMap",
        "sourceId": 1092780874,
        "sourceCrs": "EPSG:4326",
        "areaM2": 1019,
        "lod": 0,
        "status": "existing",
        "heightM": 13.6,
        "levels": 4,
        "heightMethod": "footprint-area-estimate",
        "confidence": "estimated"
      }
    },
    {
      "type": "Feature",
      "id": "osm-building-1092780875",
      "geometry": {
        "type": "Polygon",
        "coordinates": [
          [
            [
              118.7040721,
              32.0434059
            ],
            [
              118.703977,
              32.0432761
            ],
            [
              118.7045203,
              32.0429902
            ],
            [
              118.7046153,
              32.0431199
            ],
            [
              118.7040721,
              32.0434059
            ]
          ]
        ]
      },
      "properties": {
        "id": "osm-building-1092780875",
        "name": {
          "zh": null,
          "en": null
        },
        "category": "apartments",
        "source": "OpenStreetMap",
        "sourceId": 1092780875,
        "sourceCrs": "EPSG:4326",
        "areaM2": 1019,
        "lod": 0,
        "status": "existing",
        "heightM": 13.6,
        "levels": 4,
        "heightMethod": "footprint-area-estimate",
        "confidence": "estimated"
      }
    },
    {
      "type": "Feature",
      "id": "osm-building-1092780876",
      "geometry": {
        "type": "Polygon",
        "coordinates": [
          [
            [
              118.7037497,
              32.0429484
            ],
            [
              118.7036546,
              32.0428187
            ],
            [
              118.7041979,
              32.0425327
            ],
            [
              118.7042929,
              32.0426625
            ],
            [
              118.7037497,
              32.0429484
            ]
          ]
        ]
      },
      "properties": {
        "id": "osm-building-1092780876",
        "name": {
          "zh": null,
          "en": null
        },
        "category": "apartments",
        "source": "OpenStreetMap",
        "sourceId": 1092780876,
        "sourceCrs": "EPSG:4326",
        "areaM2": 1019,
        "lod": 0,
        "status": "existing",
        "heightM": 13.6,
        "levels": 4,
        "heightMethod": "footprint-area-estimate",
        "confidence": "estimated"
      }
    },
    {
      "type": "Feature",
      "id": "osm-building-1092780877",
      "geometry": {
        "type": "Polygon",
        "coordinates": [
          [
            [
              118.703482,
              32.0425574
            ],
            [
              118.7033869,
              32.0424276
            ],
            [
              118.7039302,
              32.0421417
            ],
            [
              118.7040253,
              32.0422714
            ],
            [
              118.703482,
              32.0425574
            ]
          ]
        ]
      },
      "properties": {
        "id": "osm-building-1092780877",
        "name": {
          "zh": null,
          "en": null
        },
        "category": "apartments",
        "source": "OpenStreetMap",
        "sourceId": 1092780877,
        "sourceCrs": "EPSG:4326",
        "areaM2": 1019,
        "lod": 0,
        "status": "existing",
        "heightM": 13.6,
        "levels": 4,
        "heightMethod": "footprint-area-estimate",
        "confidence": "estimated"
      }
    },
    {
      "type": "Feature",
      "id": "osm-building-1350651991",
      "geometry": {
        "type": "Polygon",
        "coordinates": [
          [
            [
              118.6969993,
              32.0099908
            ],
            [
              118.6969909,
              32.0097238
            ],
            [
              118.6971165,
              32.009721
            ],
            [
              118.6971248,
              32.009988
            ],
            [
              118.6969993,
              32.0099908
            ]
          ]
        ]
      },
      "properties": {
        "id": "osm-building-1350651991",
        "name": {
          "zh": "旗杆渡口",
          "en": null
        },
        "category": "transportation",
        "source": "OpenStreetMap",
        "sourceId": 1350651991,
        "sourceCrs": "EPSG:4326",
        "areaM2": 350,
        "lod": 1,
        "status": "existing",
        "heightM": 10.2,
        "levels": 3,
        "heightMethod": "footprint-area-estimate",
        "confidence": "estimated"
      }
    }
  ]
}
