{
  "type": "FeatureCollection",
  "features": [
    {
      "type": "Feature",
      "id": "road-1-0",
      "geometry": {
        "type": "LineString",
        "coordinates": [
          [
            118.686423,
            32.014116
          ],
          [
            118.688276,
            32.013114
          ],
          [
            118.688473,
            32.012927
          ],
          [
            118.688695,
            32.012922
          ],
          [
            118.690688,
            32.011973
          ],
          [
            118.693107,
            32.011082
          ]
        ]
      },
      "properties": {
        "id": "road-1-0",
        "name": {
          "zh": "民安路",
          "en": null
        },
        "class": "local",
        "widthM": 0.06,
        "source": "OSM centerline cross-checked with Amap and Nanjing official road naming",
        "sourceCrs": "EPSG:4326",
        "confidence": "triangulated",
        "status": "existing"
      }
    },
    {
      "type": "Feature",
      "id": "road-1-1",
      "geometry": {
        "type": "LineString",
        "coordinates": [
          [
            118.681955,
            32.016377
          ],
          [
            118.686133,
            32.014271
          ]
        ]
      },
      "properties": {
        "id": "road-1-1",
        "name": {
          "zh": "民安路",
          "en": null
        },
        "class": "local",
        "widthM": 0.06,
        "source": "OSM centerline cross-checked with Amap and Nanjing official road naming",
        "sourceCrs": "EPSG:4326",
        "confidence": "triangulated",
        "status": "existing"
      }
    },
    {
      "type": "Feature",
      "id": "road-1-2",
      "geometry": {
        "type": "LineString",
        "coordinates": [
          [
            118.686324,
            32.014168
          ],
          [
            118.686423,
            32.014116
          ]
        ]
      },
      "properties": {
        "id": "road-1-2",
        "name": {
          "zh": "民安路",
          "en": null
        },
        "class": "local",
        "widthM": 0.06,
        "source": "OSM centerline cross-checked with Amap and Nanjing official road naming",
        "sourceCrs": "EPSG:4326",
        "confidence": "triangulated",
        "status": "existing"
      }
    },
    {
      "type": "Feature",
      "id": "road-1-3",
      "geometry": {
        "type": "LineString",
        "coordinates": [
          [
            118.686133,
            32.014271
          ],
          [
            118.686324,
            32.014168
          ]
        ]
      },
      "properties": {
        "id": "road-1-3",
        "name": {
          "zh": "民安路",
          "en": null
        },
        "class": "local",
        "widthM": 0.06,
        "source": "OSM centerline cross-checked with Amap and Nanjing official road naming",
        "sourceCrs": "EPSG:4326",
        "confidence": "triangulated",
        "status": "existing"
      }
    },
    {
      "type": "Feature",
      "id": "road-1-4",
      "geometry": {
        "type": "LineString",
        "coordinates": [
          [
            118.679807,
            32.017464
          ],
          [
            118.681955,
            32.016377
          ]
        ]
      },
      "properties": {
        "id": "road-1-4",
        "name": {
          "zh": "民安路",
          "en": null
        },
        "class": "local",
        "widthM": 0.06,
        "source": "OSM centerline cross-checked with Amap and Nanjing official road naming",
        "sourceCrs": "EPSG:4326",
        "confidence": "triangulated",
        "status": "existing"
      }
    },
    {
      "type": "Feature",
      "id": "road-2-0",
      "geometry": {
        "type": "LineString",
        "coordinates": [
          [
            118.691755,
            32.039893
          ],
          [
            118.692998,
            32.042225
          ],
          [
            118.694481,
            32.044245
          ],
          [
            118.696177,
            32.045764
          ],
          [
            118.697459,
            32.047076
          ],
          [
            118.699186,
            32.048503
          ],
          [
            118.700731,
            32.049981
          ],
          [
            118.701589,
            32.050682
          ],
          [
            118.703316,
            32.052358
          ],
          [
            118.703716,
            32.05259
          ],
          [
            118.70477,
            32.05303
          ],
          [
            118.70537,
            32.053506
          ],
          [
            118.706739,
            32.0554
          ],
          [
            118.712996,
            32.061216
          ],
          [
            118.717522,
            32.066548
          ],
          [
            118.719183,
            32.06865
          ],
          [
            118.71943,
            32.068659
          ],
          [
            118.721234,
            32.067887
          ],
          [
            118.721429,
            32.067718
          ],
          [
            118.721494,
            32.067477
          ],
          [
            118.721141,
            32.065855
          ],
          [
            118.720436,
            32.064161
          ],
          [
            118.720235,
            32.063418
          ]
        ]
      },
      "properties": {
        "id": "road-2-0",
        "name": {
          "zh": "江堤路",
          "en": null
        },
        "class": "greenway",
        "widthM": 0.035,
        "source": "OSM centerline cross-checked with Amap and Nanjing official road naming",
        "sourceCrs": "EPSG:4326",
        "confidence": "triangulated",
        "status": "existing"
      }
    },
    {
      "type": "Feature",
      "id": "road-2-1",
      "geometry": {
        "type": "LineString",
        "coordinates": [
          [
            118.666487,
            31.987994
          ],
          [
            118.66632,
            31.989751
          ],
          [
            118.666976,
            31.994177
          ],
          [
            118.669642,
            31.999502
          ],
          [
            118.6716,
            32.004263
          ],
          [
            118.673673,
            32.008226
          ],
          [
            118.67412,
            32.008856
          ],
          [
            118.674203,
            32.009162
          ],
          [
            118.674,
            32.00992
          ],
          [
            118.674047,
            32.010135
          ],
          [
            118.676513,
            32.014375
          ],
          [
            118.677742,
            32.015906
          ],
          [
            118.679611,
            32.017954
          ],
          [
            118.681469,
            32.020341
          ],
          [
            118.682041,
            32.021614
          ],
          [
            118.682778,
            32.022707
          ],
          [
            118.687161,
            32.031277
          ],
          [
            118.689896,
            32.035952
          ],
          [
            118.691755,
            32.039893
          ]
        ]
      },
      "properties": {
        "id": "road-2-1",
        "name": {
          "zh": "江堤路",
          "en": null
        },
        "class": "greenway",
        "widthM": 0.035,
        "source": "OSM centerline cross-checked with Amap and Nanjing official road naming",
        "sourceCrs": "EPSG:4326",
        "confidence": "triangulated",
        "status": "existing"
      }
    },
    {
      "type": "Feature",
      "id": "road-2-2",
      "geometry": {
        "type": "LineString",
        "coordinates": [
          [
            118.70472,
            32.033524
          ],
          [
            118.703714,
            32.032343
          ],
          [
            118.70226,
            32.02861
          ],
          [
            118.700384,
            32.026236
          ],
          [
            118.698651,
            32.024206
          ],
          [
            118.698127,
            32.023402
          ],
          [
            118.697908,
            32.022887
          ],
          [
            118.697049,
            32.019783
          ],
          [
            118.697,
            32.019381
          ],
          [
            118.697082,
            32.016576
          ],
          [
            118.697256,
            32.0146
          ],
          [
            118.696959,
            32.011438
          ]
        ]
      },
      "properties": {
        "id": "road-2-2",
        "name": {
          "zh": "江堤路",
          "en": null
        },
        "class": "greenway",
        "widthM": 0.035,
        "source": "OSM centerline cross-checked with Amap and Nanjing official road naming",
        "sourceCrs": "EPSG:4326",
        "confidence": "triangulated",
        "status": "existing"
      }
    },
    {
      "type": "Feature",
      "id": "road-2-3",
      "geometry": {
        "type": "LineString",
        "coordinates": [
          [
            118.720235,
            32.063418
          ],
          [
            118.719875,
            32.062138
          ],
          [
            118.718031,
            32.056964
          ],
          [
            118.716468,
            32.053551
          ],
          [
            118.715246,
            32.051288
          ],
          [
            118.71499,
            32.050531
          ],
          [
            118.712456,
            32.045877
          ],
          [
            118.709773,
            32.040613
          ],
          [
            118.707833,
            32.037298
          ],
          [
            118.707192,
            32.03641
          ],
          [
            118.70472,
            32.033524
          ]
        ]
      },
      "properties": {
        "id": "road-2-3",
        "name": {
          "zh": "江堤路",
          "en": null
        },
        "class": "greenway",
        "widthM": 0.035,
        "source": "OSM centerline cross-checked with Amap and Nanjing official road naming",
        "sourceCrs": "EPSG:4326",
        "confidence": "triangulated",
        "status": "existing"
      }
    },
    {
      "type": "Feature",
      "id": "road-2-4",
      "geometry": {
        "type": "LineString",
        "coordinates": [
          [
            118.696959,
            32.011438
          ],
          [
            118.696868,
            32.008124
          ],
          [
            118.697957,
            32.000738
          ],
          [
            118.697886,
            32.000569
          ],
          [
            118.697613,
            32.000312
          ],
          [
            118.696475,
            31.999512
          ],
          [
            118.692489,
            31.997071
          ],
          [
            118.690668,
            31.996232
          ],
          [
            118.689028,
            31.995597
          ],
          [
            118.687397,
            31.995228
          ],
          [
            118.684815,
            31.994416
          ],
          [
            118.679265,
            31.992158
          ],
          [
            118.678285,
            31.991779
          ],
          [
            118.677149,
            31.991437
          ],
          [
            118.674336,
            31.989795
          ],
          [
            118.672678,
            31.988713
          ],
          [
            118.670342,
            31.987545
          ],
          [
            118.667655,
            31.985927
          ],
          [
            118.667436,
            31.985897
          ],
          [
            118.66712,
            31.98597
          ],
          [
            118.666802,
            31.986245
          ],
          [
            118.666609,
            31.986684
          ],
          [
            118.666487,
            31.987994
          ]
        ]
      },
      "properties": {
        "id": "road-2-4",
        "name": {
          "zh": "江堤路",
          "en": null
        },
        "class": "greenway",
        "widthM": 0.035,
        "source": "OSM centerline cross-checked with Amap and Nanjing official road naming",
        "sourceCrs": "EPSG:4326",
        "confidence": "triangulated",
        "status": "existing"
      }
    },
    {
      "type": "Feature",
      "id": "road-3-0",
      "geometry": {
        "type": "LineString",
        "coordinates": [
          [
            118.707944,
            32.031631
          ],
          [
            118.702071,
            32.034805
          ]
        ]
      },
      "properties": {
        "id": "road-3-0",
        "name": {
          "zh": "夹江大桥",
          "en": null
        },
        "class": "major",
        "widthM": 0.22,
        "source": "OSM centerline cross-checked with Amap and Nanjing official road naming",
        "sourceCrs": "EPSG:4326",
        "confidence": "triangulated",
        "status": "existing"
      }
    },
    {
      "type": "Feature",
      "id": "road-3-1",
      "geometry": {
        "type": "LineString",
        "coordinates": [
          [
            118.701942,
            32.034668
          ],
          [
            118.708224,
            32.031258
          ]
        ]
      },
      "properties": {
        "id": "road-3-1",
        "name": {
          "zh": "夹江大桥",
          "en": null
        },
        "class": "major",
        "widthM": 0.22,
        "source": "OSM centerline cross-checked with Amap and Nanjing official road naming",
        "sourceCrs": "EPSG:4326",
        "confidence": "triangulated",
        "status": "existing"
      }
    },
    {
      "type": "Feature",
      "id": "road-4-0",
      "geometry": {
        "type": "LineString",
        "coordinates": [
          [
            118.69894,
            32.034532
          ],
          [
            118.701163,
            32.037383
          ]
        ]
      },
      "properties": {
        "id": "road-4-0",
        "name": {
          "zh": "中新大道",
          "en": null
        },
        "class": "arterial",
        "widthM": 0.16,
        "source": "OSM centerline cross-checked with Amap and Nanjing official road naming",
        "sourceCrs": "EPSG:4326",
        "confidence": "triangulated",
        "status": "existing"
      }
    },
    {
      "type": "Feature",
      "id": "road-4-1",
      "geometry": {
        "type": "LineString",
        "coordinates": [
          [
            118.701072,
            32.037442
          ],
          [
            118.699211,
            32.034989
          ]
        ]
      },
      "properties": {
        "id": "road-4-1",
        "name": {
          "zh": "中新大道",
          "en": null
        },
        "class": "arterial",
        "widthM": 0.16,
        "source": "OSM centerline cross-checked with Amap and Nanjing official road naming",
        "sourceCrs": "EPSG:4326",
        "confidence": "triangulated",
        "status": "existing"
      }
    },
    {
      "type": "Feature",
      "id": "road-4-2",
      "geometry": {
        "type": "LineString",
        "coordinates": [
          [
            118.697166,
            32.032164
          ],
          [
            118.698692,
            32.034165
          ]
        ]
      },
      "properties": {
        "id": "road-4-2",
        "name": {
          "zh": "中新大道",
          "en": null
        },
        "class": "arterial",
        "widthM": 0.16,
        "source": "OSM centerline cross-checked with Amap and Nanjing official road naming",
        "sourceCrs": "EPSG:4326",
        "confidence": "triangulated",
        "status": "existing"
      }
    },
    {
      "type": "Feature",
      "id": "road-4-3",
      "geometry": {
        "type": "LineString",
        "coordinates": [
          [
            118.701421,
            32.037656
          ],
          [
            118.702202,
            32.038661
          ],
          [
            118.703184,
            32.040371
          ],
          [
            118.71327,
            32.054339
          ],
          [
            118.715769,
            32.058075
          ]
        ]
      },
      "properties": {
        "id": "road-4-3",
        "name": {
          "zh": "中新大道",
          "en": null
        },
        "class": "arterial",
        "widthM": 0.16,
        "source": "OSM centerline cross-checked with Amap and Nanjing official road naming",
        "sourceCrs": "EPSG:4326",
        "confidence": "triangulated",
        "status": "existing"
      }
    },
    {
      "type": "Feature",
      "id": "road-4-4",
      "geometry": {
        "type": "LineString",
        "coordinates": [
          [
            118.698499,
            32.034169
          ],
          [
            118.697828,
            32.033318
          ]
        ]
      },
      "properties": {
        "id": "road-4-4",
        "name": {
          "zh": "中新大道",
          "en": null
        },
        "class": "arterial",
        "widthM": 0.16,
        "source": "OSM centerline cross-checked with Amap and Nanjing official road naming",
        "sourceCrs": "EPSG:4326",
        "confidence": "triangulated",
        "status": "existing"
      }
    },
    {
      "type": "Feature",
      "id": "road-4-5",
      "geometry": {
        "type": "LineString",
        "coordinates": [
          [
            118.69403,
            32.028115
          ],
          [
            118.697166,
            32.032164
          ]
        ]
      },
      "properties": {
        "id": "road-4-5",
        "name": {
          "zh": "中新大道",
          "en": null
        },
        "class": "arterial",
        "widthM": 0.16,
        "source": "OSM centerline cross-checked with Amap and Nanjing official road naming",
        "sourceCrs": "EPSG:4326",
        "confidence": "triangulated",
        "status": "existing"
      }
    },
    {
      "type": "Feature",
      "id": "road-4-6",
      "geometry": {
        "type": "LineString",
        "coordinates": [
          [
            118.697828,
            32.033318
          ],
          [
            118.693866,
            32.028234
          ]
        ]
      },
      "properties": {
        "id": "road-4-6",
        "name": {
          "zh": "中新大道",
          "en": null
        },
        "class": "arterial",
        "widthM": 0.16,
        "source": "OSM centerline cross-checked with Amap and Nanjing official road naming",
        "sourceCrs": "EPSG:4326",
        "confidence": "triangulated",
        "status": "existing"
      }
    },
    {
      "type": "Feature",
      "id": "road-4-7",
      "geometry": {
        "type": "LineString",
        "coordinates": [
          [
            118.690877,
            32.006371
          ],
          [
            118.685074,
            32.000486
          ],
          [
            118.679336,
            31.995659
          ]
        ]
      },
      "properties": {
        "id": "road-4-7",
        "name": {
          "zh": "中新大道",
          "en": null
        },
        "class": "arterial",
        "widthM": 0.16,
        "source": "OSM centerline cross-checked with Amap and Nanjing official road naming",
        "sourceCrs": "EPSG:4326",
        "confidence": "triangulated",
        "status": "existing"
      }
    },
    {
      "type": "Feature",
      "id": "road-4-8",
      "geometry": {
        "type": "LineString",
        "coordinates": [
          [
            118.679414,
            31.995523
          ],
          [
            118.685418,
            32.000556
          ],
          [
            118.69104,
            32.006281
          ]
        ]
      },
      "properties": {
        "id": "road-4-8",
        "name": {
          "zh": "中新大道",
          "en": null
        },
        "class": "arterial",
        "widthM": 0.16,
        "source": "OSM centerline cross-checked with Amap and Nanjing official road naming",
        "sourceCrs": "EPSG:4326",
        "confidence": "triangulated",
        "status": "existing"
      }
    },
    {
      "type": "Feature",
      "id": "road-4-9",
      "geometry": {
        "type": "LineString",
        "coordinates": [
          [
            118.715636,
            32.058182
          ],
          [
            118.712481,
            32.053505
          ],
          [
            118.703044,
            32.040449
          ],
          [
            118.701998,
            32.0387
          ],
          [
            118.701268,
            32.037757
          ]
        ]
      },
      "properties": {
        "id": "road-4-9",
        "name": {
          "zh": "中新大道",
          "en": null
        },
        "class": "arterial",
        "widthM": 0.16,
        "source": "OSM centerline cross-checked with Amap and Nanjing official road naming",
        "sourceCrs": "EPSG:4326",
        "confidence": "triangulated",
        "status": "existing"
      }
    },
    {
      "type": "Feature",
      "id": "road-4-10",
      "geometry": {
        "type": "LineString",
        "coordinates": [
          [
            118.691163,
            32.024029
          ],
          [
            118.691123,
            32.023628
          ]
        ]
      },
      "properties": {
        "id": "road-4-10",
        "name": {
          "zh": "中新大道",
          "en": null
        },
        "class": "arterial",
        "widthM": 0.16,
        "source": "OSM centerline cross-checked with Amap and Nanjing official road naming",
        "sourceCrs": "EPSG:4326",
        "confidence": "triangulated",
        "status": "existing"
      }
    },
    {
      "type": "Feature",
      "id": "road-4-11",
      "geometry": {
        "type": "LineString",
        "coordinates": [
          [
            118.691123,
            32.023628
          ],
          [
            118.691152,
            32.023173
          ]
        ]
      },
      "properties": {
        "id": "road-4-11",
        "name": {
          "zh": "中新大道",
          "en": null
        },
        "class": "arterial",
        "widthM": 0.16,
        "source": "OSM centerline cross-checked with Amap and Nanjing official road naming",
        "sourceCrs": "EPSG:4326",
        "confidence": "triangulated",
        "status": "existing"
      }
    },
    {
      "type": "Feature",
      "id": "road-4-12",
      "geometry": {
        "type": "LineString",
        "coordinates": [
          [
            118.691314,
            32.023501
          ],
          [
            118.691401,
            32.024372
          ],
          [
            118.691669,
            32.025048
          ],
          [
            118.693845,
            32.027878
          ]
        ]
      },
      "properties": {
        "id": "road-4-12",
        "name": {
          "zh": "中新大道",
          "en": null
        },
        "class": "arterial",
        "widthM": 0.16,
        "source": "OSM centerline cross-checked with Amap and Nanjing official road naming",
        "sourceCrs": "EPSG:4326",
        "confidence": "triangulated",
        "status": "existing"
      }
    },
    {
      "type": "Feature",
      "id": "road-4-13",
      "geometry": {
        "type": "LineString",
        "coordinates": [
          [
            118.691367,
            32.023028
          ],
          [
            118.691314,
            32.023501
          ]
        ]
      },
      "properties": {
        "id": "road-4-13",
        "name": {
          "zh": "中新大道",
          "en": null
        },
        "class": "arterial",
        "widthM": 0.16,
        "source": "OSM centerline cross-checked with Amap and Nanjing official road naming",
        "sourceCrs": "EPSG:4326",
        "confidence": "triangulated",
        "status": "existing"
      }
    },
    {
      "type": "Feature",
      "id": "road-4-14",
      "geometry": {
        "type": "LineString",
        "coordinates": [
          [
            118.691283,
            32.022644
          ],
          [
            118.692086,
            32.020399
          ]
        ]
      },
      "properties": {
        "id": "road-4-14",
        "name": {
          "zh": "中新大道",
          "en": null
        },
        "class": "arterial",
        "widthM": 0.16,
        "source": "OSM centerline cross-checked with Amap and Nanjing official road naming",
        "sourceCrs": "EPSG:4326",
        "confidence": "triangulated",
        "status": "existing"
      }
    },
    {
      "type": "Feature",
      "id": "road-4-15",
      "geometry": {
        "type": "LineString",
        "coordinates": [
          [
            118.692086,
            32.020399
          ],
          [
            118.692218,
            32.020012
          ]
        ]
      },
      "properties": {
        "id": "road-4-15",
        "name": {
          "zh": "中新大道",
          "en": null
        },
        "class": "arterial",
        "widthM": 0.16,
        "source": "OSM centerline cross-checked with Amap and Nanjing official road naming",
        "sourceCrs": "EPSG:4326",
        "confidence": "triangulated",
        "status": "existing"
      }
    },
    {
      "type": "Feature",
      "id": "road-4-16",
      "geometry": {
        "type": "LineString",
        "coordinates": [
          [
            118.692212,
            32.020517
          ],
          [
            118.691367,
            32.023028
          ]
        ]
      },
      "properties": {
        "id": "road-4-16",
        "name": {
          "zh": "中新大道",
          "en": null
        },
        "class": "arterial",
        "widthM": 0.16,
        "source": "OSM centerline cross-checked with Amap and Nanjing official road naming",
        "sourceCrs": "EPSG:4326",
        "confidence": "triangulated",
        "status": "existing"
      }
    },
    {
      "type": "Feature",
      "id": "road-4-17",
      "geometry": {
        "type": "LineString",
        "coordinates": [
          [
            118.692361,
            32.020125
          ],
          [
            118.692212,
            32.020517
          ]
        ]
      },
      "properties": {
        "id": "road-4-17",
        "name": {
          "zh": "中新大道",
          "en": null
        },
        "class": "arterial",
        "widthM": 0.16,
        "source": "OSM centerline cross-checked with Amap and Nanjing official road naming",
        "sourceCrs": "EPSG:4326",
        "confidence": "triangulated",
        "status": "existing"
      }
    },
    {
      "type": "Feature",
      "id": "road-4-18",
      "geometry": {
        "type": "LineString",
        "coordinates": [
          [
            118.691152,
            32.023173
          ],
          [
            118.691283,
            32.022644
          ]
        ]
      },
      "properties": {
        "id": "road-4-18",
        "name": {
          "zh": "中新大道",
          "en": null
        },
        "class": "arterial",
        "widthM": 0.16,
        "source": "OSM centerline cross-checked with Amap and Nanjing official road naming",
        "sourceCrs": "EPSG:4326",
        "confidence": "triangulated",
        "status": "existing"
      }
    },
    {
      "type": "Feature",
      "id": "road-4-19",
      "geometry": {
        "type": "LineString",
        "coordinates": [
          [
            118.693845,
            32.027878
          ],
          [
            118.69403,
            32.028115
          ]
        ]
      },
      "properties": {
        "id": "road-4-19",
        "name": {
          "zh": "中新大道",
          "en": null
        },
        "class": "arterial",
        "widthM": 0.16,
        "source": "OSM centerline cross-checked with Amap and Nanjing official road naming",
        "sourceCrs": "EPSG:4326",
        "confidence": "triangulated",
        "status": "existing"
      }
    },
    {
      "type": "Feature",
      "id": "road-4-20",
      "geometry": {
        "type": "LineString",
        "coordinates": [
          [
            118.69368,
            32.028
          ],
          [
            118.691645,
            32.025352
          ],
          [
            118.6913,
            32.024644
          ],
          [
            118.691163,
            32.024029
          ]
        ]
      },
      "properties": {
        "id": "road-4-20",
        "name": {
          "zh": "中新大道",
          "en": null
        },
        "class": "arterial",
        "widthM": 0.16,
        "source": "OSM centerline cross-checked with Amap and Nanjing official road naming",
        "sourceCrs": "EPSG:4326",
        "confidence": "triangulated",
        "status": "existing"
      }
    },
    {
      "type": "Feature",
      "id": "road-4-21",
      "geometry": {
        "type": "LineString",
        "coordinates": [
          [
            118.693866,
            32.028234
          ],
          [
            118.69368,
            32.028
          ]
        ]
      },
      "properties": {
        "id": "road-4-21",
        "name": {
          "zh": "中新大道",
          "en": null
        },
        "class": "arterial",
        "widthM": 0.16,
        "source": "OSM centerline cross-checked with Amap and Nanjing official road naming",
        "sourceCrs": "EPSG:4326",
        "confidence": "triangulated",
        "status": "existing"
      }
    },
    {
      "type": "Feature",
      "id": "road-4-22",
      "geometry": {
        "type": "LineString",
        "coordinates": [
          [
            118.692218,
            32.020012
          ],
          [
            118.693222,
            32.016841
          ],
          [
            118.693323,
            32.015694
          ],
          [
            118.693242,
            32.014198
          ]
        ]
      },
      "properties": {
        "id": "road-4-22",
        "name": {
          "zh": "中新大道",
          "en": null
        },
        "class": "arterial",
        "widthM": 0.16,
        "source": "OSM centerline cross-checked with Amap and Nanjing official road naming",
        "sourceCrs": "EPSG:4326",
        "confidence": "triangulated",
        "status": "existing"
      }
    },
    {
      "type": "Feature",
      "id": "road-4-23",
      "geometry": {
        "type": "LineString",
        "coordinates": [
          [
            118.693206,
            32.012106
          ],
          [
            118.693501,
            32.01511
          ],
          [
            118.69346,
            32.016416
          ],
          [
            118.693167,
            32.017847
          ],
          [
            118.692361,
            32.020125
          ]
        ]
      },
      "properties": {
        "id": "road-4-23",
        "name": {
          "zh": "中新大道",
          "en": null
        },
        "class": "arterial",
        "widthM": 0.16,
        "source": "OSM centerline cross-checked with Amap and Nanjing official road naming",
        "sourceCrs": "EPSG:4326",
        "confidence": "triangulated",
        "status": "existing"
      }
    },
    {
      "type": "Feature",
      "id": "road-4-24",
      "geometry": {
        "type": "LineString",
        "coordinates": [
          [
            118.693242,
            32.014198
          ],
          [
            118.692633,
            32.008713
          ],
          [
            118.692207,
            32.007835
          ],
          [
            118.690877,
            32.006371
          ]
        ]
      },
      "properties": {
        "id": "road-4-24",
        "name": {
          "zh": "中新大道",
          "en": null
        },
        "class": "arterial",
        "widthM": 0.16,
        "source": "OSM centerline cross-checked with Amap and Nanjing official road naming",
        "sourceCrs": "EPSG:4326",
        "confidence": "triangulated",
        "status": "existing"
      }
    },
    {
      "type": "Feature",
      "id": "road-4-25",
      "geometry": {
        "type": "LineString",
        "coordinates": [
          [
            118.69104,
            32.006281
          ],
          [
            118.692038,
            32.007366
          ],
          [
            118.692652,
            32.008328
          ],
          [
            118.692832,
            32.008927
          ],
          [
            118.693107,
            32.011082
          ]
        ]
      },
      "properties": {
        "id": "road-4-25",
        "name": {
          "zh": "中新大道",
          "en": null
        },
        "class": "arterial",
        "widthM": 0.16,
        "source": "OSM centerline cross-checked with Amap and Nanjing official road naming",
        "sourceCrs": "EPSG:4326",
        "confidence": "triangulated",
        "status": "existing"
      }
    },
    {
      "type": "Feature",
      "id": "road-4-26",
      "geometry": {
        "type": "LineString",
        "coordinates": [
          [
            118.698692,
            32.034165
          ],
          [
            118.69894,
            32.034532
          ]
        ]
      },
      "properties": {
        "id": "road-4-26",
        "name": {
          "zh": "中新大道",
          "en": null
        },
        "class": "arterial",
        "widthM": 0.16,
        "source": "OSM centerline cross-checked with Amap and Nanjing official road naming",
        "sourceCrs": "EPSG:4326",
        "confidence": "triangulated",
        "status": "existing"
      }
    },
    {
      "type": "Feature",
      "id": "road-4-27",
      "geometry": {
        "type": "LineString",
        "coordinates": [
          [
            118.701163,
            32.037383
          ],
          [
            118.701421,
            32.037656
          ]
        ]
      },
      "properties": {
        "id": "road-4-27",
        "name": {
          "zh": "中新大道",
          "en": null
        },
        "class": "arterial",
        "widthM": 0.16,
        "source": "OSM centerline cross-checked with Amap and Nanjing official road naming",
        "sourceCrs": "EPSG:4326",
        "confidence": "triangulated",
        "status": "existing"
      }
    },
    {
      "type": "Feature",
      "id": "road-4-28",
      "geometry": {
        "type": "LineString",
        "coordinates": [
          [
            118.693107,
            32.011082
          ],
          [
            118.693206,
            32.012106
          ]
        ]
      },
      "properties": {
        "id": "road-4-28",
        "name": {
          "zh": "中新大道",
          "en": null
        },
        "class": "arterial",
        "widthM": 0.16,
        "source": "OSM centerline cross-checked with Amap and Nanjing official road naming",
        "sourceCrs": "EPSG:4326",
        "confidence": "triangulated",
        "status": "existing"
      }
    },
    {
      "type": "Feature",
      "id": "road-4-29",
      "geometry": {
        "type": "LineString",
        "coordinates": [
          [
            118.676304,
            31.992958
          ],
          [
            118.679219,
            31.995352
          ]
        ]
      },
      "properties": {
        "id": "road-4-29",
        "name": {
          "zh": "中新大道",
          "en": null
        },
        "class": "arterial",
        "widthM": 0.16,
        "source": "OSM centerline cross-checked with Amap and Nanjing official road naming",
        "sourceCrs": "EPSG:4326",
        "confidence": "triangulated",
        "status": "existing"
      }
    },
    {
      "type": "Feature",
      "id": "road-4-30",
      "geometry": {
        "type": "LineString",
        "coordinates": [
          [
            118.679219,
            31.995352
          ],
          [
            118.679414,
            31.995523
          ]
        ]
      },
      "properties": {
        "id": "road-4-30",
        "name": {
          "zh": "中新大道",
          "en": null
        },
        "class": "arterial",
        "widthM": 0.16,
        "source": "OSM centerline cross-checked with Amap and Nanjing official road naming",
        "sourceCrs": "EPSG:4326",
        "confidence": "triangulated",
        "status": "existing"
      }
    },
    {
      "type": "Feature",
      "id": "road-4-31",
      "geometry": {
        "type": "LineString",
        "coordinates": [
          [
            118.679106,
            31.99547
          ],
          [
            118.676206,
            31.993063
          ]
        ]
      },
      "properties": {
        "id": "road-4-31",
        "name": {
          "zh": "中新大道",
          "en": null
        },
        "class": "arterial",
        "widthM": 0.16,
        "source": "OSM centerline cross-checked with Amap and Nanjing official road naming",
        "sourceCrs": "EPSG:4326",
        "confidence": "triangulated",
        "status": "existing"
      }
    },
    {
      "type": "Feature",
      "id": "road-4-32",
      "geometry": {
        "type": "LineString",
        "coordinates": [
          [
            118.679336,
            31.995659
          ],
          [
            118.679106,
            31.99547
          ]
        ]
      },
      "properties": {
        "id": "road-4-32",
        "name": {
          "zh": "中新大道",
          "en": null
        },
        "class": "arterial",
        "widthM": 0.16,
        "source": "OSM centerline cross-checked with Amap and Nanjing official road naming",
        "sourceCrs": "EPSG:4326",
        "confidence": "triangulated",
        "status": "existing"
      }
    },
    {
      "type": "Feature",
      "id": "road-5-0",
      "geometry": {
        "type": "LineString",
        "coordinates": [
          [
            118.704583,
            32.046327
          ],
          [
            118.699603,
            32.039519
          ]
        ]
      },
      "properties": {
        "id": "road-5-0",
        "name": {
          "zh": "思泽路",
          "en": null
        },
        "class": "collector",
        "widthM": 0.105,
        "source": "OSM centerline cross-checked with Amap and Nanjing official road naming",
        "sourceCrs": "EPSG:4326",
        "confidence": "triangulated",
        "status": "existing"
      }
    },
    {
      "type": "Feature",
      "id": "road-5-1",
      "geometry": {
        "type": "LineString",
        "coordinates": [
          [
            118.699415,
            32.039271
          ],
          [
            118.699271,
            32.039071
          ]
        ]
      },
      "properties": {
        "id": "road-5-1",
        "name": {
          "zh": "思泽路",
          "en": null
        },
        "class": "collector",
        "widthM": 0.105,
        "source": "OSM centerline cross-checked with Amap and Nanjing official road naming",
        "sourceCrs": "EPSG:4326",
        "confidence": "triangulated",
        "status": "existing"
      }
    },
    {
      "type": "Feature",
      "id": "road-5-2",
      "geometry": {
        "type": "LineString",
        "coordinates": [
          [
            118.699603,
            32.039519
          ],
          [
            118.699415,
            32.039271
          ]
        ]
      },
      "properties": {
        "id": "road-5-2",
        "name": {
          "zh": "思泽路",
          "en": null
        },
        "class": "collector",
        "widthM": 0.105,
        "source": "OSM centerline cross-checked with Amap and Nanjing official road naming",
        "sourceCrs": "EPSG:4326",
        "confidence": "triangulated",
        "status": "existing"
      }
    },
    {
      "type": "Feature",
      "id": "road-5-3",
      "geometry": {
        "type": "LineString",
        "coordinates": [
          [
            118.70734,
            32.050148
          ],
          [
            118.706117,
            32.048425
          ]
        ]
      },
      "properties": {
        "id": "road-5-3",
        "name": {
          "zh": "思泽路",
          "en": null
        },
        "class": "collector",
        "widthM": 0.105,
        "source": "OSM centerline cross-checked with Amap and Nanjing official road naming",
        "sourceCrs": "EPSG:4326",
        "confidence": "triangulated",
        "status": "existing"
      }
    },
    {
      "type": "Feature",
      "id": "road-5-4",
      "geometry": {
        "type": "LineString",
        "coordinates": [
          [
            118.706117,
            32.048425
          ],
          [
            118.704754,
            32.046554
          ]
        ]
      },
      "properties": {
        "id": "road-5-4",
        "name": {
          "zh": "思泽路",
          "en": null
        },
        "class": "collector",
        "widthM": 0.105,
        "source": "OSM centerline cross-checked with Amap and Nanjing official road naming",
        "sourceCrs": "EPSG:4326",
        "confidence": "triangulated",
        "status": "existing"
      }
    },
    {
      "type": "Feature",
      "id": "road-5-5",
      "geometry": {
        "type": "LineString",
        "coordinates": [
          [
            118.704754,
            32.046554
          ],
          [
            118.704583,
            32.046327
          ]
        ]
      },
      "properties": {
        "id": "road-5-5",
        "name": {
          "zh": "思泽路",
          "en": null
        },
        "class": "collector",
        "widthM": 0.105,
        "source": "OSM centerline cross-checked with Amap and Nanjing official road naming",
        "sourceCrs": "EPSG:4326",
        "confidence": "triangulated",
        "status": "existing"
      }
    },
    {
      "type": "Feature",
      "id": "road-5-6",
      "geometry": {
        "type": "LineString",
        "coordinates": [
          [
            118.699672,
            32.03948
          ],
          [
            118.704637,
            32.046283
          ]
        ]
      },
      "properties": {
        "id": "road-5-6",
        "name": {
          "zh": "思泽路",
          "en": null
        },
        "class": "collector",
        "widthM": 0.105,
        "source": "OSM centerline cross-checked with Amap and Nanjing official road naming",
        "sourceCrs": "EPSG:4326",
        "confidence": "triangulated",
        "status": "existing"
      }
    },
    {
      "type": "Feature",
      "id": "road-5-7",
      "geometry": {
        "type": "LineString",
        "coordinates": [
          [
            118.69934,
            32.039036
          ],
          [
            118.699489,
            32.039234
          ]
        ]
      },
      "properties": {
        "id": "road-5-7",
        "name": {
          "zh": "思泽路",
          "en": null
        },
        "class": "collector",
        "widthM": 0.105,
        "source": "OSM centerline cross-checked with Amap and Nanjing official road naming",
        "sourceCrs": "EPSG:4326",
        "confidence": "triangulated",
        "status": "existing"
      }
    },
    {
      "type": "Feature",
      "id": "road-5-8",
      "geometry": {
        "type": "LineString",
        "coordinates": [
          [
            118.699489,
            32.039234
          ],
          [
            118.699672,
            32.03948
          ]
        ]
      },
      "properties": {
        "id": "road-5-8",
        "name": {
          "zh": "思泽路",
          "en": null
        },
        "class": "collector",
        "widthM": 0.105,
        "source": "OSM centerline cross-checked with Amap and Nanjing official road naming",
        "sourceCrs": "EPSG:4326",
        "confidence": "triangulated",
        "status": "existing"
      }
    },
    {
      "type": "Feature",
      "id": "road-5-9",
      "geometry": {
        "type": "LineString",
        "coordinates": [
          [
            118.704817,
            32.046516
          ],
          [
            118.707432,
            32.050102
          ]
        ]
      },
      "properties": {
        "id": "road-5-9",
        "name": {
          "zh": "思泽路",
          "en": null
        },
        "class": "collector",
        "widthM": 0.105,
        "source": "OSM centerline cross-checked with Amap and Nanjing official road naming",
        "sourceCrs": "EPSG:4326",
        "confidence": "triangulated",
        "status": "existing"
      }
    },
    {
      "type": "Feature",
      "id": "road-5-10",
      "geometry": {
        "type": "LineString",
        "coordinates": [
          [
            118.704637,
            32.046283
          ],
          [
            118.704817,
            32.046516
          ]
        ]
      },
      "properties": {
        "id": "road-5-10",
        "name": {
          "zh": "思泽路",
          "en": null
        },
        "class": "collector",
        "widthM": 0.105,
        "source": "OSM centerline cross-checked with Amap and Nanjing official road naming",
        "sourceCrs": "EPSG:4326",
        "confidence": "triangulated",
        "status": "existing"
      }
    },
    {
      "type": "Feature",
      "id": "road-6-0",
      "geometry": {
        "type": "LineString",
        "coordinates": [
          [
            118.693149,
            32.031043
          ],
          [
            118.695792,
            32.034357
          ]
        ]
      },
      "properties": {
        "id": "road-6-0",
        "name": {
          "zh": "红星街",
          "en": null
        },
        "class": "collector",
        "widthM": 0.105,
        "source": "OSM centerline cross-checked with Amap and Nanjing official road naming",
        "sourceCrs": "EPSG:4326",
        "confidence": "triangulated",
        "status": "existing"
      }
    },
    {
      "type": "Feature",
      "id": "road-6-1",
      "geometry": {
        "type": "LineString",
        "coordinates": [
          [
            118.694727,
            32.024946
          ],
          [
            118.691901,
            32.026854
          ],
          [
            118.691419,
            32.027304
          ],
          [
            118.69122,
            32.027735
          ]
        ]
      },
      "properties": {
        "id": "road-6-1",
        "name": {
          "zh": "红星街",
          "en": null
        },
        "class": "collector",
        "widthM": 0.105,
        "source": "OSM centerline cross-checked with Amap and Nanjing official road naming",
        "sourceCrs": "EPSG:4326",
        "confidence": "triangulated",
        "status": "existing"
      }
    },
    {
      "type": "Feature",
      "id": "road-6-2",
      "geometry": {
        "type": "LineString",
        "coordinates": [
          [
            118.691217,
            32.028408
          ],
          [
            118.691377,
            32.028778
          ],
          [
            118.693149,
            32.031043
          ]
        ]
      },
      "properties": {
        "id": "road-6-2",
        "name": {
          "zh": "红星街",
          "en": null
        },
        "class": "collector",
        "widthM": 0.105,
        "source": "OSM centerline cross-checked with Amap and Nanjing official road naming",
        "sourceCrs": "EPSG:4326",
        "confidence": "triangulated",
        "status": "existing"
      }
    },
    {
      "type": "Feature",
      "id": "road-6-3",
      "geometry": {
        "type": "LineString",
        "coordinates": [
          [
            118.69122,
            32.027735
          ],
          [
            118.691217,
            32.028408
          ]
        ]
      },
      "properties": {
        "id": "road-6-3",
        "name": {
          "zh": "红星街",
          "en": null
        },
        "class": "collector",
        "widthM": 0.105,
        "source": "OSM centerline cross-checked with Amap and Nanjing official road naming",
        "sourceCrs": "EPSG:4326",
        "confidence": "triangulated",
        "status": "existing"
      }
    },
    {
      "type": "Feature",
      "id": "road-6-4",
      "geometry": {
        "type": "LineString",
        "coordinates": [
          [
            118.695792,
            32.034357
          ],
          [
            118.697283,
            32.036246
          ]
        ]
      },
      "properties": {
        "id": "road-6-4",
        "name": {
          "zh": "红星街",
          "en": null
        },
        "class": "collector",
        "widthM": 0.105,
        "source": "OSM centerline cross-checked with Amap and Nanjing official road naming",
        "sourceCrs": "EPSG:4326",
        "confidence": "triangulated",
        "status": "existing"
      }
    },
    {
      "type": "Feature",
      "id": "road-6-5",
      "geometry": {
        "type": "LineString",
        "coordinates": [
          [
            118.697101,
            32.02344
          ],
          [
            118.694727,
            32.024946
          ]
        ]
      },
      "properties": {
        "id": "road-6-5",
        "name": {
          "zh": "红星街",
          "en": null
        },
        "class": "collector",
        "widthM": 0.105,
        "source": "OSM centerline cross-checked with Amap and Nanjing official road naming",
        "sourceCrs": "EPSG:4326",
        "confidence": "triangulated",
        "status": "existing"
      }
    },
    {
      "type": "Feature",
      "id": "road-6-6",
      "geometry": {
        "type": "LineString",
        "coordinates": [
          [
            118.697214,
            32.036292
          ],
          [
            118.691626,
            32.029261
          ],
          [
            118.691101,
            32.028313
          ]
        ]
      },
      "properties": {
        "id": "road-6-6",
        "name": {
          "zh": "红星街",
          "en": null
        },
        "class": "collector",
        "widthM": 0.105,
        "source": "OSM centerline cross-checked with Amap and Nanjing official road naming",
        "sourceCrs": "EPSG:4326",
        "confidence": "triangulated",
        "status": "existing"
      }
    },
    {
      "type": "Feature",
      "id": "road-6-7",
      "geometry": {
        "type": "LineString",
        "coordinates": [
          [
            118.691174,
            32.027609
          ],
          [
            118.691434,
            32.027155
          ],
          [
            118.69194,
            32.026716
          ],
          [
            118.696893,
            32.023442
          ],
          [
            118.697101,
            32.02344
          ]
        ]
      },
      "properties": {
        "id": "road-6-7",
        "name": {
          "zh": "红星街",
          "en": null
        },
        "class": "collector",
        "widthM": 0.105,
        "source": "OSM centerline cross-checked with Amap and Nanjing official road naming",
        "sourceCrs": "EPSG:4326",
        "confidence": "triangulated",
        "status": "existing"
      }
    },
    {
      "type": "Feature",
      "id": "road-6-8",
      "geometry": {
        "type": "LineString",
        "coordinates": [
          [
            118.691101,
            32.028313
          ],
          [
            118.691174,
            32.027609
          ]
        ]
      },
      "properties": {
        "id": "road-6-8",
        "name": {
          "zh": "红星街",
          "en": null
        },
        "class": "collector",
        "widthM": 0.105,
        "source": "OSM centerline cross-checked with Amap and Nanjing official road naming",
        "sourceCrs": "EPSG:4326",
        "confidence": "triangulated",
        "status": "existing"
      }
    },
    {
      "type": "Feature",
      "id": "road-7-0",
      "geometry": {
        "type": "LineString",
        "coordinates": [
          [
            118.69717,
            32.028144
          ],
          [
            118.693585,
            32.030719
          ]
        ]
      },
      "properties": {
        "id": "road-7-0",
        "name": {
          "zh": "揽江街",
          "en": null
        },
        "class": "collector",
        "widthM": 0.105,
        "source": "OSM centerline cross-checked with Amap and Nanjing official road naming",
        "sourceCrs": "EPSG:4326",
        "confidence": "triangulated",
        "status": "existing"
      }
    },
    {
      "type": "Feature",
      "id": "road-7-1",
      "geometry": {
        "type": "LineString",
        "coordinates": [
          [
            118.693149,
            32.031043
          ],
          [
            118.691741,
            32.032044
          ]
        ]
      },
      "properties": {
        "id": "road-7-1",
        "name": {
          "zh": "揽江街",
          "en": null
        },
        "class": "collector",
        "widthM": 0.105,
        "source": "OSM centerline cross-checked with Amap and Nanjing official road naming",
        "sourceCrs": "EPSG:4326",
        "confidence": "triangulated",
        "status": "existing"
      }
    },
    {
      "type": "Feature",
      "id": "road-7-2",
      "geometry": {
        "type": "LineString",
        "coordinates": [
          [
            118.693329,
            32.030913
          ],
          [
            118.693149,
            32.031043
          ]
        ]
      },
      "properties": {
        "id": "road-7-2",
        "name": {
          "zh": "揽江街",
          "en": null
        },
        "class": "collector",
        "widthM": 0.105,
        "source": "OSM centerline cross-checked with Amap and Nanjing official road naming",
        "sourceCrs": "EPSG:4326",
        "confidence": "triangulated",
        "status": "existing"
      }
    },
    {
      "type": "Feature",
      "id": "road-7-3",
      "geometry": {
        "type": "LineString",
        "coordinates": [
          [
            118.693585,
            32.030719
          ],
          [
            118.693329,
            32.030913
          ]
        ]
      },
      "properties": {
        "id": "road-7-3",
        "name": {
          "zh": "揽江街",
          "en": null
        },
        "class": "collector",
        "widthM": 0.105,
        "source": "OSM centerline cross-checked with Amap and Nanjing official road naming",
        "sourceCrs": "EPSG:4326",
        "confidence": "triangulated",
        "status": "existing"
      }
    },
    {
      "type": "Feature",
      "id": "road-7-4",
      "geometry": {
        "type": "LineString",
        "coordinates": [
          [
            118.693519,
            32.030659
          ],
          [
            118.69718,
            32.028037
          ]
        ]
      },
      "properties": {
        "id": "road-7-4",
        "name": {
          "zh": "揽江街",
          "en": null
        },
        "class": "collector",
        "widthM": 0.105,
        "source": "OSM centerline cross-checked with Amap and Nanjing official road naming",
        "sourceCrs": "EPSG:4326",
        "confidence": "triangulated",
        "status": "existing"
      }
    },
    {
      "type": "Feature",
      "id": "road-7-5",
      "geometry": {
        "type": "LineString",
        "coordinates": [
          [
            118.691697,
            32.031981
          ],
          [
            118.693265,
            32.03085
          ]
        ]
      },
      "properties": {
        "id": "road-7-5",
        "name": {
          "zh": "揽江街",
          "en": null
        },
        "class": "collector",
        "widthM": 0.105,
        "source": "OSM centerline cross-checked with Amap and Nanjing official road naming",
        "sourceCrs": "EPSG:4326",
        "confidence": "triangulated",
        "status": "existing"
      }
    },
    {
      "type": "Feature",
      "id": "road-7-6",
      "geometry": {
        "type": "LineString",
        "coordinates": [
          [
            118.693265,
            32.03085
          ],
          [
            118.693519,
            32.030659
          ]
        ]
      },
      "properties": {
        "id": "road-7-6",
        "name": {
          "zh": "揽江街",
          "en": null
        },
        "class": "collector",
        "widthM": 0.105,
        "source": "OSM centerline cross-checked with Amap and Nanjing official road naming",
        "sourceCrs": "EPSG:4326",
        "confidence": "triangulated",
        "status": "existing"
      }
    },
    {
      "type": "Feature",
      "id": "road-8-0",
      "geometry": {
        "type": "LineString",
        "coordinates": [
          [
            118.703373,
            32.04728
          ],
          [
            118.700671,
            32.043603
          ]
        ]
      },
      "properties": {
        "id": "road-8-0",
        "name": {
          "zh": "亚鹏路",
          "en": null
        },
        "class": "collector",
        "widthM": 0.105,
        "source": "OSM centerline cross-checked with Amap and Nanjing official road naming",
        "sourceCrs": "EPSG:4326",
        "confidence": "triangulated",
        "status": "existing"
      }
    },
    {
      "type": "Feature",
      "id": "road-8-1",
      "geometry": {
        "type": "LineString",
        "coordinates": [
          [
            118.704765,
            32.049174
          ],
          [
            118.706086,
            32.050978
          ]
        ]
      },
      "properties": {
        "id": "road-8-1",
        "name": {
          "zh": "亚鹏路",
          "en": null
        },
        "class": "collector",
        "widthM": 0.105,
        "source": "OSM centerline cross-checked with Amap and Nanjing official road naming",
        "sourceCrs": "EPSG:4326",
        "confidence": "triangulated",
        "status": "existing"
      }
    },
    {
      "type": "Feature",
      "id": "road-8-2",
      "geometry": {
        "type": "LineString",
        "coordinates": [
          [
            118.700671,
            32.043603
          ],
          [
            118.698196,
            32.040228
          ]
        ]
      },
      "properties": {
        "id": "road-8-2",
        "name": {
          "zh": "亚鹏路",
          "en": null
        },
        "class": "collector",
        "widthM": 0.105,
        "source": "OSM centerline cross-checked with Amap and Nanjing official road naming",
        "sourceCrs": "EPSG:4326",
        "confidence": "triangulated",
        "status": "existing"
      }
    },
    {
      "type": "Feature",
      "id": "road-8-3",
      "geometry": {
        "type": "LineString",
        "coordinates": [
          [
            118.698025,
            32.04
          ],
          [
            118.69788,
            32.039786
          ]
        ]
      },
      "properties": {
        "id": "road-8-3",
        "name": {
          "zh": "亚鹏路",
          "en": null
        },
        "class": "collector",
        "widthM": 0.105,
        "source": "OSM centerline cross-checked with Amap and Nanjing official road naming",
        "sourceCrs": "EPSG:4326",
        "confidence": "triangulated",
        "status": "existing"
      }
    },
    {
      "type": "Feature",
      "id": "road-8-4",
      "geometry": {
        "type": "LineString",
        "coordinates": [
          [
            118.698196,
            32.040228
          ],
          [
            118.698025,
            32.04
          ]
        ]
      },
      "properties": {
        "id": "road-8-4",
        "name": {
          "zh": "亚鹏路",
          "en": null
        },
        "class": "collector",
        "widthM": 0.105,
        "source": "OSM centerline cross-checked with Amap and Nanjing official road naming",
        "sourceCrs": "EPSG:4326",
        "confidence": "triangulated",
        "status": "existing"
      }
    },
    {
      "type": "Feature",
      "id": "road-8-5",
      "geometry": {
        "type": "LineString",
        "coordinates": [
          [
            118.704765,
            32.049174
          ],
          [
            118.703541,
            32.0475
          ]
        ]
      },
      "properties": {
        "id": "road-8-5",
        "name": {
          "zh": "亚鹏路",
          "en": null
        },
        "class": "collector",
        "widthM": 0.105,
        "source": "OSM centerline cross-checked with Amap and Nanjing official road naming",
        "sourceCrs": "EPSG:4326",
        "confidence": "triangulated",
        "status": "existing"
      }
    },
    {
      "type": "Feature",
      "id": "road-8-6",
      "geometry": {
        "type": "LineString",
        "coordinates": [
          [
            118.703541,
            32.0475
          ],
          [
            118.703373,
            32.04728
          ]
        ]
      },
      "properties": {
        "id": "road-8-6",
        "name": {
          "zh": "亚鹏路",
          "en": null
        },
        "class": "collector",
        "widthM": 0.105,
        "source": "OSM centerline cross-checked with Amap and Nanjing official road naming",
        "sourceCrs": "EPSG:4326",
        "confidence": "triangulated",
        "status": "existing"
      }
    },
    {
      "type": "Feature",
      "id": "road-9-0",
      "geometry": {
        "type": "LineString",
        "coordinates": [
          [
            118.704187,
            32.045001
          ],
          [
            118.709324,
            32.041724
          ]
        ]
      },
      "properties": {
        "id": "road-9-0",
        "name": {
          "zh": "星影街",
          "en": null
        },
        "class": "collector",
        "widthM": 0.105,
        "source": "OSM centerline cross-checked with Amap and Nanjing official road naming",
        "sourceCrs": "EPSG:4326",
        "confidence": "triangulated",
        "status": "existing"
      }
    },
    {
      "type": "Feature",
      "id": "road-9-1",
      "geometry": {
        "type": "LineString",
        "coordinates": [
          [
            118.701453,
            32.046696
          ],
          [
            118.703982,
            32.045139
          ]
        ]
      },
      "properties": {
        "id": "road-9-1",
        "name": {
          "zh": "星影街",
          "en": null
        },
        "class": "collector",
        "widthM": 0.105,
        "source": "OSM centerline cross-checked with Amap and Nanjing official road naming",
        "sourceCrs": "EPSG:4326",
        "confidence": "triangulated",
        "status": "existing"
      }
    },
    {
      "type": "Feature",
      "id": "road-9-2",
      "geometry": {
        "type": "LineString",
        "coordinates": [
          [
            118.703982,
            32.045139
          ],
          [
            118.704187,
            32.045001
          ]
        ]
      },
      "properties": {
        "id": "road-9-2",
        "name": {
          "zh": "星影街",
          "en": null
        },
        "class": "collector",
        "widthM": 0.105,
        "source": "OSM centerline cross-checked with Amap and Nanjing official road naming",
        "sourceCrs": "EPSG:4326",
        "confidence": "triangulated",
        "status": "existing"
      }
    },
    {
      "type": "Feature",
      "id": "road-10-0",
      "geometry": {
        "type": "LineString",
        "coordinates": [
          [
            118.701474,
            32.038015
          ],
          [
            118.699317,
            32.039134
          ]
        ]
      },
      "properties": {
        "id": "road-10-0",
        "name": {
          "zh": "宏俊街",
          "en": null
        },
        "class": "collector",
        "widthM": 0.105,
        "source": "OSM centerline cross-checked with Amap and Nanjing official road naming",
        "sourceCrs": "EPSG:4326",
        "confidence": "triangulated",
        "status": "existing"
      }
    },
    {
      "type": "Feature",
      "id": "road-10-1",
      "geometry": {
        "type": "LineString",
        "coordinates": [
          [
            118.697924,
            32.039847
          ],
          [
            118.696337,
            32.040661
          ]
        ]
      },
      "properties": {
        "id": "road-10-1",
        "name": {
          "zh": "宏俊街",
          "en": null
        },
        "class": "collector",
        "widthM": 0.105,
        "source": "OSM centerline cross-checked with Amap and Nanjing official road naming",
        "sourceCrs": "EPSG:4326",
        "confidence": "triangulated",
        "status": "existing"
      }
    },
    {
      "type": "Feature",
      "id": "road-10-2",
      "geometry": {
        "type": "LineString",
        "coordinates": [
          [
            118.699317,
            32.039134
          ],
          [
            118.697924,
            32.039847
          ]
        ]
      },
      "properties": {
        "id": "road-10-2",
        "name": {
          "zh": "宏俊街",
          "en": null
        },
        "class": "collector",
        "widthM": 0.105,
        "source": "OSM centerline cross-checked with Amap and Nanjing official road naming",
        "sourceCrs": "EPSG:4326",
        "confidence": "triangulated",
        "status": "existing"
      }
    },
    {
      "type": "Feature",
      "id": "road-10-3",
      "geometry": {
        "type": "LineString",
        "coordinates": [
          [
            118.696337,
            32.040661
          ],
          [
            118.696346,
            32.040577
          ],
          [
            118.701426,
            32.037955
          ]
        ]
      },
      "properties": {
        "id": "road-10-3",
        "name": {
          "zh": "宏俊街",
          "en": null
        },
        "class": "collector",
        "widthM": 0.105,
        "source": "OSM centerline cross-checked with Amap and Nanjing official road naming",
        "sourceCrs": "EPSG:4326",
        "confidence": "triangulated",
        "status": "existing"
      }
    },
    {
      "type": "Feature",
      "id": "road-11-0",
      "geometry": {
        "type": "LineString",
        "coordinates": [
          [
            118.69399,
            31.999741
          ],
          [
            118.694177,
            32.000014
          ],
          [
            118.694368,
            32.000133
          ],
          [
            118.694807,
            32.000149
          ],
          [
            118.695519,
            31.999754
          ],
          [
            118.695919,
            31.999444
          ],
          [
            118.697569,
            31.997431
          ],
          [
            118.699348,
            31.995421
          ]
        ]
      },
      "properties": {
        "id": "road-11-0",
        "name": {
          "zh": "南京眼步行桥",
          "en": null
        },
        "class": "greenway",
        "widthM": 0.035,
        "source": "OSM centerline cross-checked with Amap and Nanjing official road naming",
        "sourceCrs": "EPSG:4326",
        "confidence": "triangulated",
        "status": "existing"
      }
    },
    {
      "type": "Feature",
      "id": "road-11-1",
      "geometry": {
        "type": "LineString",
        "coordinates": [
          [
            118.699348,
            31.995421
          ],
          [
            118.699601,
            31.995015
          ]
        ]
      },
      "properties": {
        "id": "road-11-1",
        "name": {
          "zh": "南京眼步行桥",
          "en": null
        },
        "class": "greenway",
        "widthM": 0.035,
        "source": "OSM centerline cross-checked with Amap and Nanjing official road naming",
        "sourceCrs": "EPSG:4326",
        "confidence": "triangulated",
        "status": "existing"
      }
    },
    {
      "type": "Feature",
      "id": "road-11-2",
      "geometry": {
        "type": "LineString",
        "coordinates": [
          [
            118.699348,
            31.995421
          ],
          [
            118.699677,
            31.995113
          ]
        ]
      },
      "properties": {
        "id": "road-11-2",
        "name": {
          "zh": "南京眼步行桥",
          "en": null
        },
        "class": "greenway",
        "widthM": 0.035,
        "source": "OSM centerline cross-checked with Amap and Nanjing official road naming",
        "sourceCrs": "EPSG:4326",
        "confidence": "triangulated",
        "status": "existing"
      }
    },
    {
      "type": "Feature",
      "id": "road-12-0",
      "geometry": {
        "type": "LineString",
        "coordinates": [
          [
            118.699883,
            32.031481
          ],
          [
            118.697784,
            32.032974
          ]
        ]
      },
      "properties": {
        "id": "road-12-0",
        "name": {
          "zh": "志坚街",
          "en": null
        },
        "class": "local",
        "widthM": 0.06,
        "source": "OSM centerline cross-checked with Amap and Nanjing official road naming",
        "sourceCrs": "EPSG:4326",
        "confidence": "triangulated",
        "status": "existing"
      }
    },
    {
      "type": "Feature",
      "id": "road-12-1",
      "geometry": {
        "type": "LineString",
        "coordinates": [
          [
            118.695901,
            32.034282
          ],
          [
            118.693494,
            32.03594
          ]
        ]
      },
      "properties": {
        "id": "road-12-1",
        "name": {
          "zh": "志坚街",
          "en": null
        },
        "class": "local",
        "widthM": 0.06,
        "source": "OSM centerline cross-checked with Amap and Nanjing official road naming",
        "sourceCrs": "EPSG:4326",
        "confidence": "triangulated",
        "status": "existing"
      }
    },
    {
      "type": "Feature",
      "id": "road-12-2",
      "geometry": {
        "type": "LineString",
        "coordinates": [
          [
            118.696155,
            32.034104
          ],
          [
            118.695901,
            32.034282
          ]
        ]
      },
      "properties": {
        "id": "road-12-2",
        "name": {
          "zh": "志坚街",
          "en": null
        },
        "class": "local",
        "widthM": 0.06,
        "source": "OSM centerline cross-checked with Amap and Nanjing official road naming",
        "sourceCrs": "EPSG:4326",
        "confidence": "triangulated",
        "status": "existing"
      }
    },
    {
      "type": "Feature",
      "id": "road-12-3",
      "geometry": {
        "type": "LineString",
        "coordinates": [
          [
            118.697784,
            32.032974
          ],
          [
            118.696155,
            32.034104
          ]
        ]
      },
      "properties": {
        "id": "road-12-3",
        "name": {
          "zh": "志坚街",
          "en": null
        },
        "class": "local",
        "widthM": 0.06,
        "source": "OSM centerline cross-checked with Amap and Nanjing official road naming",
        "sourceCrs": "EPSG:4326",
        "confidence": "triangulated",
        "status": "existing"
      }
    },
    {
      "type": "Feature",
      "id": "road-13-0",
      "geometry": {
        "type": "LineString",
        "coordinates": [
          [
            118.705908,
            32.040866
          ],
          [
            118.702532,
            32.042639
          ]
        ]
      },
      "properties": {
        "id": "road-13-0",
        "name": {
          "zh": "绿水街",
          "en": null
        },
        "class": "collector",
        "widthM": 0.105,
        "source": "OSM centerline cross-checked with Amap and Nanjing official road naming",
        "sourceCrs": "EPSG:4326",
        "confidence": "triangulated",
        "status": "existing"
      }
    },
    {
      "type": "Feature",
      "id": "road-13-1",
      "geometry": {
        "type": "LineString",
        "coordinates": [
          [
            118.699119,
            32.044415
          ],
          [
            118.697544,
            32.045267
          ]
        ]
      },
      "properties": {
        "id": "road-13-1",
        "name": {
          "zh": "绿水街",
          "en": null
        },
        "class": "collector",
        "widthM": 0.105,
        "source": "OSM centerline cross-checked with Amap and Nanjing official road naming",
        "sourceCrs": "EPSG:4326",
        "confidence": "triangulated",
        "status": "existing"
      }
    },
    {
      "type": "Feature",
      "id": "road-13-2",
      "geometry": {
        "type": "LineString",
        "coordinates": [
          [
            118.700671,
            32.043603
          ],
          [
            118.699379,
            32.044275
          ]
        ]
      },
      "properties": {
        "id": "road-13-2",
        "name": {
          "zh": "绿水街",
          "en": null
        },
        "class": "collector",
        "widthM": 0.105,
        "source": "OSM centerline cross-checked with Amap and Nanjing official road naming",
        "sourceCrs": "EPSG:4326",
        "confidence": "triangulated",
        "status": "existing"
      }
    },
    {
      "type": "Feature",
      "id": "road-13-3",
      "geometry": {
        "type": "LineString",
        "coordinates": [
          [
            118.699379,
            32.044275
          ],
          [
            118.699119,
            32.044415
          ]
        ]
      },
      "properties": {
        "id": "road-13-3",
        "name": {
          "zh": "绿水街",
          "en": null
        },
        "class": "collector",
        "widthM": 0.105,
        "source": "OSM centerline cross-checked with Amap and Nanjing official road naming",
        "sourceCrs": "EPSG:4326",
        "confidence": "triangulated",
        "status": "existing"
      }
    },
    {
      "type": "Feature",
      "id": "road-13-4",
      "geometry": {
        "type": "LineString",
        "coordinates": [
          [
            118.702294,
            32.042768
          ],
          [
            118.700671,
            32.043603
          ]
        ]
      },
      "properties": {
        "id": "road-13-4",
        "name": {
          "zh": "绿水街",
          "en": null
        },
        "class": "collector",
        "widthM": 0.105,
        "source": "OSM centerline cross-checked with Amap and Nanjing official road naming",
        "sourceCrs": "EPSG:4326",
        "confidence": "triangulated",
        "status": "existing"
      }
    },
    {
      "type": "Feature",
      "id": "road-13-5",
      "geometry": {
        "type": "LineString",
        "coordinates": [
          [
            118.702532,
            32.042639
          ],
          [
            118.702294,
            32.042768
          ]
        ]
      },
      "properties": {
        "id": "road-13-5",
        "name": {
          "zh": "绿水街",
          "en": null
        },
        "class": "collector",
        "widthM": 0.105,
        "source": "OSM centerline cross-checked with Amap and Nanjing official road naming",
        "sourceCrs": "EPSG:4326",
        "confidence": "triangulated",
        "status": "existing"
      }
    },
    {
      "type": "Feature",
      "id": "road-13-6",
      "geometry": {
        "type": "LineString",
        "coordinates": [
          [
            118.702473,
            32.042563
          ],
          [
            118.70587,
            32.040804
          ]
        ]
      },
      "properties": {
        "id": "road-13-6",
        "name": {
          "zh": "绿水街",
          "en": null
        },
        "class": "collector",
        "widthM": 0.105,
        "source": "OSM centerline cross-checked with Amap and Nanjing official road naming",
        "sourceCrs": "EPSG:4326",
        "confidence": "triangulated",
        "status": "existing"
      }
    },
    {
      "type": "Feature",
      "id": "road-13-7",
      "geometry": {
        "type": "LineString",
        "coordinates": [
          [
            118.697489,
            32.045208
          ],
          [
            118.69908,
            32.044365
          ]
        ]
      },
      "properties": {
        "id": "road-13-7",
        "name": {
          "zh": "绿水街",
          "en": null
        },
        "class": "collector",
        "widthM": 0.105,
        "source": "OSM centerline cross-checked with Amap and Nanjing official road naming",
        "sourceCrs": "EPSG:4326",
        "confidence": "triangulated",
        "status": "existing"
      }
    },
    {
      "type": "Feature",
      "id": "road-13-8",
      "geometry": {
        "type": "LineString",
        "coordinates": [
          [
            118.69908,
            32.044365
          ],
          [
            118.699343,
            32.044218
          ]
        ]
      },
      "properties": {
        "id": "road-13-8",
        "name": {
          "zh": "绿水街",
          "en": null
        },
        "class": "collector",
        "widthM": 0.105,
        "source": "OSM centerline cross-checked with Amap and Nanjing official road naming",
        "sourceCrs": "EPSG:4326",
        "confidence": "triangulated",
        "status": "existing"
      }
    },
    {
      "type": "Feature",
      "id": "road-13-9",
      "geometry": {
        "type": "LineString",
        "coordinates": [
          [
            118.699343,
            32.044218
          ],
          [
            118.702246,
            32.042688
          ]
        ]
      },
      "properties": {
        "id": "road-13-9",
        "name": {
          "zh": "绿水街",
          "en": null
        },
        "class": "collector",
        "widthM": 0.105,
        "source": "OSM centerline cross-checked with Amap and Nanjing official road naming",
        "sourceCrs": "EPSG:4326",
        "confidence": "triangulated",
        "status": "existing"
      }
    },
    {
      "type": "Feature",
      "id": "road-13-10",
      "geometry": {
        "type": "LineString",
        "coordinates": [
          [
            118.702246,
            32.042688
          ],
          [
            118.702473,
            32.042563
          ]
        ]
      },
      "properties": {
        "id": "road-13-10",
        "name": {
          "zh": "绿水街",
          "en": null
        },
        "class": "collector",
        "widthM": 0.105,
        "source": "OSM centerline cross-checked with Amap and Nanjing official road naming",
        "sourceCrs": "EPSG:4326",
        "confidence": "triangulated",
        "status": "existing"
      }
    },
    {
      "type": "Feature",
      "id": "road-13-11",
      "geometry": {
        "type": "LineString",
        "coordinates": [
          [
            118.706041,
            32.040715
          ],
          [
            118.708143,
            32.039603
          ]
        ]
      },
      "properties": {
        "id": "road-13-11",
        "name": {
          "zh": "绿水街",
          "en": null
        },
        "class": "collector",
        "widthM": 0.105,
        "source": "OSM centerline cross-checked with Amap and Nanjing official road naming",
        "sourceCrs": "EPSG:4326",
        "confidence": "triangulated",
        "status": "existing"
      }
    },
    {
      "type": "Feature",
      "id": "road-13-12",
      "geometry": {
        "type": "LineString",
        "coordinates": [
          [
            118.70587,
            32.040804
          ],
          [
            118.706041,
            32.040715
          ]
        ]
      },
      "properties": {
        "id": "road-13-12",
        "name": {
          "zh": "绿水街",
          "en": null
        },
        "class": "collector",
        "widthM": 0.105,
        "source": "OSM centerline cross-checked with Amap and Nanjing official road naming",
        "sourceCrs": "EPSG:4326",
        "confidence": "triangulated",
        "status": "existing"
      }
    },
    {
      "type": "Feature",
      "id": "road-13-13",
      "geometry": {
        "type": "LineString",
        "coordinates": [
          [
            118.708179,
            32.039666
          ],
          [
            118.706071,
            32.040779
          ]
        ]
      },
      "properties": {
        "id": "road-13-13",
        "name": {
          "zh": "绿水街",
          "en": null
        },
        "class": "collector",
        "widthM": 0.105,
        "source": "OSM centerline cross-checked with Amap and Nanjing official road naming",
        "sourceCrs": "EPSG:4326",
        "confidence": "triangulated",
        "status": "existing"
      }
    },
    {
      "type": "Feature",
      "id": "road-13-14",
      "geometry": {
        "type": "LineString",
        "coordinates": [
          [
            118.706071,
            32.040779
          ],
          [
            118.705908,
            32.040866
          ]
        ]
      },
      "properties": {
        "id": "road-13-14",
        "name": {
          "zh": "绿水街",
          "en": null
        },
        "class": "collector",
        "widthM": 0.105,
        "source": "OSM centerline cross-checked with Amap and Nanjing official road naming",
        "sourceCrs": "EPSG:4326",
        "confidence": "triangulated",
        "status": "existing"
      }
    },
    {
      "type": "Feature",
      "id": "road-14-0",
      "geometry": {
        "type": "LineString",
        "coordinates": [
          [
            118.709928,
            32.046414
          ],
          [
            118.706223,
            32.0407
          ],
          [
            118.705599,
            32.039534
          ],
          [
            118.704869,
            32.037793
          ],
          [
            118.703987,
            32.036678
          ]
        ]
      },
      "properties": {
        "id": "road-14-0",
        "name": {
          "zh": "科技路",
          "en": null
        },
        "class": "collector",
        "widthM": 0.105,
        "source": "OSM centerline cross-checked with Amap and Nanjing official road naming",
        "sourceCrs": "EPSG:4326",
        "confidence": "triangulated",
        "status": "existing"
      }
    },
    {
      "type": "Feature",
      "id": "road-14-1",
      "geometry": {
        "type": "LineString",
        "coordinates": [
          [
            118.709928,
            32.046414
          ],
          [
            118.710928,
            32.047966
          ]
        ]
      },
      "properties": {
        "id": "road-14-1",
        "name": {
          "zh": "科技路",
          "en": null
        },
        "class": "collector",
        "widthM": 0.105,
        "source": "OSM centerline cross-checked with Amap and Nanjing official road naming",
        "sourceCrs": "EPSG:4326",
        "confidence": "triangulated",
        "status": "existing"
      }
    },
    {
      "type": "Feature",
      "id": "road-15-0",
      "geometry": {
        "type": "LineString",
        "coordinates": [
          [
            118.691283,
            32.022644
          ],
          [
            118.687573,
            32.025092
          ]
        ]
      },
      "properties": {
        "id": "road-15-0",
        "name": {
          "zh": "永定街",
          "en": null
        },
        "class": "collector",
        "widthM": 0.105,
        "source": "OSM centerline cross-checked with Amap and Nanjing official road naming",
        "sourceCrs": "EPSG:4326",
        "confidence": "triangulated",
        "status": "existing"
      }
    },
    {
      "type": "Feature",
      "id": "road-15-1",
      "geometry": {
        "type": "LineString",
        "coordinates": [
          [
            118.691474,
            32.022562
          ],
          [
            118.691283,
            32.022644
          ]
        ]
      },
      "properties": {
        "id": "road-15-1",
        "name": {
          "zh": "永定街",
          "en": null
        },
        "class": "collector",
        "widthM": 0.105,
        "source": "OSM centerline cross-checked with Amap and Nanjing official road naming",
        "sourceCrs": "EPSG:4326",
        "confidence": "triangulated",
        "status": "existing"
      }
    },
    {
      "type": "Feature",
      "id": "road-15-2",
      "geometry": {
        "type": "LineString",
        "coordinates": [
          [
            118.687573,
            32.025092
          ],
          [
            118.690964,
            32.022738
          ],
          [
            118.69151,
            32.022463
          ]
        ]
      },
      "properties": {
        "id": "road-15-2",
        "name": {
          "zh": "永定街",
          "en": null
        },
        "class": "collector",
        "widthM": 0.105,
        "source": "OSM centerline cross-checked with Amap and Nanjing official road naming",
        "sourceCrs": "EPSG:4326",
        "confidence": "triangulated",
        "status": "existing"
      }
    },
    {
      "type": "Feature",
      "id": "road-16-0",
      "geometry": {
        "type": "LineString",
        "coordinates": [
          [
            118.641868,
            32.019244
          ],
          [
            118.644859,
            32.016936
          ],
          [
            118.647103,
            32.015472
          ],
          [
            118.650075,
            32.013808
          ],
          [
            118.653431,
            32.01226
          ],
          [
            118.657465,
            32.01072
          ],
          [
            118.663444,
            32.008601
          ],
          [
            118.68262,
            32.002087
          ]
        ]
      },
      "properties": {
        "id": "road-16-0",
        "name": {
          "zh": "南京江心洲长江大桥",
          "en": null
        },
        "class": "major",
        "widthM": 0.22,
        "source": "OSM centerline cross-checked with Amap and Nanjing official road naming",
        "sourceCrs": "EPSG:4326",
        "confidence": "triangulated",
        "status": "existing"
      }
    },
    {
      "type": "Feature",
      "id": "road-16-1",
      "geometry": {
        "type": "LineString",
        "coordinates": [
          [
            118.682665,
            32.002226
          ],
          [
            118.659029,
            32.010342
          ],
          [
            118.65592,
            32.011446
          ],
          [
            118.652262,
            32.012898
          ],
          [
            118.649968,
            32.013994
          ],
          [
            118.646331,
            32.016098
          ],
          [
            118.644629,
            32.017291
          ],
          [
            118.641877,
            32.019468
          ]
        ]
      },
      "properties": {
        "id": "road-16-1",
        "name": {
          "zh": "南京江心洲长江大桥",
          "en": null
        },
        "class": "major",
        "widthM": 0.22,
        "source": "OSM centerline cross-checked with Amap and Nanjing official road naming",
        "sourceCrs": "EPSG:4326",
        "confidence": "triangulated",
        "status": "existing"
      }
    },
    {
      "type": "Feature",
      "id": "road-17-0",
      "geometry": {
        "type": "LineString",
        "coordinates": [
          [
            118.686412,
            32.010884
          ],
          [
            118.692996,
            32.01764
          ]
        ]
      },
      "properties": {
        "id": "road-17-0",
        "name": {
          "zh": "梅子洲路",
          "en": null
        },
        "class": "collector",
        "widthM": 0.105,
        "source": "OSM centerline cross-checked with Amap and Nanjing official road naming",
        "sourceCrs": "EPSG:4326",
        "confidence": "triangulated",
        "status": "existing"
      }
    },
    {
      "type": "Feature",
      "id": "road-17-1",
      "geometry": {
        "type": "LineString",
        "coordinates": [
          [
            118.679816,
            31.999138
          ],
          [
            118.679318,
            32.000098
          ],
          [
            118.679092,
            32.000937
          ],
          [
            118.679099,
            32.002159
          ],
          [
            118.679333,
            32.003102
          ]
        ]
      },
      "properties": {
        "id": "road-17-1",
        "name": {
          "zh": "梅子洲路",
          "en": null
        },
        "class": "collector",
        "widthM": 0.105,
        "source": "OSM centerline cross-checked with Amap and Nanjing official road naming",
        "sourceCrs": "EPSG:4326",
        "confidence": "triangulated",
        "status": "existing"
      }
    },
    {
      "type": "Feature",
      "id": "road-17-2",
      "geometry": {
        "type": "LineString",
        "coordinates": [
          [
            118.686213,
            32.010687
          ],
          [
            118.686412,
            32.010884
          ]
        ]
      },
      "properties": {
        "id": "road-17-2",
        "name": {
          "zh": "梅子洲路",
          "en": null
        },
        "class": "collector",
        "widthM": 0.105,
        "source": "OSM centerline cross-checked with Amap and Nanjing official road naming",
        "sourceCrs": "EPSG:4326",
        "confidence": "triangulated",
        "status": "existing"
      }
    },
    {
      "type": "Feature",
      "id": "road-17-3",
      "geometry": {
        "type": "LineString",
        "coordinates": [
          [
            118.681246,
            31.997287
          ],
          [
            118.683544,
            31.994499
          ]
        ]
      },
      "properties": {
        "id": "road-17-3",
        "name": {
          "zh": "梅子洲路",
          "en": null
        },
        "class": "collector",
        "widthM": 0.105,
        "source": "OSM centerline cross-checked with Amap and Nanjing official road naming",
        "sourceCrs": "EPSG:4326",
        "confidence": "triangulated",
        "status": "existing"
      }
    },
    {
      "type": "Feature",
      "id": "road-17-4",
      "geometry": {
        "type": "LineString",
        "coordinates": [
          [
            118.679333,
            32.003102
          ],
          [
            118.679654,
            32.003771
          ],
          [
            118.680228,
            32.004573
          ],
          [
            118.686213,
            32.010687
          ]
        ]
      },
      "properties": {
        "id": "road-17-4",
        "name": {
          "zh": "梅子洲路",
          "en": null
        },
        "class": "collector",
        "widthM": 0.105,
        "source": "OSM centerline cross-checked with Amap and Nanjing official road naming",
        "sourceCrs": "EPSG:4326",
        "confidence": "triangulated",
        "status": "existing"
      }
    },
    {
      "type": "Feature",
      "id": "road-17-5",
      "geometry": {
        "type": "LineString",
        "coordinates": [
          [
            118.683623,
            31.994529
          ],
          [
            118.681463,
            31.997179
          ],
          [
            118.681246,
            31.997287
          ]
        ]
      },
      "properties": {
        "id": "road-17-5",
        "name": {
          "zh": "梅子洲路",
          "en": null
        },
        "class": "collector",
        "widthM": 0.105,
        "source": "OSM centerline cross-checked with Amap and Nanjing official road naming",
        "sourceCrs": "EPSG:4326",
        "confidence": "triangulated",
        "status": "existing"
      }
    },
    {
      "type": "Feature",
      "id": "road-17-6",
      "geometry": {
        "type": "LineString",
        "coordinates": [
          [
            118.681246,
            31.997287
          ],
          [
            118.67997,
            31.998923
          ]
        ]
      },
      "properties": {
        "id": "road-17-6",
        "name": {
          "zh": "梅子洲路",
          "en": null
        },
        "class": "collector",
        "widthM": 0.105,
        "source": "OSM centerline cross-checked with Amap and Nanjing official road naming",
        "sourceCrs": "EPSG:4326",
        "confidence": "triangulated",
        "status": "existing"
      }
    },
    {
      "type": "Feature",
      "id": "road-17-7",
      "geometry": {
        "type": "LineString",
        "coordinates": [
          [
            118.67997,
            31.998923
          ],
          [
            118.679816,
            31.999138
          ]
        ]
      },
      "properties": {
        "id": "road-17-7",
        "name": {
          "zh": "梅子洲路",
          "en": null
        },
        "class": "collector",
        "widthM": 0.105,
        "source": "OSM centerline cross-checked with Amap and Nanjing official road naming",
        "sourceCrs": "EPSG:4326",
        "confidence": "triangulated",
        "status": "existing"
      }
    },
    {
      "type": "Feature",
      "id": "road-18-0",
      "geometry": {
        "type": "LineString",
        "coordinates": [
          [
            118.691279,
            32.0032
          ],
          [
            118.687917,
            32.005534
          ],
          [
            118.686652,
            32.006289
          ]
        ]
      },
      "properties": {
        "id": "road-18-0",
        "name": {
          "zh": "龙恩街",
          "en": null
        },
        "class": "collector",
        "widthM": 0.105,
        "source": "OSM centerline cross-checked with Amap and Nanjing official road naming",
        "sourceCrs": "EPSG:4326",
        "confidence": "triangulated",
        "status": "existing"
      }
    },
    {
      "type": "Feature",
      "id": "road-18-1",
      "geometry": {
        "type": "LineString",
        "coordinates": [
          [
            118.682055,
            32.008834
          ],
          [
            118.678812,
            32.01027
          ]
        ]
      },
      "properties": {
        "id": "road-18-1",
        "name": {
          "zh": "龙恩街",
          "en": null
        },
        "class": "collector",
        "widthM": 0.105,
        "source": "OSM centerline cross-checked with Amap and Nanjing official road naming",
        "sourceCrs": "EPSG:4326",
        "confidence": "triangulated",
        "status": "existing"
      }
    },
    {
      "type": "Feature",
      "id": "road-18-2",
      "geometry": {
        "type": "LineString",
        "coordinates": [
          [
            118.696125,
            31.999793
          ],
          [
            118.693162,
            32.00189
          ]
        ]
      },
      "properties": {
        "id": "road-18-2",
        "name": {
          "zh": "龙恩街",
          "en": null
        },
        "class": "collector",
        "widthM": 0.105,
        "source": "OSM centerline cross-checked with Amap and Nanjing official road naming",
        "sourceCrs": "EPSG:4326",
        "confidence": "triangulated",
        "status": "existing"
      }
    },
    {
      "type": "Feature",
      "id": "road-18-3",
      "geometry": {
        "type": "LineString",
        "coordinates": [
          [
            118.69146,
            32.003073
          ],
          [
            118.691279,
            32.0032
          ]
        ]
      },
      "properties": {
        "id": "road-18-3",
        "name": {
          "zh": "龙恩街",
          "en": null
        },
        "class": "collector",
        "widthM": 0.105,
        "source": "OSM centerline cross-checked with Amap and Nanjing official road naming",
        "sourceCrs": "EPSG:4326",
        "confidence": "triangulated",
        "status": "existing"
      }
    },
    {
      "type": "Feature",
      "id": "road-18-4",
      "geometry": {
        "type": "LineString",
        "coordinates": [
          [
            118.682405,
            32.008644
          ],
          [
            118.682055,
            32.008834
          ]
        ]
      },
      "properties": {
        "id": "road-18-4",
        "name": {
          "zh": "龙恩街",
          "en": null
        },
        "class": "collector",
        "widthM": 0.105,
        "source": "OSM centerline cross-checked with Amap and Nanjing official road naming",
        "sourceCrs": "EPSG:4326",
        "confidence": "triangulated",
        "status": "existing"
      }
    },
    {
      "type": "Feature",
      "id": "road-18-5",
      "geometry": {
        "type": "LineString",
        "coordinates": [
          [
            118.686434,
            32.006409
          ],
          [
            118.682405,
            32.008644
          ]
        ]
      },
      "properties": {
        "id": "road-18-5",
        "name": {
          "zh": "龙恩街",
          "en": null
        },
        "class": "collector",
        "widthM": 0.105,
        "source": "OSM centerline cross-checked with Amap and Nanjing official road naming",
        "sourceCrs": "EPSG:4326",
        "confidence": "triangulated",
        "status": "existing"
      }
    },
    {
      "type": "Feature",
      "id": "road-18-6",
      "geometry": {
        "type": "LineString",
        "coordinates": [
          [
            118.686652,
            32.006289
          ],
          [
            118.686434,
            32.006409
          ]
        ]
      },
      "properties": {
        "id": "road-18-6",
        "name": {
          "zh": "龙恩街",
          "en": null
        },
        "class": "collector",
        "widthM": 0.105,
        "source": "OSM centerline cross-checked with Amap and Nanjing official road naming",
        "sourceCrs": "EPSG:4326",
        "confidence": "triangulated",
        "status": "existing"
      }
    },
    {
      "type": "Feature",
      "id": "road-18-7",
      "geometry": {
        "type": "LineString",
        "coordinates": [
          [
            118.678534,
            32.010394
          ],
          [
            118.676441,
            32.011327
          ]
        ]
      },
      "properties": {
        "id": "road-18-7",
        "name": {
          "zh": "龙恩街",
          "en": null
        },
        "class": "collector",
        "widthM": 0.105,
        "source": "OSM centerline cross-checked with Amap and Nanjing official road naming",
        "sourceCrs": "EPSG:4326",
        "confidence": "triangulated",
        "status": "existing"
      }
    },
    {
      "type": "Feature",
      "id": "road-18-8",
      "geometry": {
        "type": "LineString",
        "coordinates": [
          [
            118.678812,
            32.01027
          ],
          [
            118.678534,
            32.010394
          ]
        ]
      },
      "properties": {
        "id": "road-18-8",
        "name": {
          "zh": "龙恩街",
          "en": null
        },
        "class": "collector",
        "widthM": 0.105,
        "source": "OSM centerline cross-checked with Amap and Nanjing official road naming",
        "sourceCrs": "EPSG:4326",
        "confidence": "triangulated",
        "status": "existing"
      }
    },
    {
      "type": "Feature",
      "id": "road-18-9",
      "geometry": {
        "type": "LineString",
        "coordinates": [
          [
            118.693162,
            32.00189
          ],
          [
            118.69146,
            32.003073
          ]
        ]
      },
      "properties": {
        "id": "road-18-9",
        "name": {
          "zh": "龙恩街",
          "en": null
        },
        "class": "collector",
        "widthM": 0.105,
        "source": "OSM centerline cross-checked with Amap and Nanjing official road naming",
        "sourceCrs": "EPSG:4326",
        "confidence": "triangulated",
        "status": "existing"
      }
    },
    {
      "type": "Feature",
      "id": "road-19-0",
      "geometry": {
        "type": "LineString",
        "coordinates": [
          [
            118.683556,
            32.010188
          ],
          [
            118.692795,
            32.005378
          ]
        ]
      },
      "properties": {
        "id": "road-19-0",
        "name": {
          "zh": "文泰街",
          "en": null
        },
        "class": "collector",
        "widthM": 0.105,
        "source": "OSM centerline cross-checked with Amap and Nanjing official road naming",
        "sourceCrs": "EPSG:4326",
        "confidence": "triangulated",
        "status": "existing"
      }
    },
    {
      "type": "Feature",
      "id": "road-19-1",
      "geometry": {
        "type": "LineString",
        "coordinates": [
          [
            118.678444,
            32.012447
          ],
          [
            118.683197,
            32.010368
          ]
        ]
      },
      "properties": {
        "id": "road-19-1",
        "name": {
          "zh": "文泰街",
          "en": null
        },
        "class": "collector",
        "widthM": 0.105,
        "source": "OSM centerline cross-checked with Amap and Nanjing official road naming",
        "sourceCrs": "EPSG:4326",
        "confidence": "triangulated",
        "status": "existing"
      }
    },
    {
      "type": "Feature",
      "id": "road-19-2",
      "geometry": {
        "type": "LineString",
        "coordinates": [
          [
            118.683197,
            32.010368
          ],
          [
            118.683556,
            32.010188
          ]
        ]
      },
      "properties": {
        "id": "road-19-2",
        "name": {
          "zh": "文泰街",
          "en": null
        },
        "class": "collector",
        "widthM": 0.105,
        "source": "OSM centerline cross-checked with Amap and Nanjing official road naming",
        "sourceCrs": "EPSG:4326",
        "confidence": "triangulated",
        "status": "existing"
      }
    },
    {
      "type": "Feature",
      "id": "road-19-3",
      "geometry": {
        "type": "LineString",
        "coordinates": [
          [
            118.693171,
            32.005184
          ],
          [
            118.696424,
            32.003502
          ]
        ]
      },
      "properties": {
        "id": "road-19-3",
        "name": {
          "zh": "文泰街",
          "en": null
        },
        "class": "collector",
        "widthM": 0.105,
        "source": "OSM centerline cross-checked with Amap and Nanjing official road naming",
        "sourceCrs": "EPSG:4326",
        "confidence": "triangulated",
        "status": "existing"
      }
    },
    {
      "type": "Feature",
      "id": "road-19-4",
      "geometry": {
        "type": "LineString",
        "coordinates": [
          [
            118.692795,
            32.005378
          ],
          [
            118.693082,
            32.00523
          ]
        ]
      },
      "properties": {
        "id": "road-19-4",
        "name": {
          "zh": "文泰街",
          "en": null
        },
        "class": "collector",
        "widthM": 0.105,
        "source": "OSM centerline cross-checked with Amap and Nanjing official road naming",
        "sourceCrs": "EPSG:4326",
        "confidence": "triangulated",
        "status": "existing"
      }
    },
    {
      "type": "Feature",
      "id": "road-19-5",
      "geometry": {
        "type": "LineString",
        "coordinates": [
          [
            118.693082,
            32.00523
          ],
          [
            118.693171,
            32.005184
          ]
        ]
      },
      "properties": {
        "id": "road-19-5",
        "name": {
          "zh": "文泰街",
          "en": null
        },
        "class": "collector",
        "widthM": 0.105,
        "source": "OSM centerline cross-checked with Amap and Nanjing official road naming",
        "sourceCrs": "EPSG:4326",
        "confidence": "triangulated",
        "status": "existing"
      }
    },
    {
      "type": "Feature",
      "id": "road-20-0",
      "geometry": {
        "type": "LineString",
        "coordinates": [
          [
            118.696125,
            31.999793
          ],
          [
            118.695783,
            31.999477
          ],
          [
            118.693456,
            31.99813
          ],
          [
            118.678711,
            31.99273
          ],
          [
            118.676824,
            31.991961
          ]
        ]
      },
      "properties": {
        "id": "road-20-0",
        "name": {
          "zh": "环岛东路",
          "en": null
        },
        "class": "collector",
        "widthM": 0.105,
        "source": "OSM centerline cross-checked with Amap and Nanjing official road naming",
        "sourceCrs": "EPSG:4326",
        "confidence": "triangulated",
        "status": "existing"
      }
    },
    {
      "type": "Feature",
      "id": "road-20-1",
      "geometry": {
        "type": "LineString",
        "coordinates": [
          [
            118.69032,
            32.014901
          ],
          [
            118.692618,
            32.014541
          ]
        ]
      },
      "properties": {
        "id": "road-20-1",
        "name": {
          "zh": "环岛东路",
          "en": null
        },
        "class": "collector",
        "widthM": 0.105,
        "source": "OSM centerline cross-checked with Amap and Nanjing official road naming",
        "sourceCrs": "EPSG:4326",
        "confidence": "triangulated",
        "status": "existing"
      }
    },
    {
      "type": "Feature",
      "id": "road-20-2",
      "geometry": {
        "type": "LineString",
        "coordinates": [
          [
            118.692897,
            32.01451
          ],
          [
            118.695146,
            32.014202
          ],
          [
            118.695611,
            32.014028
          ],
          [
            118.695868,
            32.013771
          ],
          [
            118.696083,
            32.01267
          ],
          [
            118.696194,
            32.010221
          ]
        ]
      },
      "properties": {
        "id": "road-20-2",
        "name": {
          "zh": "环岛东路",
          "en": null
        },
        "class": "collector",
        "widthM": 0.105,
        "source": "OSM centerline cross-checked with Amap and Nanjing official road naming",
        "sourceCrs": "EPSG:4326",
        "confidence": "triangulated",
        "status": "existing"
      }
    },
    {
      "type": "Feature",
      "id": "road-20-3",
      "geometry": {
        "type": "LineString",
        "coordinates": [
          [
            118.696424,
            32.003502
          ],
          [
            118.696496,
            32.000714
          ],
          [
            118.696377,
            32.000209
          ],
          [
            118.696125,
            31.999793
          ]
        ]
      },
      "properties": {
        "id": "road-20-3",
        "name": {
          "zh": "环岛东路",
          "en": null
        },
        "class": "collector",
        "widthM": 0.105,
        "source": "OSM centerline cross-checked with Amap and Nanjing official road naming",
        "sourceCrs": "EPSG:4326",
        "confidence": "triangulated",
        "status": "existing"
      }
    },
    {
      "type": "Feature",
      "id": "road-20-4",
      "geometry": {
        "type": "LineString",
        "coordinates": [
          [
            118.717297,
            32.056346
          ],
          [
            118.705972,
            32.035859
          ],
          [
            118.705409,
            32.034985
          ],
          [
            118.70368,
            32.032771
          ]
        ]
      },
      "properties": {
        "id": "road-20-4",
        "name": {
          "zh": "环岛东路",
          "en": null
        },
        "class": "collector",
        "widthM": 0.105,
        "source": "OSM centerline cross-checked with Amap and Nanjing official road naming",
        "sourceCrs": "EPSG:4326",
        "confidence": "triangulated",
        "status": "existing"
      }
    },
    {
      "type": "Feature",
      "id": "road-20-5",
      "geometry": {
        "type": "LineString",
        "coordinates": [
          [
            118.692618,
            32.014541
          ],
          [
            118.692897,
            32.01451
          ]
        ]
      },
      "properties": {
        "id": "road-20-5",
        "name": {
          "zh": "环岛东路",
          "en": null
        },
        "class": "collector",
        "widthM": 0.105,
        "source": "OSM centerline cross-checked with Amap and Nanjing official road naming",
        "sourceCrs": "EPSG:4326",
        "confidence": "triangulated",
        "status": "existing"
      }
    },
    {
      "type": "Feature",
      "id": "road-20-6",
      "geometry": {
        "type": "LineString",
        "coordinates": [
          [
            118.69563,
            32.020528
          ],
          [
            118.697218,
            32.023659
          ],
          [
            118.697787,
            32.024541
          ],
          [
            118.699157,
            32.026279
          ],
          [
            118.701137,
            32.029283
          ],
          [
            118.7024,
            32.030627
          ],
          [
            118.70368,
            32.032771
          ],
          [
            118.704487,
            32.03363
          ],
          [
            118.706091,
            32.035921
          ],
          [
            118.716071,
            32.053856
          ]
        ]
      },
      "properties": {
        "id": "road-20-6",
        "name": {
          "zh": "环岛东路",
          "en": null
        },
        "class": "collector",
        "widthM": 0.105,
        "source": "OSM centerline cross-checked with Amap and Nanjing official road naming",
        "sourceCrs": "EPSG:4326",
        "confidence": "triangulated",
        "status": "existing"
      }
    },
    {
      "type": "Feature",
      "id": "road-20-7",
      "geometry": {
        "type": "LineString",
        "coordinates": [
          [
            118.716071,
            32.053856
          ],
          [
            118.717371,
            32.056321
          ]
        ]
      },
      "properties": {
        "id": "road-20-7",
        "name": {
          "zh": "环岛东路",
          "en": null
        },
        "class": "collector",
        "widthM": 0.105,
        "source": "OSM centerline cross-checked with Amap and Nanjing official road naming",
        "sourceCrs": "EPSG:4326",
        "confidence": "triangulated",
        "status": "existing"
      }
    },
    {
      "type": "Feature",
      "id": "road-20-8",
      "geometry": {
        "type": "LineString",
        "coordinates": [
          [
            118.693167,
            32.017847
          ],
          [
            118.694789,
            32.019477
          ],
          [
            118.695434,
            32.020265
          ]
        ]
      },
      "properties": {
        "id": "road-20-8",
        "name": {
          "zh": "环岛东路",
          "en": null
        },
        "class": "collector",
        "widthM": 0.105,
        "source": "OSM centerline cross-checked with Amap and Nanjing official road naming",
        "sourceCrs": "EPSG:4326",
        "confidence": "triangulated",
        "status": "existing"
      }
    },
    {
      "type": "Feature",
      "id": "road-20-9",
      "geometry": {
        "type": "LineString",
        "coordinates": [
          [
            118.695434,
            32.020265
          ],
          [
            118.69563,
            32.020528
          ]
        ]
      },
      "properties": {
        "id": "road-20-9",
        "name": {
          "zh": "环岛东路",
          "en": null
        },
        "class": "collector",
        "widthM": 0.105,
        "source": "OSM centerline cross-checked with Amap and Nanjing official road naming",
        "sourceCrs": "EPSG:4326",
        "confidence": "triangulated",
        "status": "existing"
      }
    },
    {
      "type": "Feature",
      "id": "road-20-10",
      "geometry": {
        "type": "LineString",
        "coordinates": [
          [
            118.676824,
            31.991961
          ],
          [
            118.674072,
            31.990583
          ],
          [
            118.671906,
            31.989276
          ],
          [
            118.671003,
            31.988977
          ],
          [
            118.670317,
            31.989002
          ],
          [
            118.669612,
            31.989236
          ],
          [
            118.668935,
            31.989795
          ],
          [
            118.668405,
            31.990612
          ]
        ]
      },
      "properties": {
        "id": "road-20-10",
        "name": {
          "zh": "环岛东路",
          "en": null
        },
        "class": "collector",
        "widthM": 0.105,
        "source": "OSM centerline cross-checked with Amap and Nanjing official road naming",
        "sourceCrs": "EPSG:4326",
        "confidence": "triangulated",
        "status": "existing"
      }
    },
    {
      "type": "Feature",
      "id": "road-20-11",
      "geometry": {
        "type": "LineString",
        "coordinates": [
          [
            118.696309,
            32.005883
          ],
          [
            118.696194,
            32.010221
          ]
        ]
      },
      "properties": {
        "id": "road-20-11",
        "name": {
          "zh": "环岛东路",
          "en": null
        },
        "class": "collector",
        "widthM": 0.105,
        "source": "OSM centerline cross-checked with Amap and Nanjing official road naming",
        "sourceCrs": "EPSG:4326",
        "confidence": "triangulated",
        "status": "existing"
      }
    },
    {
      "type": "Feature",
      "id": "road-20-12",
      "geometry": {
        "type": "LineString",
        "coordinates": [
          [
            118.696309,
            32.005883
          ],
          [
            118.696424,
            32.003502
          ]
        ]
      },
      "properties": {
        "id": "road-20-12",
        "name": {
          "zh": "环岛东路",
          "en": null
        },
        "class": "collector",
        "widthM": 0.105,
        "source": "OSM centerline cross-checked with Amap and Nanjing official road naming",
        "sourceCrs": "EPSG:4326",
        "confidence": "triangulated",
        "status": "existing"
      }
    },
    {
      "type": "Feature",
      "id": "road-21-0",
      "geometry": {
        "type": "LineString",
        "coordinates": [
          [
            118.711494,
            32.04562
          ],
          [
            118.704765,
            32.049174
          ]
        ]
      },
      "properties": {
        "id": "road-21-0",
        "name": {
          "zh": "文武街",
          "en": null
        },
        "class": "collector",
        "widthM": 0.105,
        "source": "OSM centerline cross-checked with Amap and Nanjing official road naming",
        "sourceCrs": "EPSG:4326",
        "confidence": "triangulated",
        "status": "existing"
      }
    },
    {
      "type": "Feature",
      "id": "road-22-0",
      "geometry": {
        "type": "LineString",
        "coordinates": [
          [
            118.705416,
            32.046552
          ],
          [
            118.71054,
            32.043911
          ]
        ]
      },
      "properties": {
        "id": "road-22-0",
        "name": {
          "zh": "星月街",
          "en": null
        },
        "class": "collector",
        "widthM": 0.105,
        "source": "OSM centerline cross-checked with Amap and Nanjing official road naming",
        "sourceCrs": "EPSG:4326",
        "confidence": "triangulated",
        "status": "existing"
      }
    },
    {
      "type": "Feature",
      "id": "road-23-0",
      "geometry": {
        "type": "LineString",
        "coordinates": [
          [
            118.707183,
            32.037898
          ],
          [
            118.701512,
            32.041359
          ]
        ]
      },
      "properties": {
        "id": "road-23-0",
        "name": {
          "zh": "星洲街",
          "en": null
        },
        "class": "collector",
        "widthM": 0.105,
        "source": "OSM centerline cross-checked with Amap and Nanjing official road naming",
        "sourceCrs": "EPSG:4326",
        "confidence": "triangulated",
        "status": "existing"
      }
    },
    {
      "type": "Feature",
      "id": "road-23-1",
      "geometry": {
        "type": "LineString",
        "coordinates": [
          [
            118.701138,
            32.041586
          ],
          [
            118.701282,
            32.041504
          ]
        ]
      },
      "properties": {
        "id": "road-23-1",
        "name": {
          "zh": "星洲街",
          "en": null
        },
        "class": "collector",
        "widthM": 0.105,
        "source": "OSM centerline cross-checked with Amap and Nanjing official road naming",
        "sourceCrs": "EPSG:4326",
        "confidence": "triangulated",
        "status": "existing"
      }
    },
    {
      "type": "Feature",
      "id": "road-23-2",
      "geometry": {
        "type": "LineString",
        "coordinates": [
          [
            118.701282,
            32.041504
          ],
          [
            118.701512,
            32.041359
          ]
        ]
      },
      "properties": {
        "id": "road-23-2",
        "name": {
          "zh": "星洲街",
          "en": null
        },
        "class": "collector",
        "widthM": 0.105,
        "source": "OSM centerline cross-checked with Amap and Nanjing official road naming",
        "sourceCrs": "EPSG:4326",
        "confidence": "triangulated",
        "status": "existing"
      }
    },
    {
      "type": "Feature",
      "id": "road-24-0",
      "geometry": {
        "type": "LineString",
        "coordinates": [
          [
            118.691699,
            32.029211
          ],
          [
            118.690552,
            32.030003
          ],
          [
            118.690447,
            32.030367
          ],
          [
            118.694919,
            32.038546
          ]
        ]
      },
      "properties": {
        "id": "road-24-0",
        "name": {
          "zh": "贤达路",
          "en": null
        },
        "class": "collector",
        "widthM": 0.105,
        "source": "OSM centerline cross-checked with Amap and Nanjing official road naming",
        "sourceCrs": "EPSG:4326",
        "confidence": "triangulated",
        "status": "existing"
      }
    },
    {
      "type": "Feature",
      "id": "road-25-0",
      "geometry": {
        "type": "LineString",
        "coordinates": [
          [
            118.694715,
            32.032575
          ],
          [
            118.698527,
            32.029833
          ]
        ]
      },
      "properties": {
        "id": "road-25-0",
        "name": {
          "zh": "星岛街",
          "en": null
        },
        "class": "collector",
        "widthM": 0.105,
        "source": "OSM centerline cross-checked with Amap and Nanjing official road naming",
        "sourceCrs": "EPSG:4326",
        "confidence": "triangulated",
        "status": "existing"
      }
    },
    {
      "type": "Feature",
      "id": "road-25-1",
      "geometry": {
        "type": "LineString",
        "coordinates": [
          [
            118.694498,
            32.032734
          ],
          [
            118.692502,
            32.034141
          ]
        ]
      },
      "properties": {
        "id": "road-25-1",
        "name": {
          "zh": "星岛街",
          "en": null
        },
        "class": "collector",
        "widthM": 0.105,
        "source": "OSM centerline cross-checked with Amap and Nanjing official road naming",
        "sourceCrs": "EPSG:4326",
        "confidence": "triangulated",
        "status": "existing"
      }
    },
    {
      "type": "Feature",
      "id": "road-25-2",
      "geometry": {
        "type": "LineString",
        "coordinates": [
          [
            118.694498,
            32.032734
          ],
          [
            118.694671,
            32.032607
          ]
        ]
      },
      "properties": {
        "id": "road-25-2",
        "name": {
          "zh": "星岛街",
          "en": null
        },
        "class": "collector",
        "widthM": 0.105,
        "source": "OSM centerline cross-checked with Amap and Nanjing official road naming",
        "sourceCrs": "EPSG:4326",
        "confidence": "triangulated",
        "status": "existing"
      }
    },
    {
      "type": "Feature",
      "id": "road-25-3",
      "geometry": {
        "type": "LineString",
        "coordinates": [
          [
            118.694671,
            32.032607
          ],
          [
            118.694715,
            32.032575
          ]
        ]
      },
      "properties": {
        "id": "road-25-3",
        "name": {
          "zh": "星岛街",
          "en": null
        },
        "class": "collector",
        "widthM": 0.105,
        "source": "OSM centerline cross-checked with Amap and Nanjing official road naming",
        "sourceCrs": "EPSG:4326",
        "confidence": "triangulated",
        "status": "existing"
      }
    },
    {
      "type": "Feature",
      "id": "road-26-0",
      "geometry": {
        "type": "LineString",
        "coordinates": [
          [
            118.681448,
            32.011141
          ],
          [
            118.680493,
            32.009536
          ]
        ]
      },
      "properties": {
        "id": "road-26-0",
        "name": {
          "zh": "和韵路",
          "en": null
        },
        "class": "collector",
        "widthM": 0.105,
        "source": "OSM centerline cross-checked with Amap and Nanjing official road naming",
        "sourceCrs": "EPSG:4326",
        "confidence": "triangulated",
        "status": "existing"
      }
    },
    {
      "type": "Feature",
      "id": "road-27-0",
      "geometry": {
        "type": "LineString",
        "coordinates": [
          [
            118.694727,
            32.024946
          ],
          [
            118.693013,
            32.022742
          ],
          [
            118.692303,
            32.02249
          ],
          [
            118.691474,
            32.022562
          ]
        ]
      },
      "properties": {
        "id": "road-27-0",
        "name": {
          "zh": "贤坤路",
          "en": null
        },
        "class": "collector",
        "widthM": 0.105,
        "source": "OSM centerline cross-checked with Amap and Nanjing official road naming",
        "sourceCrs": "EPSG:4326",
        "confidence": "triangulated",
        "status": "existing"
      }
    },
    {
      "type": "Feature",
      "id": "road-27-1",
      "geometry": {
        "type": "LineString",
        "coordinates": [
          [
            118.699883,
            32.031481
          ],
          [
            118.69717,
            32.028144
          ]
        ]
      },
      "properties": {
        "id": "road-27-1",
        "name": {
          "zh": "贤坤路",
          "en": null
        },
        "class": "collector",
        "widthM": 0.105,
        "source": "OSM centerline cross-checked with Amap and Nanjing official road naming",
        "sourceCrs": "EPSG:4326",
        "confidence": "triangulated",
        "status": "existing"
      }
    },
    {
      "type": "Feature",
      "id": "road-27-2",
      "geometry": {
        "type": "LineString",
        "coordinates": [
          [
            118.69718,
            32.028037
          ],
          [
            118.699883,
            32.031481
          ]
        ]
      },
      "properties": {
        "id": "road-27-2",
        "name": {
          "zh": "贤坤路",
          "en": null
        },
        "class": "collector",
        "widthM": 0.105,
        "source": "OSM centerline cross-checked with Amap and Nanjing official road naming",
        "sourceCrs": "EPSG:4326",
        "confidence": "triangulated",
        "status": "existing"
      }
    },
    {
      "type": "Feature",
      "id": "road-27-3",
      "geometry": {
        "type": "LineString",
        "coordinates": [
          [
            118.69151,
            32.022463
          ],
          [
            118.692341,
            32.022409
          ],
          [
            118.693124,
            32.02274
          ],
          [
            118.694796,
            32.024909
          ]
        ]
      },
      "properties": {
        "id": "road-27-3",
        "name": {
          "zh": "贤坤路",
          "en": null
        },
        "class": "collector",
        "widthM": 0.105,
        "source": "OSM centerline cross-checked with Amap and Nanjing official road naming",
        "sourceCrs": "EPSG:4326",
        "confidence": "triangulated",
        "status": "existing"
      }
    },
    {
      "type": "Feature",
      "id": "road-27-4",
      "geometry": {
        "type": "LineString",
        "coordinates": [
          [
            118.699883,
            32.031481
          ],
          [
            118.701741,
            32.033869
          ]
        ]
      },
      "properties": {
        "id": "road-27-4",
        "name": {
          "zh": "贤坤路",
          "en": null
        },
        "class": "collector",
        "widthM": 0.105,
        "source": "OSM centerline cross-checked with Amap and Nanjing official road naming",
        "sourceCrs": "EPSG:4326",
        "confidence": "triangulated",
        "status": "existing"
      }
    },
    {
      "type": "Feature",
      "id": "road-28-0",
      "geometry": {
        "type": "LineString",
        "coordinates": [
          [
            118.710556,
            32.047386
          ],
          [
            118.708887,
            32.048233
          ]
        ]
      },
      "properties": {
        "id": "road-28-0",
        "name": {
          "zh": "洲宁街",
          "en": null
        },
        "class": "collector",
        "widthM": 0.105,
        "source": "OSM centerline cross-checked with Amap and Nanjing official road naming",
        "sourceCrs": "EPSG:4326",
        "confidence": "triangulated",
        "status": "existing"
      }
    },
    {
      "type": "Feature",
      "id": "road-28-1",
      "geometry": {
        "type": "LineString",
        "coordinates": [
          [
            118.706775,
            32.049369
          ],
          [
            118.705437,
            32.050083
          ]
        ]
      },
      "properties": {
        "id": "road-28-1",
        "name": {
          "zh": "洲宁街",
          "en": null
        },
        "class": "collector",
        "widthM": 0.105,
        "source": "OSM centerline cross-checked with Amap and Nanjing official road naming",
        "sourceCrs": "EPSG:4326",
        "confidence": "triangulated",
        "status": "existing"
      }
    },
    {
      "type": "Feature",
      "id": "road-28-2",
      "geometry": {
        "type": "LineString",
        "coordinates": [
          [
            118.708738,
            32.048321
          ],
          [
            118.707273,
            32.049108
          ]
        ]
      },
      "properties": {
        "id": "road-28-2",
        "name": {
          "zh": "洲宁街",
          "en": null
        },
        "class": "collector",
        "widthM": 0.105,
        "source": "OSM centerline cross-checked with Amap and Nanjing official road naming",
        "sourceCrs": "EPSG:4326",
        "confidence": "triangulated",
        "status": "existing"
      }
    },
    {
      "type": "Feature",
      "id": "road-28-3",
      "geometry": {
        "type": "LineString",
        "coordinates": [
          [
            118.707273,
            32.049108
          ],
          [
            118.707023,
            32.049239
          ]
        ]
      },
      "properties": {
        "id": "road-28-3",
        "name": {
          "zh": "洲宁街",
          "en": null
        },
        "class": "collector",
        "widthM": 0.105,
        "source": "OSM centerline cross-checked with Amap and Nanjing official road naming",
        "sourceCrs": "EPSG:4326",
        "confidence": "triangulated",
        "status": "existing"
      }
    },
    {
      "type": "Feature",
      "id": "road-28-4",
      "geometry": {
        "type": "LineString",
        "coordinates": [
          [
            118.707023,
            32.049239
          ],
          [
            118.706775,
            32.049369
          ]
        ]
      },
      "properties": {
        "id": "road-28-4",
        "name": {
          "zh": "洲宁街",
          "en": null
        },
        "class": "collector",
        "widthM": 0.105,
        "source": "OSM centerline cross-checked with Amap and Nanjing official road naming",
        "sourceCrs": "EPSG:4326",
        "confidence": "triangulated",
        "status": "existing"
      }
    },
    {
      "type": "Feature",
      "id": "road-29-0",
      "geometry": {
        "type": "LineString",
        "coordinates": [
          [
            118.717741,
            32.060729
          ],
          [
            118.715809,
            32.057837
          ]
        ]
      },
      "properties": {
        "id": "road-29-0",
        "name": {
          "zh": "葡园路",
          "en": null
        },
        "class": "local",
        "widthM": 0.06,
        "source": "OSM centerline cross-checked with Amap and Nanjing official road naming",
        "sourceCrs": "EPSG:4326",
        "confidence": "triangulated",
        "status": "existing"
      }
    },
    {
      "type": "Feature",
      "id": "road-29-1",
      "geometry": {
        "type": "LineString",
        "coordinates": [
          [
            118.700883,
            32.032536
          ],
          [
            118.702548,
            32.031433
          ],
          [
            118.702619,
            32.031337
          ],
          [
            118.702494,
            32.031096
          ]
        ]
      },
      "properties": {
        "id": "road-29-1",
        "name": {
          "zh": "葡园路",
          "en": null
        },
        "class": "local",
        "widthM": 0.06,
        "source": "OSM centerline cross-checked with Amap and Nanjing official road naming",
        "sourceCrs": "EPSG:4326",
        "confidence": "triangulated",
        "status": "existing"
      }
    },
    {
      "type": "Feature",
      "id": "road-30-0",
      "geometry": {
        "type": "LineString",
        "coordinates": [
          [
            118.679807,
            32.017464
          ],
          [
            118.682029,
            32.020202
          ]
        ]
      },
      "properties": {
        "id": "road-30-0",
        "name": {
          "zh": "环岛西路",
          "en": null
        },
        "class": "local",
        "widthM": 0.06,
        "source": "OSM centerline cross-checked with Amap and Nanjing official road naming",
        "sourceCrs": "EPSG:4326",
        "confidence": "triangulated",
        "status": "existing"
      }
    },
    {
      "type": "Feature",
      "id": "road-30-1",
      "geometry": {
        "type": "LineString",
        "coordinates": [
          [
            118.670075,
            31.998476
          ],
          [
            118.671727,
            32.001684
          ],
          [
            118.673448,
            32.005538
          ],
          [
            118.674281,
            32.006846
          ],
          [
            118.677454,
            32.013365
          ]
        ]
      },
      "properties": {
        "id": "road-30-1",
        "name": {
          "zh": "环岛西路",
          "en": null
        },
        "class": "local",
        "widthM": 0.06,
        "source": "OSM centerline cross-checked with Amap and Nanjing official road naming",
        "sourceCrs": "EPSG:4326",
        "confidence": "triangulated",
        "status": "existing"
      }
    },
    {
      "type": "Feature",
      "id": "road-30-2",
      "geometry": {
        "type": "LineString",
        "coordinates": [
          [
            118.682029,
            32.020202
          ],
          [
            118.682809,
            32.020777
          ],
          [
            118.684183,
            32.022454
          ],
          [
            118.684864,
            32.023449
          ],
          [
            118.685859,
            32.025406
          ],
          [
            118.686272,
            32.025646
          ],
          [
            118.686682,
            32.025633
          ],
          [
            118.687573,
            32.025092
          ]
        ]
      },
      "properties": {
        "id": "road-30-2",
        "name": {
          "zh": "环岛西路",
          "en": null
        },
        "class": "local",
        "widthM": 0.06,
        "source": "OSM centerline cross-checked with Amap and Nanjing official road naming",
        "sourceCrs": "EPSG:4326",
        "confidence": "triangulated",
        "status": "existing"
      }
    },
    {
      "type": "Feature",
      "id": "road-30-3",
      "geometry": {
        "type": "LineString",
        "coordinates": [
          [
            118.712841,
            32.060447
          ],
          [
            118.706053,
            32.053523
          ],
          [
            118.703832,
            32.051754
          ],
          [
            118.70307,
            32.051
          ],
          [
            118.697489,
            32.045208
          ]
        ]
      },
      "properties": {
        "id": "road-30-3",
        "name": {
          "zh": "环岛西路",
          "en": null
        },
        "class": "local",
        "widthM": 0.06,
        "source": "OSM centerline cross-checked with Amap and Nanjing official road naming",
        "sourceCrs": "EPSG:4326",
        "confidence": "triangulated",
        "status": "existing"
      }
    },
    {
      "type": "Feature",
      "id": "road-30-4",
      "geometry": {
        "type": "LineString",
        "coordinates": [
          [
            118.697564,
            32.045167
          ],
          [
            118.703219,
            32.051062
          ],
          [
            118.706105,
            32.053472
          ],
          [
            118.71291,
            32.060392
          ]
        ]
      },
      "properties": {
        "id": "road-30-4",
        "name": {
          "zh": "环岛西路",
          "en": null
        },
        "class": "local",
        "widthM": 0.06,
        "source": "OSM centerline cross-checked with Amap and Nanjing official road naming",
        "sourceCrs": "EPSG:4326",
        "confidence": "triangulated",
        "status": "existing"
      }
    },
    {
      "type": "Feature",
      "id": "road-31-0",
      "geometry": {
        "type": "LineString",
        "coordinates": [
          [
            118.705968,
            32.035735
          ],
          [
            118.704018,
            32.036718
          ]
        ]
      },
      "properties": {
        "id": "road-31-0",
        "name": {
          "zh": "宏俊路",
          "en": null
        },
        "class": "collector",
        "widthM": 0.105,
        "source": "OSM centerline cross-checked with Amap and Nanjing official road naming",
        "sourceCrs": "EPSG:4326",
        "confidence": "triangulated",
        "status": "existing"
      }
    },
    {
      "type": "Feature",
      "id": "road-32-0",
      "geometry": {
        "type": "LineString",
        "coordinates": [
          [
            118.696309,
            32.005883
          ],
          [
            118.694112,
            32.007026
          ]
        ]
      },
      "properties": {
        "id": "road-32-0",
        "name": {
          "zh": "文萃街",
          "en": null
        },
        "class": "local",
        "widthM": 0.06,
        "source": "OSM centerline cross-checked with Amap and Nanjing official road naming",
        "sourceCrs": "EPSG:4326",
        "confidence": "triangulated",
        "status": "existing"
      }
    },
    {
      "type": "Feature",
      "id": "road-33-0",
      "geometry": {
        "type": "LineString",
        "coordinates": [
          [
            118.694218,
            32.007656
          ],
          [
            118.694073,
            32.006792
          ],
          [
            118.69376,
            32.006087
          ],
          [
            118.691564,
            32.002895
          ]
        ]
      },
      "properties": {
        "id": "road-33-0",
        "name": {
          "zh": "熙怡路",
          "en": null
        },
        "class": "collector",
        "widthM": 0.105,
        "source": "OSM centerline cross-checked with Amap and Nanjing official road naming",
        "sourceCrs": "EPSG:4326",
        "confidence": "triangulated",
        "status": "existing"
      }
    },
    {
      "type": "Feature",
      "id": "road-33-1",
      "geometry": {
        "type": "LineString",
        "coordinates": [
          [
            118.694933,
            32.014233
          ],
          [
            118.694537,
            32.010824
          ]
        ]
      },
      "properties": {
        "id": "road-33-1",
        "name": {
          "zh": "熙怡路",
          "en": null
        },
        "class": "collector",
        "widthM": 0.105,
        "source": "OSM centerline cross-checked with Amap and Nanjing official road naming",
        "sourceCrs": "EPSG:4326",
        "confidence": "triangulated",
        "status": "existing"
      }
    },
    {
      "type": "Feature",
      "id": "road-34-0",
      "geometry": {
        "type": "LineString",
        "coordinates": [
          [
            118.696048,
            32.024401
          ],
          [
            118.700214,
            32.02866
          ]
        ]
      },
      "properties": {
        "id": "road-34-0",
        "name": {
          "zh": "林荫路",
          "en": null
        },
        "class": "greenway",
        "widthM": 0.035,
        "source": "OSM centerline cross-checked with Amap and Nanjing official road naming",
        "sourceCrs": "EPSG:4326",
        "confidence": "triangulated",
        "status": "existing"
      }
    },
    {
      "type": "Feature",
      "id": "road-34-1",
      "geometry": {
        "type": "LineString",
        "coordinates": [
          [
            118.69545,
            32.023797
          ],
          [
            118.695713,
            32.024063
          ]
        ]
      },
      "properties": {
        "id": "road-34-1",
        "name": {
          "zh": "林荫路",
          "en": null
        },
        "class": "greenway",
        "widthM": 0.035,
        "source": "OSM centerline cross-checked with Amap and Nanjing official road naming",
        "sourceCrs": "EPSG:4326",
        "confidence": "triangulated",
        "status": "existing"
      }
    },
    {
      "type": "Feature",
      "id": "road-35-0",
      "geometry": {
        "type": "LineString",
        "coordinates": [
          [
            118.712737,
            32.060343
          ],
          [
            118.717308,
            32.056644
          ],
          [
            118.717297,
            32.056346
          ]
        ]
      },
      "properties": {
        "id": "road-35-0",
        "name": {
          "zh": "桃园街",
          "en": null
        },
        "class": "collector",
        "widthM": 0.105,
        "source": "OSM centerline cross-checked with Amap and Nanjing official road naming",
        "sourceCrs": "EPSG:4326",
        "confidence": "triangulated",
        "status": "existing"
      }
    },
    {
      "type": "Feature",
      "id": "road-35-1",
      "geometry": {
        "type": "LineString",
        "coordinates": [
          [
            118.717371,
            32.056321
          ],
          [
            118.717433,
            32.056535
          ],
          [
            118.717308,
            32.056844
          ],
          [
            118.712841,
            32.060447
          ]
        ]
      },
      "properties": {
        "id": "road-35-1",
        "name": {
          "zh": "桃园街",
          "en": null
        },
        "class": "collector",
        "widthM": 0.105,
        "source": "OSM centerline cross-checked with Amap and Nanjing official road naming",
        "sourceCrs": "EPSG:4326",
        "confidence": "triangulated",
        "status": "existing"
      }
    },
    {
      "type": "Feature",
      "id": "local-96674404-0",
      "geometry": {
        "type": "LineString",
        "coordinates": [
          [
            118.698254,
            32.03736
          ],
          [
            118.701643,
            32.034851
          ]
        ]
      },
      "properties": {
        "id": "local-96674404-0",
        "name": {
          "zh": "",
          "en": null
        },
        "class": "major",
        "widthM": 0.22,
        "source": "OSM local centerline geometry",
        "sourceCrs": "EPSG:4326",
        "confidence": "triangulated",
        "status": "existing"
      }
    },
    {
      "type": "Feature",
      "id": "local-137693212-0",
      "geometry": {
        "type": "LineString",
        "coordinates": [
          [
            118.690688,
            32.011973
          ],
          [
            118.692541,
            32.014283
          ]
        ]
      },
      "properties": {
        "id": "local-137693212-0",
        "name": {
          "zh": "",
          "en": null
        },
        "class": "local",
        "widthM": 0.06,
        "source": "OSM local centerline geometry",
        "sourceCrs": "EPSG:4326",
        "confidence": "triangulated",
        "status": "existing"
      }
    },
    {
      "type": "Feature",
      "id": "local-137693216-0",
      "geometry": {
        "type": "LineString",
        "coordinates": [
          [
            118.684316,
            32.011741
          ],
          [
            118.672359,
            31.995841
          ]
        ]
      },
      "properties": {
        "id": "local-137693216-0",
        "name": {
          "zh": "",
          "en": null
        },
        "class": "local",
        "widthM": 0.06,
        "source": "OSM local centerline geometry",
        "sourceCrs": "EPSG:4326",
        "confidence": "triangulated",
        "status": "existing"
      }
    },
    {
      "type": "Feature",
      "id": "local-137978977-0",
      "geometry": {
        "type": "LineString",
        "coordinates": [
          [
            118.699592,
            32.036494
          ],
          [
            118.698383,
            32.037478
          ]
        ]
      },
      "properties": {
        "id": "local-137978977-0",
        "name": {
          "zh": "",
          "en": null
        },
        "class": "major",
        "widthM": 0.22,
        "source": "OSM local centerline geometry",
        "sourceCrs": "EPSG:4326",
        "confidence": "triangulated",
        "status": "existing"
      }
    },
    {
      "type": "Feature",
      "id": "local-138390138-0",
      "geometry": {
        "type": "LineString",
        "coordinates": [
          [
            118.67596,
            31.992512
          ],
          [
            118.672517,
            31.996018
          ]
        ]
      },
      "properties": {
        "id": "local-138390138-0",
        "name": {
          "zh": "",
          "en": null
        },
        "class": "local",
        "widthM": 0.06,
        "source": "OSM local centerline geometry",
        "sourceCrs": "EPSG:4326",
        "confidence": "triangulated",
        "status": "existing"
      }
    },
    {
      "type": "Feature",
      "id": "local-138390142-0",
      "geometry": {
        "type": "LineString",
        "coordinates": [
          [
            118.677635,
            31.993893
          ],
          [
            118.679265,
            31.992158
          ]
        ]
      },
      "properties": {
        "id": "local-138390142-0",
        "name": {
          "zh": "",
          "en": null
        },
        "class": "local",
        "widthM": 0.06,
        "source": "OSM local centerline geometry",
        "sourceCrs": "EPSG:4326",
        "confidence": "triangulated",
        "status": "existing"
      }
    },
    {
      "type": "Feature",
      "id": "local-138390145-0",
      "geometry": {
        "type": "LineString",
        "coordinates": [
          [
            118.672359,
            31.995841
          ],
          [
            118.675799,
            31.992386
          ]
        ]
      },
      "properties": {
        "id": "local-138390145-0",
        "name": {
          "zh": "",
          "en": null
        },
        "class": "local",
        "widthM": 0.06,
        "source": "OSM local centerline geometry",
        "sourceCrs": "EPSG:4326",
        "confidence": "triangulated",
        "status": "existing"
      }
    },
    {
      "type": "Feature",
      "id": "local-138390840-0",
      "geometry": {
        "type": "LineString",
        "coordinates": [
          [
            118.698606,
            32.03704
          ],
          [
            118.699519,
            32.036135
          ],
          [
            118.699628,
            32.035784
          ],
          [
            118.698442,
            32.03421
          ]
        ]
      },
      "properties": {
        "id": "local-138390840-0",
        "name": {
          "zh": "",
          "en": null
        },
        "class": "arterial",
        "widthM": 0.16,
        "source": "OSM local centerline geometry",
        "sourceCrs": "EPSG:4326",
        "confidence": "triangulated",
        "status": "existing"
      }
    },
    {
      "type": "Feature",
      "id": "local-138390841-0",
      "geometry": {
        "type": "LineString",
        "coordinates": [
          [
            118.702071,
            32.034421
          ],
          [
            118.704201,
            32.033275
          ]
        ]
      },
      "properties": {
        "id": "local-138390841-0",
        "name": {
          "zh": "",
          "en": null
        },
        "class": "collector",
        "widthM": 0.105,
        "source": "OSM local centerline geometry",
        "sourceCrs": "EPSG:4326",
        "confidence": "triangulated",
        "status": "existing"
      }
    },
    {
      "type": "Feature",
      "id": "local-138390842-0",
      "geometry": {
        "type": "LineString",
        "coordinates": [
          [
            118.700682,
            32.037029
          ],
          [
            118.700298,
            32.03673
          ],
          [
            118.699756,
            32.036683
          ],
          [
            118.699235,
            32.036965
          ],
          [
            118.69794,
            32.038039
          ],
          [
            118.697735,
            32.038059
          ],
          [
            118.697608,
            32.037944
          ],
          [
            118.697628,
            32.037776
          ],
          [
            118.699454,
            32.036025
          ],
          [
            118.699508,
            32.03563
          ],
          [
            118.699217,
            32.035118
          ]
        ]
      },
      "properties": {
        "id": "local-138390842-0",
        "name": {
          "zh": "",
          "en": null
        },
        "class": "collector",
        "widthM": 0.105,
        "source": "OSM local centerline geometry",
        "sourceCrs": "EPSG:4326",
        "confidence": "triangulated",
        "status": "existing"
      }
    },
    {
      "type": "Feature",
      "id": "local-138390843-0",
      "geometry": {
        "type": "LineString",
        "coordinates": [
          [
            118.698692,
            32.034165
          ],
          [
            118.69974,
            32.035391
          ],
          [
            118.700068,
            32.035549
          ],
          [
            118.700421,
            32.035516
          ],
          [
            118.701643,
            32.034851
          ]
        ]
      },
      "properties": {
        "id": "local-138390843-0",
        "name": {
          "zh": "",
          "en": null
        },
        "class": "major",
        "widthM": 0.22,
        "source": "OSM local centerline geometry",
        "sourceCrs": "EPSG:4326",
        "confidence": "triangulated",
        "status": "existing"
      }
    },
    {
      "type": "Feature",
      "id": "local-157046172-0",
      "geometry": {
        "type": "LineString",
        "coordinates": [
          [
            118.701852,
            32.034947
          ],
          [
            118.699592,
            32.036494
          ]
        ]
      },
      "properties": {
        "id": "local-157046172-0",
        "name": {
          "zh": "",
          "en": null
        },
        "class": "major",
        "widthM": 0.22,
        "source": "OSM local centerline geometry",
        "sourceCrs": "EPSG:4326",
        "confidence": "triangulated",
        "status": "existing"
      }
    },
    {
      "type": "Feature",
      "id": "local-157046173-0",
      "geometry": {
        "type": "LineString",
        "coordinates": [
          [
            118.699211,
            32.034989
          ],
          [
            118.698499,
            32.034169
          ]
        ]
      },
      "properties": {
        "id": "local-157046173-0",
        "name": {
          "zh": "",
          "en": null
        },
        "class": "arterial",
        "widthM": 0.16,
        "source": "OSM local centerline geometry",
        "sourceCrs": "EPSG:4326",
        "confidence": "triangulated",
        "status": "existing"
      }
    },
    {
      "type": "Feature",
      "id": "local-157046180-0",
      "geometry": {
        "type": "LineString",
        "coordinates": [
          [
            118.701852,
            32.034947
          ],
          [
            118.700722,
            32.035839
          ],
          [
            118.700538,
            32.03617
          ],
          [
            118.700599,
            32.036493
          ],
          [
            118.701421,
            32.037656
          ]
        ]
      },
      "properties": {
        "id": "local-157046180-0",
        "name": {
          "zh": "",
          "en": null
        },
        "class": "major",
        "widthM": 0.22,
        "source": "OSM local centerline geometry",
        "sourceCrs": "EPSG:4326",
        "confidence": "triangulated",
        "status": "existing"
      }
    },
    {
      "type": "Feature",
      "id": "local-157046181-0",
      "geometry": {
        "type": "LineString",
        "coordinates": [
          [
            118.701268,
            32.037757
          ],
          [
            118.700205,
            32.036577
          ],
          [
            118.699681,
            32.036595
          ],
          [
            118.698862,
            32.037103
          ]
        ]
      },
      "properties": {
        "id": "local-157046181-0",
        "name": {
          "zh": "",
          "en": null
        },
        "class": "major",
        "widthM": 0.22,
        "source": "OSM local centerline geometry",
        "sourceCrs": "EPSG:4326",
        "confidence": "triangulated",
        "status": "existing"
      }
    },
    {
      "type": "Feature",
      "id": "local-429546944-0",
      "geometry": {
        "type": "LineString",
        "coordinates": [
          [
            118.692098,
            32.009043
          ],
          [
            118.691163,
            32.009574
          ],
          [
            118.691047,
            32.009412
          ]
        ]
      },
      "properties": {
        "id": "local-429546944-0",
        "name": {
          "zh": "",
          "en": null
        },
        "class": "local",
        "widthM": 0.06,
        "source": "OSM local centerline geometry",
        "sourceCrs": "EPSG:4326",
        "confidence": "triangulated",
        "status": "existing"
      }
    },
    {
      "type": "Feature",
      "id": "local-445724788-0",
      "geometry": {
        "type": "LineString",
        "coordinates": [
          [
            118.693481,
            31.999665
          ],
          [
            118.693481,
            31.999665
          ]
        ]
      },
      "properties": {
        "id": "local-445724788-0",
        "name": {
          "zh": "",
          "en": null
        },
        "class": "greenway",
        "widthM": 0.035,
        "source": "OSM local centerline geometry",
        "sourceCrs": "EPSG:4326",
        "confidence": "triangulated",
        "status": "existing"
      }
    },
    {
      "type": "Feature",
      "id": "local-445724797-0",
      "geometry": {
        "type": "LineString",
        "coordinates": [
          [
            118.694921,
            31.998086
          ],
          [
            118.694626,
            31.997596
          ],
          [
            118.695194,
            31.997825
          ]
        ]
      },
      "properties": {
        "id": "local-445724797-0",
        "name": {
          "zh": "",
          "en": null
        },
        "class": "greenway",
        "widthM": 0.035,
        "source": "OSM local centerline geometry",
        "sourceCrs": "EPSG:4326",
        "confidence": "triangulated",
        "status": "existing"
      }
    },
    {
      "type": "Feature",
      "id": "local-445725618-0",
      "geometry": {
        "type": "LineString",
        "coordinates": [
          [
            118.691962,
            31.998529
          ],
          [
            118.69245,
            31.998469
          ],
          [
            118.692708,
            31.998555
          ],
          [
            118.692936,
            31.998751
          ],
          [
            118.693376,
            31.99884
          ]
        ]
      },
      "properties": {
        "id": "local-445725618-0",
        "name": {
          "zh": "",
          "en": null
        },
        "class": "greenway",
        "widthM": 0.035,
        "source": "OSM local centerline geometry",
        "sourceCrs": "EPSG:4326",
        "confidence": "triangulated",
        "status": "existing"
      }
    },
    {
      "type": "Feature",
      "id": "local-656704323-0",
      "geometry": {
        "type": "LineString",
        "coordinates": [
          [
            118.693776,
            32.023674
          ],
          [
            118.694198,
            32.023016
          ],
          [
            118.696095,
            32.021824
          ]
        ]
      },
      "properties": {
        "id": "local-656704323-0",
        "name": {
          "zh": "",
          "en": null
        },
        "class": "local",
        "widthM": 0.06,
        "source": "OSM local centerline geometry",
        "sourceCrs": "EPSG:4326",
        "confidence": "triangulated",
        "status": "existing"
      }
    },
    {
      "type": "Feature",
      "id": "local-656709505-0",
      "geometry": {
        "type": "LineString",
        "coordinates": [
          [
            118.704433,
            32.033563
          ],
          [
            118.703345,
            32.034144
          ],
          [
            118.700626,
            32.035951
          ]
        ]
      },
      "properties": {
        "id": "local-656709505-0",
        "name": {
          "zh": "",
          "en": null
        },
        "class": "collector",
        "widthM": 0.105,
        "source": "OSM local centerline geometry",
        "sourceCrs": "EPSG:4326",
        "confidence": "triangulated",
        "status": "existing"
      }
    },
    {
      "type": "Feature",
      "id": "local-759959736-0",
      "geometry": {
        "type": "LineString",
        "coordinates": [
          [
            118.677707,
            32.013872
          ],
          [
            118.67889,
            32.016134
          ],
          [
            118.679807,
            32.017464
          ]
        ]
      },
      "properties": {
        "id": "local-759959736-0",
        "name": {
          "zh": "",
          "en": null
        },
        "class": "collector",
        "widthM": 0.105,
        "source": "OSM local centerline geometry",
        "sourceCrs": "EPSG:4326",
        "confidence": "triangulated",
        "status": "existing"
      }
    },
    {
      "type": "Feature",
      "id": "local-759960751-0",
      "geometry": {
        "type": "LineString",
        "coordinates": [
          [
            118.694225,
            32.041727
          ],
          [
            118.696337,
            32.040661
          ]
        ]
      },
      "properties": {
        "id": "local-759960751-0",
        "name": {
          "zh": "",
          "en": null
        },
        "class": "local",
        "widthM": 0.06,
        "source": "OSM local centerline geometry",
        "sourceCrs": "EPSG:4326",
        "confidence": "triangulated",
        "status": "existing"
      }
    },
    {
      "type": "Feature",
      "id": "local-759961909-0",
      "geometry": {
        "type": "LineString",
        "coordinates": [
          [
            118.718366,
            32.060281
          ],
          [
            118.717741,
            32.060729
          ],
          [
            118.719306,
            32.063132
          ]
        ]
      },
      "properties": {
        "id": "local-759961909-0",
        "name": {
          "zh": "",
          "en": null
        },
        "class": "local",
        "widthM": 0.06,
        "source": "OSM local centerline geometry",
        "sourceCrs": "EPSG:4326",
        "confidence": "triangulated",
        "status": "existing"
      }
    },
    {
      "type": "Feature",
      "id": "local-795362441-0",
      "geometry": {
        "type": "LineString",
        "coordinates": [
          [
            118.678444,
            32.012447
          ],
          [
            118.679144,
            32.013998
          ]
        ]
      },
      "properties": {
        "id": "local-795362441-0",
        "name": {
          "zh": "",
          "en": null
        },
        "class": "local",
        "widthM": 0.06,
        "source": "OSM local centerline geometry",
        "sourceCrs": "EPSG:4326",
        "confidence": "triangulated",
        "status": "existing"
      }
    },
    {
      "type": "Feature",
      "id": "local-883774195-0",
      "geometry": {
        "type": "LineString",
        "coordinates": [
          [
            118.693421,
            31.999653
          ],
          [
            118.693381,
            31.999879
          ],
          [
            118.693581,
            32.00017
          ],
          [
            118.693852,
            32.000539
          ],
          [
            118.694101,
            32.000596
          ],
          [
            118.694391,
            32.000471
          ],
          [
            118.694575,
            32.000066
          ],
          [
            118.695181,
            31.999799
          ],
          [
            118.695217,
            31.999445
          ]
        ]
      },
      "properties": {
        "id": "local-883774195-0",
        "name": {
          "zh": "",
          "en": null
        },
        "class": "greenway",
        "widthM": 0.035,
        "source": "OSM local centerline geometry",
        "sourceCrs": "EPSG:4326",
        "confidence": "triangulated",
        "status": "existing"
      }
    },
    {
      "type": "Feature",
      "id": "local-883774197-0",
      "geometry": {
        "type": "LineString",
        "coordinates": [
          [
            118.689731,
            32.001975
          ],
          [
            118.690243,
            32.001985
          ],
          [
            118.690535,
            32.00208
          ],
          [
            118.691004,
            32.002451
          ],
          [
            118.691404,
            32.002477
          ],
          [
            118.691768,
            32.002375
          ],
          [
            118.692422,
            32.001741
          ],
          [
            118.693385,
            32.001375
          ],
          [
            118.693751,
            32.001037
          ],
          [
            118.693946,
            32.000583
          ],
          [
            118.693945,
            32.000153
          ],
          [
            118.693684,
            31.999682
          ],
          [
            118.693677,
            31.999433
          ]
        ]
      },
      "properties": {
        "id": "local-883774197-0",
        "name": {
          "zh": "",
          "en": null
        },
        "class": "greenway",
        "widthM": 0.035,
        "source": "OSM local centerline geometry",
        "sourceCrs": "EPSG:4326",
        "confidence": "triangulated",
        "status": "existing"
      }
    },
    {
      "type": "Feature",
      "id": "local-883774198-0",
      "geometry": {
        "type": "LineString",
        "coordinates": [
          [
            118.688826,
            32.003251
          ],
          [
            118.689023,
            32.003592
          ],
          [
            118.689312,
            32.003749
          ],
          [
            118.689722,
            32.003676
          ],
          [
            118.690043,
            32.003331
          ],
          [
            118.6902,
            32.002827
          ],
          [
            118.690079,
            32.002644
          ],
          [
            118.689233,
            32.002601
          ]
        ]
      },
      "properties": {
        "id": "local-883774198-0",
        "name": {
          "zh": "",
          "en": null
        },
        "class": "greenway",
        "widthM": 0.035,
        "source": "OSM local centerline geometry",
        "sourceCrs": "EPSG:4326",
        "confidence": "triangulated",
        "status": "existing"
      }
    },
    {
      "type": "Feature",
      "id": "local-883774220-0",
      "geometry": {
        "type": "LineString",
        "coordinates": [
          [
            118.689012,
            32.002085
          ],
          [
            118.689072,
            32.001814
          ],
          [
            118.688997,
            32.001455
          ],
          [
            118.689146,
            32.001072
          ],
          [
            118.689272,
            32.000934
          ],
          [
            118.690061,
            32.00063
          ],
          [
            118.69036,
            32.000144
          ],
          [
            118.690622,
            31.999912
          ],
          [
            118.691019,
            31.999899
          ],
          [
            118.691297,
            32.000024
          ],
          [
            118.691537,
            32.000249
          ],
          [
            118.691411,
            32.000748
          ],
          [
            118.691503,
            32.000894
          ],
          [
            118.692224,
            32.000996
          ],
          [
            118.69272,
            32.001171
          ],
          [
            118.693105,
            32.001015
          ],
          [
            118.693188,
            32.000612
          ],
          [
            118.69349,
            32.000367
          ],
          [
            118.693031,
            32.000246
          ],
          [
            118.692609,
            32.000286
          ],
          [
            118.692557,
            31.999747
          ],
          [
            118.692027,
            31.999285
          ],
          [
            118.6919,
            31.998877
          ]
        ]
      },
      "properties": {
        "id": "local-883774220-0",
        "name": {
          "zh": "",
          "en": null
        },
        "class": "greenway",
        "widthM": 0.035,
        "source": "OSM local centerline geometry",
        "sourceCrs": "EPSG:4326",
        "confidence": "triangulated",
        "status": "existing"
      }
    },
    {
      "type": "Feature",
      "id": "local-883774222-0",
      "geometry": {
        "type": "LineString",
        "coordinates": [
          [
            118.692808,
            31.999001
          ],
          [
            118.692449,
            31.998948
          ],
          [
            118.692093,
            31.998479
          ]
        ]
      },
      "properties": {
        "id": "local-883774222-0",
        "name": {
          "zh": "",
          "en": null
        },
        "class": "greenway",
        "widthM": 0.035,
        "source": "OSM local centerline geometry",
        "sourceCrs": "EPSG:4326",
        "confidence": "triangulated",
        "status": "existing"
      }
    },
    {
      "type": "Feature",
      "id": "local-883774223-0",
      "geometry": {
        "type": "LineString",
        "coordinates": [
          [
            118.689891,
            32.001978
          ],
          [
            118.68966,
            32.001767
          ],
          [
            118.689844,
            32.001405
          ],
          [
            118.69054,
            32.001361
          ],
          [
            118.690979,
            32.001145
          ],
          [
            118.691432,
            32.00125
          ],
          [
            118.691899,
            32.001516
          ],
          [
            118.692537,
            32.001547
          ],
          [
            118.693004,
            32.001905
          ]
        ]
      },
      "properties": {
        "id": "local-883774223-0",
        "name": {
          "zh": "",
          "en": null
        },
        "class": "greenway",
        "widthM": 0.035,
        "source": "OSM local centerline geometry",
        "sourceCrs": "EPSG:4326",
        "confidence": "triangulated",
        "status": "existing"
      }
    },
    {
      "type": "Feature",
      "id": "local-883774237-0",
      "geometry": {
        "type": "LineString",
        "coordinates": [
          [
            118.694981,
            31.99803
          ],
          [
            118.69554,
            31.998638
          ],
          [
            118.696443,
            31.998811
          ],
          [
            118.696691,
            31.999345
          ],
          [
            118.696927,
            31.999421
          ],
          [
            118.697443,
            31.999352
          ],
          [
            118.697553,
            31.999487
          ],
          [
            118.697528,
            31.999904
          ],
          [
            118.698077,
            32.000004
          ]
        ]
      },
      "properties": {
        "id": "local-883774237-0",
        "name": {
          "zh": "",
          "en": null
        },
        "class": "greenway",
        "widthM": 0.035,
        "source": "OSM local centerline geometry",
        "sourceCrs": "EPSG:4326",
        "confidence": "triangulated",
        "status": "existing"
      }
    },
    {
      "type": "Feature",
      "id": "local-883782295-0",
      "geometry": {
        "type": "LineString",
        "coordinates": [
          [
            118.691755,
            32.039893
          ],
          [
            118.692953,
            32.039312
          ],
          [
            118.696056,
            32.045658
          ]
        ]
      },
      "properties": {
        "id": "local-883782295-0",
        "name": {
          "zh": "",
          "en": null
        },
        "class": "local",
        "widthM": 0.06,
        "source": "OSM local centerline geometry",
        "sourceCrs": "EPSG:4326",
        "confidence": "triangulated",
        "status": "existing"
      }
    },
    {
      "type": "Feature",
      "id": "local-883782296-0",
      "geometry": {
        "type": "LineString",
        "coordinates": [
          [
            118.681955,
            32.016377
          ],
          [
            118.680885,
            32.014139
          ]
        ]
      },
      "properties": {
        "id": "local-883782296-0",
        "name": {
          "zh": "",
          "en": null
        },
        "class": "local",
        "widthM": 0.06,
        "source": "OSM local centerline geometry",
        "sourceCrs": "EPSG:4326",
        "confidence": "triangulated",
        "status": "existing"
      }
    },
    {
      "type": "Feature",
      "id": "local-883782300-0",
      "geometry": {
        "type": "LineString",
        "coordinates": [
          [
            118.676865,
            32.014839
          ],
          [
            118.677953,
            32.014396
          ]
        ]
      },
      "properties": {
        "id": "local-883782300-0",
        "name": {
          "zh": "",
          "en": null
        },
        "class": "greenway",
        "widthM": 0.035,
        "source": "OSM local centerline geometry",
        "sourceCrs": "EPSG:4326",
        "confidence": "triangulated",
        "status": "existing"
      }
    },
    {
      "type": "Feature",
      "id": "local-883782307-0",
      "geometry": {
        "type": "LineString",
        "coordinates": [
          [
            118.686133,
            32.014271
          ],
          [
            118.684449,
            32.011929
          ]
        ]
      },
      "properties": {
        "id": "local-883782307-0",
        "name": {
          "zh": "",
          "en": null
        },
        "class": "local",
        "widthM": 0.06,
        "source": "OSM local centerline geometry",
        "sourceCrs": "EPSG:4326",
        "confidence": "triangulated",
        "status": "existing"
      }
    },
    {
      "type": "Feature",
      "id": "local-948337469-0",
      "geometry": {
        "type": "LineString",
        "coordinates": [
          [
            118.689034,
            32.000103
          ],
          [
            118.688033,
            32.000663
          ],
          [
            118.684939,
            32.001711
          ]
        ]
      },
      "properties": {
        "id": "local-948337469-0",
        "name": {
          "zh": "",
          "en": null
        },
        "class": "arterial",
        "widthM": 0.16,
        "source": "OSM local centerline geometry",
        "sourceCrs": "EPSG:4326",
        "confidence": "triangulated",
        "status": "existing"
      }
    },
    {
      "type": "Feature",
      "id": "local-948337470-0",
      "geometry": {
        "type": "LineString",
        "coordinates": [
          [
            118.684634,
            32.001156
          ],
          [
            118.689014,
            31.999867
          ]
        ]
      },
      "properties": {
        "id": "local-948337470-0",
        "name": {
          "zh": "",
          "en": null
        },
        "class": "major",
        "widthM": 0.22,
        "source": "OSM local centerline geometry",
        "sourceCrs": "EPSG:4326",
        "confidence": "triangulated",
        "status": "existing"
      }
    },
    {
      "type": "Feature",
      "id": "local-948337471-0",
      "geometry": {
        "type": "LineString",
        "coordinates": [
          [
            118.681833,
            32.002121
          ],
          [
            118.684634,
            32.001156
          ]
        ]
      },
      "properties": {
        "id": "local-948337471-0",
        "name": {
          "zh": "",
          "en": null
        },
        "class": "major",
        "widthM": 0.22,
        "source": "OSM local centerline geometry",
        "sourceCrs": "EPSG:4326",
        "confidence": "triangulated",
        "status": "existing"
      }
    },
    {
      "type": "Feature",
      "id": "local-948337472-0",
      "geometry": {
        "type": "LineString",
        "coordinates": [
          [
            118.684939,
            32.001711
          ],
          [
            118.682214,
            32.002688
          ]
        ]
      },
      "properties": {
        "id": "local-948337472-0",
        "name": {
          "zh": "",
          "en": null
        },
        "class": "arterial",
        "widthM": 0.16,
        "source": "OSM local centerline geometry",
        "sourceCrs": "EPSG:4326",
        "confidence": "triangulated",
        "status": "existing"
      }
    },
    {
      "type": "Feature",
      "id": "local-948337473-0",
      "geometry": {
        "type": "LineString",
        "coordinates": [
          [
            118.686242,
            32.001393
          ],
          [
            118.678668,
            32.00374
          ]
        ]
      },
      "properties": {
        "id": "local-948337473-0",
        "name": {
          "zh": "",
          "en": null
        },
        "class": "arterial",
        "widthM": 0.16,
        "source": "OSM local centerline geometry",
        "sourceCrs": "EPSG:4326",
        "confidence": "triangulated",
        "status": "existing"
      }
    },
    {
      "type": "Feature",
      "id": "local-948337474-0",
      "geometry": {
        "type": "LineString",
        "coordinates": [
          [
            118.67844,
            32.003422
          ],
          [
            118.685586,
            32.000726
          ]
        ]
      },
      "properties": {
        "id": "local-948337474-0",
        "name": {
          "zh": "",
          "en": null
        },
        "class": "arterial",
        "widthM": 0.16,
        "source": "OSM local centerline geometry",
        "sourceCrs": "EPSG:4326",
        "confidence": "triangulated",
        "status": "existing"
      }
    },
    {
      "type": "Feature",
      "id": "local-948337475-0",
      "geometry": {
        "type": "LineString",
        "coordinates": [
          [
            118.686072,
            32.001221
          ],
          [
            118.682749,
            32.002367
          ]
        ]
      },
      "properties": {
        "id": "local-948337475-0",
        "name": {
          "zh": "",
          "en": null
        },
        "class": "major",
        "widthM": 0.22,
        "source": "OSM local centerline geometry",
        "sourceCrs": "EPSG:4326",
        "confidence": "triangulated",
        "status": "existing"
      }
    },
    {
      "type": "Feature",
      "id": "local-948337476-0",
      "geometry": {
        "type": "LineString",
        "coordinates": [
          [
            118.682749,
            32.002367
          ],
          [
            118.680843,
            32.002824
          ]
        ]
      },
      "properties": {
        "id": "local-948337476-0",
        "name": {
          "zh": "",
          "en": null
        },
        "class": "major",
        "widthM": 0.22,
        "source": "OSM local centerline geometry",
        "sourceCrs": "EPSG:4326",
        "confidence": "triangulated",
        "status": "existing"
      }
    },
    {
      "type": "Feature",
      "id": "local-948337477-0",
      "geometry": {
        "type": "LineString",
        "coordinates": [
          [
            118.682544,
            32.001975
          ],
          [
            118.685755,
            32.000904
          ]
        ]
      },
      "properties": {
        "id": "local-948337477-0",
        "name": {
          "zh": "",
          "en": null
        },
        "class": "major",
        "widthM": 0.22,
        "source": "OSM local centerline geometry",
        "sourceCrs": "EPSG:4326",
        "confidence": "triangulated",
        "status": "existing"
      }
    },
    {
      "type": "Feature",
      "id": "local-948337478-0",
      "geometry": {
        "type": "LineString",
        "coordinates": [
          [
            118.679732,
            32.003062
          ],
          [
            118.682544,
            32.001975
          ]
        ]
      },
      "properties": {
        "id": "local-948337478-0",
        "name": {
          "zh": "",
          "en": null
        },
        "class": "major",
        "widthM": 0.22,
        "source": "OSM local centerline geometry",
        "sourceCrs": "EPSG:4326",
        "confidence": "triangulated",
        "status": "existing"
      }
    },
    {
      "type": "Feature",
      "id": "local-1061061151-0",
      "geometry": {
        "type": "LineString",
        "coordinates": [
          [
            118.684932,
            32.00145
          ],
          [
            118.682665,
            32.002226
          ]
        ]
      },
      "properties": {
        "id": "local-1061061151-0",
        "name": {
          "zh": "",
          "en": null
        },
        "class": "major",
        "widthM": 0.22,
        "source": "OSM local centerline geometry",
        "sourceCrs": "EPSG:4326",
        "confidence": "triangulated",
        "status": "existing"
      }
    },
    {
      "type": "Feature",
      "id": "local-1061061152-0",
      "geometry": {
        "type": "LineString",
        "coordinates": [
          [
            118.68262,
            32.002087
          ],
          [
            118.684867,
            32.001322
          ]
        ]
      },
      "properties": {
        "id": "local-1061061152-0",
        "name": {
          "zh": "",
          "en": null
        },
        "class": "major",
        "widthM": 0.22,
        "source": "OSM local centerline geometry",
        "sourceCrs": "EPSG:4326",
        "confidence": "triangulated",
        "status": "existing"
      }
    },
    {
      "type": "Feature",
      "id": "local-1079466425-0",
      "geometry": {
        "type": "LineString",
        "coordinates": [
          [
            118.69268,
            31.997899
          ],
          [
            118.694007,
            31.998462
          ],
          [
            118.695694,
            31.999487
          ]
        ]
      },
      "properties": {
        "id": "local-1079466425-0",
        "name": {
          "zh": "",
          "en": null
        },
        "class": "greenway",
        "widthM": 0.035,
        "source": "OSM local centerline geometry",
        "sourceCrs": "EPSG:4326",
        "confidence": "triangulated",
        "status": "existing"
      }
    },
    {
      "type": "Feature",
      "id": "local-1084561753-0",
      "geometry": {
        "type": "LineString",
        "coordinates": [
          [
            118.680493,
            32.009536
          ],
          [
            118.679694,
            32.008189
          ]
        ]
      },
      "properties": {
        "id": "local-1084561753-0",
        "name": {
          "zh": "",
          "en": null
        },
        "class": "local",
        "widthM": 0.06,
        "source": "OSM local centerline geometry",
        "sourceCrs": "EPSG:4326",
        "confidence": "triangulated",
        "status": "existing"
      }
    },
    {
      "type": "Feature",
      "id": "local-1084561756-0",
      "geometry": {
        "type": "LineString",
        "coordinates": [
          [
            118.699928,
            32.031337
          ],
          [
            118.700745,
            32.032364
          ]
        ]
      },
      "properties": {
        "id": "local-1084561756-0",
        "name": {
          "zh": "",
          "en": null
        },
        "class": "greenway",
        "widthM": 0.035,
        "source": "OSM local centerline geometry",
        "sourceCrs": "EPSG:4326",
        "confidence": "triangulated",
        "status": "existing"
      }
    },
    {
      "type": "Feature",
      "id": "local-1084561761-0",
      "geometry": {
        "type": "LineString",
        "coordinates": [
          [
            118.703874,
            32.031777
          ],
          [
            118.704544,
            32.032401
          ],
          [
            118.704651,
            32.033014
          ],
          [
            118.704779,
            32.033208
          ],
          [
            118.705063,
            32.033377
          ]
        ]
      },
      "properties": {
        "id": "local-1084561761-0",
        "name": {
          "zh": "",
          "en": null
        },
        "class": "greenway",
        "widthM": 0.035,
        "source": "OSM local centerline geometry",
        "sourceCrs": "EPSG:4326",
        "confidence": "triangulated",
        "status": "existing"
      }
    },
    {
      "type": "Feature",
      "id": "local-1084561765-0",
      "geometry": {
        "type": "LineString",
        "coordinates": [
          [
            118.698692,
            32.034165
          ],
          [
            118.699782,
            32.035326
          ],
          [
            118.700114,
            32.035493
          ],
          [
            118.700593,
            32.03537
          ],
          [
            118.701879,
            32.034534
          ]
        ]
      },
      "properties": {
        "id": "local-1084561765-0",
        "name": {
          "zh": "",
          "en": null
        },
        "class": "collector",
        "widthM": 0.105,
        "source": "OSM local centerline geometry",
        "sourceCrs": "EPSG:4326",
        "confidence": "triangulated",
        "status": "existing"
      }
    },
    {
      "type": "Feature",
      "id": "local-1092620877-0",
      "geometry": {
        "type": "LineString",
        "coordinates": [
          [
            118.697101,
            32.02344
          ],
          [
            118.698012,
            32.023155
          ]
        ]
      },
      "properties": {
        "id": "local-1092620877-0",
        "name": {
          "zh": "",
          "en": null
        },
        "class": "greenway",
        "widthM": 0.035,
        "source": "OSM local centerline geometry",
        "sourceCrs": "EPSG:4326",
        "confidence": "triangulated",
        "status": "existing"
      }
    },
    {
      "type": "Feature",
      "id": "local-1092620878-0",
      "geometry": {
        "type": "LineString",
        "coordinates": [
          [
            118.714484,
            32.050995
          ],
          [
            118.714691,
            32.050897
          ],
          [
            118.714752,
            32.050771
          ],
          [
            118.714671,
            32.050284
          ],
          [
            118.714793,
            32.050157
          ]
        ]
      },
      "properties": {
        "id": "local-1092620878-0",
        "name": {
          "zh": "",
          "en": null
        },
        "class": "greenway",
        "widthM": 0.035,
        "source": "OSM local centerline geometry",
        "sourceCrs": "EPSG:4326",
        "confidence": "triangulated",
        "status": "existing"
      }
    },
    {
      "type": "Feature",
      "id": "local-1092630244-0",
      "geometry": {
        "type": "LineString",
        "coordinates": [
          [
            118.708377,
            32.038233
          ],
          [
            118.708139,
            32.038517
          ],
          [
            118.708306,
            32.039143
          ],
          [
            118.708246,
            32.039361
          ],
          [
            118.708122,
            32.039442
          ]
        ]
      },
      "properties": {
        "id": "local-1092630244-0",
        "name": {
          "zh": "",
          "en": null
        },
        "class": "greenway",
        "widthM": 0.035,
        "source": "OSM local centerline geometry",
        "sourceCrs": "EPSG:4326",
        "confidence": "triangulated",
        "status": "existing"
      }
    },
    {
      "type": "Feature",
      "id": "local-1092630250-0",
      "geometry": {
        "type": "LineString",
        "coordinates": [
          [
            118.703987,
            32.036678
          ],
          [
            118.705929,
            32.035676
          ]
        ]
      },
      "properties": {
        "id": "local-1092630250-0",
        "name": {
          "zh": "",
          "en": null
        },
        "class": "collector",
        "widthM": 0.105,
        "source": "OSM local centerline geometry",
        "sourceCrs": "EPSG:4326",
        "confidence": "triangulated",
        "status": "existing"
      }
    },
    {
      "type": "Feature",
      "id": "local-1092630251-0",
      "geometry": {
        "type": "LineString",
        "coordinates": [
          [
            118.70494,
            32.037938
          ],
          [
            118.706707,
            32.037024
          ]
        ]
      },
      "properties": {
        "id": "local-1092630251-0",
        "name": {
          "zh": "",
          "en": null
        },
        "class": "collector",
        "widthM": 0.105,
        "source": "OSM local centerline geometry",
        "sourceCrs": "EPSG:4326",
        "confidence": "triangulated",
        "status": "existing"
      }
    },
    {
      "type": "Feature",
      "id": "local-1092630252-0",
      "geometry": {
        "type": "LineString",
        "coordinates": [
          [
            118.700326,
            32.040485
          ],
          [
            118.702417,
            32.039389
          ]
        ]
      },
      "properties": {
        "id": "local-1092630252-0",
        "name": {
          "zh": "",
          "en": null
        },
        "class": "collector",
        "widthM": 0.105,
        "source": "OSM local centerline geometry",
        "sourceCrs": "EPSG:4326",
        "confidence": "triangulated",
        "status": "existing"
      }
    },
    {
      "type": "Feature",
      "id": "local-1092630253-0",
      "geometry": {
        "type": "LineString",
        "coordinates": [
          [
            118.702541,
            32.039267
          ],
          [
            118.704636,
            32.038179
          ]
        ]
      },
      "properties": {
        "id": "local-1092630253-0",
        "name": {
          "zh": "",
          "en": null
        },
        "class": "collector",
        "widthM": 0.105,
        "source": "OSM local centerline geometry",
        "sourceCrs": "EPSG:4326",
        "confidence": "triangulated",
        "status": "existing"
      }
    },
    {
      "type": "Feature",
      "id": "local-1092780897-0",
      "geometry": {
        "type": "LineString",
        "coordinates": [
          [
            118.698527,
            32.029833
          ],
          [
            118.699981,
            32.028816
          ]
        ]
      },
      "properties": {
        "id": "local-1092780897-0",
        "name": {
          "zh": "",
          "en": null
        },
        "class": "greenway",
        "widthM": 0.035,
        "source": "OSM local centerline geometry",
        "sourceCrs": "EPSG:4326",
        "confidence": "triangulated",
        "status": "existing"
      }
    },
    {
      "type": "Feature",
      "id": "local-1092780904-0",
      "geometry": {
        "type": "LineString",
        "coordinates": [
          [
            118.698607,
            32.034057
          ],
          [
            118.700624,
            32.032703
          ]
        ]
      },
      "properties": {
        "id": "local-1092780904-0",
        "name": {
          "zh": "",
          "en": null
        },
        "class": "greenway",
        "widthM": 0.035,
        "source": "OSM local centerline geometry",
        "sourceCrs": "EPSG:4326",
        "confidence": "triangulated",
        "status": "existing"
      }
    },
    {
      "type": "Feature",
      "id": "local-1092780905-0",
      "geometry": {
        "type": "LineString",
        "coordinates": [
          [
            118.70368,
            32.032771
          ],
          [
            118.701741,
            32.033869
          ]
        ]
      },
      "properties": {
        "id": "local-1092780905-0",
        "name": {
          "zh": "",
          "en": null
        },
        "class": "collector",
        "widthM": 0.105,
        "source": "OSM local centerline geometry",
        "sourceCrs": "EPSG:4326",
        "confidence": "triangulated",
        "status": "existing"
      }
    },
    {
      "type": "Feature",
      "id": "local-1093069040-0",
      "geometry": {
        "type": "LineString",
        "coordinates": [
          [
            118.693279,
            32.012672
          ],
          [
            118.696079,
            32.012439
          ]
        ]
      },
      "properties": {
        "id": "local-1093069040-0",
        "name": {
          "zh": "",
          "en": null
        },
        "class": "local",
        "widthM": 0.06,
        "source": "OSM local centerline geometry",
        "sourceCrs": "EPSG:4326",
        "confidence": "triangulated",
        "status": "existing"
      }
    },
    {
      "type": "Feature",
      "id": "local-1093069042-0",
      "geometry": {
        "type": "LineString",
        "coordinates": [
          [
            118.687954,
            32.007906
          ],
          [
            118.688943,
            32.009288
          ]
        ]
      },
      "properties": {
        "id": "local-1093069042-0",
        "name": {
          "zh": "",
          "en": null
        },
        "class": "local",
        "widthM": 0.06,
        "source": "OSM local centerline geometry",
        "sourceCrs": "EPSG:4326",
        "confidence": "triangulated",
        "status": "existing"
      }
    },
    {
      "type": "Feature",
      "id": "local-1093069043-0",
      "geometry": {
        "type": "LineString",
        "coordinates": [
          [
            118.678782,
            32.010211
          ],
          [
            118.682014,
            32.008777
          ]
        ]
      },
      "properties": {
        "id": "local-1093069043-0",
        "name": {
          "zh": "",
          "en": null
        },
        "class": "collector",
        "widthM": 0.105,
        "source": "OSM local centerline geometry",
        "sourceCrs": "EPSG:4326",
        "confidence": "triangulated",
        "status": "existing"
      }
    },
    {
      "type": "Feature",
      "id": "local-1093069044-0",
      "geometry": {
        "type": "LineString",
        "coordinates": [
          [
            118.682362,
            32.008586
          ],
          [
            118.687702,
            32.005592
          ],
          [
            118.691214,
            32.003146
          ]
        ]
      },
      "properties": {
        "id": "local-1093069044-0",
        "name": {
          "zh": "",
          "en": null
        },
        "class": "collector",
        "widthM": 0.105,
        "source": "OSM local centerline geometry",
        "sourceCrs": "EPSG:4326",
        "confidence": "triangulated",
        "status": "existing"
      }
    },
    {
      "type": "Feature",
      "id": "local-1093069046-0",
      "geometry": {
        "type": "LineString",
        "coordinates": [
          [
            118.691398,
            32.003017
          ],
          [
            118.696072,
            31.99972
          ]
        ]
      },
      "properties": {
        "id": "local-1093069046-0",
        "name": {
          "zh": "",
          "en": null
        },
        "class": "collector",
        "widthM": 0.105,
        "source": "OSM local centerline geometry",
        "sourceCrs": "EPSG:4326",
        "confidence": "triangulated",
        "status": "existing"
      }
    },
    {
      "type": "Feature",
      "id": "local-1097168758-0",
      "geometry": {
        "type": "LineString",
        "coordinates": [
          [
            118.676397,
            32.01124
          ],
          [
            118.678497,
            32.010336
          ]
        ]
      },
      "properties": {
        "id": "local-1097168758-0",
        "name": {
          "zh": "",
          "en": null
        },
        "class": "collector",
        "widthM": 0.105,
        "source": "OSM local centerline geometry",
        "sourceCrs": "EPSG:4326",
        "confidence": "triangulated",
        "status": "existing"
      }
    },
    {
      "type": "Feature",
      "id": "local-1289020926-0",
      "geometry": {
        "type": "LineString",
        "coordinates": [
          [
            118.694112,
            32.007026
          ],
          [
            118.692303,
            32.00798
          ]
        ]
      },
      "properties": {
        "id": "local-1289020926-0",
        "name": {
          "zh": "",
          "en": null
        },
        "class": "local",
        "widthM": 0.06,
        "source": "OSM local centerline geometry",
        "sourceCrs": "EPSG:4326",
        "confidence": "triangulated",
        "status": "existing"
      }
    },
    {
      "type": "Feature",
      "id": "local-1289020928-0",
      "geometry": {
        "type": "LineString",
        "coordinates": [
          [
            118.694914,
            32.004292
          ],
          [
            118.693112,
            32.001821
          ]
        ]
      },
      "properties": {
        "id": "local-1289020928-0",
        "name": {
          "zh": "",
          "en": null
        },
        "class": "local",
        "widthM": 0.06,
        "source": "OSM local centerline geometry",
        "sourceCrs": "EPSG:4326",
        "confidence": "triangulated",
        "status": "existing"
      }
    },
    {
      "type": "Feature",
      "id": "local-1350651994-0",
      "geometry": {
        "type": "LineString",
        "coordinates": [
          [
            118.697767,
            32.002099
          ],
          [
            118.697584,
            32.002122
          ],
          [
            118.697411,
            32.002269
          ],
          [
            118.696986,
            32.001767
          ],
          [
            118.696727,
            32.001229
          ]
        ]
      },
      "properties": {
        "id": "local-1350651994-0",
        "name": {
          "zh": "",
          "en": null
        },
        "class": "greenway",
        "widthM": 0.035,
        "source": "OSM local centerline geometry",
        "sourceCrs": "EPSG:4326",
        "confidence": "triangulated",
        "status": "existing"
      }
    },
    {
      "type": "Feature",
      "id": "local-1525886581-0",
      "geometry": {
        "type": "LineString",
        "coordinates": [
          [
            118.678301,
            32.003861
          ],
          [
            118.673448,
            32.005538
          ]
        ]
      },
      "properties": {
        "id": "local-1525886581-0",
        "name": {
          "zh": "",
          "en": null
        },
        "class": "arterial",
        "widthM": 0.16,
        "source": "OSM local centerline geometry",
        "sourceCrs": "EPSG:4326",
        "confidence": "triangulated",
        "status": "existing"
      }
    },
    {
      "type": "Feature",
      "id": "local-1525886583-0",
      "geometry": {
        "type": "LineString",
        "coordinates": [
          [
            118.673283,
            32.005192
          ],
          [
            118.678056,
            32.003577
          ]
        ]
      },
      "properties": {
        "id": "local-1525886583-0",
        "name": {
          "zh": "",
          "en": null
        },
        "class": "arterial",
        "widthM": 0.16,
        "source": "OSM local centerline geometry",
        "sourceCrs": "EPSG:4326",
        "confidence": "triangulated",
        "status": "existing"
      }
    },
    {
      "type": "Feature",
      "id": "local-1525886594-0",
      "geometry": {
        "type": "LineString",
        "coordinates": [
          [
            118.675799,
            31.992386
          ],
          [
            118.676084,
            31.99258
          ],
          [
            118.676712,
            31.991905
          ]
        ]
      },
      "properties": {
        "id": "local-1525886594-0",
        "name": {
          "zh": "",
          "en": null
        },
        "class": "local",
        "widthM": 0.06,
        "source": "OSM local centerline geometry",
        "sourceCrs": "EPSG:4326",
        "confidence": "triangulated",
        "status": "existing"
      }
    }
  ]
}
