{
  "type": "FeatureCollection",
  "features": [
    {
      "type": "Feature",
      "id": "road-1-0-sidewalk-left",
      "geometry": {
        "type": "LineString",
        "coordinates": [
          [
            118.686423,
            32.014116
          ],
          [
            118.688276,
            32.013114
          ],
          [
            118.688473,
            32.012927
          ],
          [
            118.688695,
            32.012922
          ],
          [
            118.690688,
            32.011973
          ],
          [
            118.693107,
            32.011082
          ]
        ]
      },
      "properties": {
        "id": "road-1-0-sidewalk-left",
        "kind": "sidewalk",
        "roadId": "road-1-0",
        "side": "left",
        "widthM": 1.8,
        "offsetM": 4.15,
        "sourceRefs": [
          "osm",
          "amap",
          "nanjing-official"
        ],
        "confidence": "estimated"
      }
    },
    {
      "type": "Feature",
      "id": "road-1-0-sidewalk-right",
      "geometry": {
        "type": "LineString",
        "coordinates": [
          [
            118.686423,
            32.014116
          ],
          [
            118.688276,
            32.013114
          ],
          [
            118.688473,
            32.012927
          ],
          [
            118.688695,
            32.012922
          ],
          [
            118.690688,
            32.011973
          ],
          [
            118.693107,
            32.011082
          ]
        ]
      },
      "properties": {
        "id": "road-1-0-sidewalk-right",
        "kind": "sidewalk",
        "roadId": "road-1-0",
        "side": "right",
        "widthM": 1.8,
        "offsetM": 4.15,
        "sourceRefs": [
          "osm",
          "amap",
          "baidu-route-reference"
        ],
        "confidence": "estimated"
      }
    },
    {
      "type": "Feature",
      "id": "road-1-1-sidewalk-left",
      "geometry": {
        "type": "LineString",
        "coordinates": [
          [
            118.681955,
            32.016377
          ],
          [
            118.686133,
            32.014271
          ]
        ]
      },
      "properties": {
        "id": "road-1-1-sidewalk-left",
        "kind": "sidewalk",
        "roadId": "road-1-1",
        "side": "left",
        "widthM": 1.8,
        "offsetM": 4.15,
        "sourceRefs": [
          "osm",
          "amap",
          "nanjing-official"
        ],
        "confidence": "estimated"
      }
    },
    {
      "type": "Feature",
      "id": "road-1-1-sidewalk-right",
      "geometry": {
        "type": "LineString",
        "coordinates": [
          [
            118.681955,
            32.016377
          ],
          [
            118.686133,
            32.014271
          ]
        ]
      },
      "properties": {
        "id": "road-1-1-sidewalk-right",
        "kind": "sidewalk",
        "roadId": "road-1-1",
        "side": "right",
        "widthM": 1.8,
        "offsetM": 4.15,
        "sourceRefs": [
          "osm",
          "amap",
          "baidu-route-reference"
        ],
        "confidence": "estimated"
      }
    },
    {
      "type": "Feature",
      "id": "road-1-2-sidewalk-left",
      "geometry": {
        "type": "LineString",
        "coordinates": [
          [
            118.686324,
            32.014168
          ],
          [
            118.686423,
            32.014116
          ]
        ]
      },
      "properties": {
        "id": "road-1-2-sidewalk-left",
        "kind": "sidewalk",
        "roadId": "road-1-2",
        "side": "left",
        "widthM": 1.8,
        "offsetM": 4.15,
        "sourceRefs": [
          "osm",
          "amap",
          "nanjing-official"
        ],
        "confidence": "estimated"
      }
    },
    {
      "type": "Feature",
      "id": "road-1-2-sidewalk-right",
      "geometry": {
        "type": "LineString",
        "coordinates": [
          [
            118.686324,
            32.014168
          ],
          [
            118.686423,
            32.014116
          ]
        ]
      },
      "properties": {
        "id": "road-1-2-sidewalk-right",
        "kind": "sidewalk",
        "roadId": "road-1-2",
        "side": "right",
        "widthM": 1.8,
        "offsetM": 4.15,
        "sourceRefs": [
          "osm",
          "amap",
          "baidu-route-reference"
        ],
        "confidence": "estimated"
      }
    },
    {
      "type": "Feature",
      "id": "road-1-3-sidewalk-left",
      "geometry": {
        "type": "LineString",
        "coordinates": [
          [
            118.686133,
            32.014271
          ],
          [
            118.686324,
            32.014168
          ]
        ]
      },
      "properties": {
        "id": "road-1-3-sidewalk-left",
        "kind": "sidewalk",
        "roadId": "road-1-3",
        "side": "left",
        "widthM": 1.8,
        "offsetM": 4.15,
        "sourceRefs": [
          "osm",
          "amap",
          "nanjing-official"
        ],
        "confidence": "estimated"
      }
    },
    {
      "type": "Feature",
      "id": "road-1-3-sidewalk-right",
      "geometry": {
        "type": "LineString",
        "coordinates": [
          [
            118.686133,
            32.014271
          ],
          [
            118.686324,
            32.014168
          ]
        ]
      },
      "properties": {
        "id": "road-1-3-sidewalk-right",
        "kind": "sidewalk",
        "roadId": "road-1-3",
        "side": "right",
        "widthM": 1.8,
        "offsetM": 4.15,
        "sourceRefs": [
          "osm",
          "amap",
          "baidu-route-reference"
        ],
        "confidence": "estimated"
      }
    },
    {
      "type": "Feature",
      "id": "road-1-4-sidewalk-left",
      "geometry": {
        "type": "LineString",
        "coordinates": [
          [
            118.679807,
            32.017464
          ],
          [
            118.681955,
            32.016377
          ]
        ]
      },
      "properties": {
        "id": "road-1-4-sidewalk-left",
        "kind": "sidewalk",
        "roadId": "road-1-4",
        "side": "left",
        "widthM": 1.8,
        "offsetM": 4.15,
        "sourceRefs": [
          "osm",
          "amap",
          "nanjing-official"
        ],
        "confidence": "estimated"
      }
    },
    {
      "type": "Feature",
      "id": "road-1-4-sidewalk-right",
      "geometry": {
        "type": "LineString",
        "coordinates": [
          [
            118.679807,
            32.017464
          ],
          [
            118.681955,
            32.016377
          ]
        ]
      },
      "properties": {
        "id": "road-1-4-sidewalk-right",
        "kind": "sidewalk",
        "roadId": "road-1-4",
        "side": "right",
        "widthM": 1.8,
        "offsetM": 4.15,
        "sourceRefs": [
          "osm",
          "amap",
          "baidu-route-reference"
        ],
        "confidence": "estimated"
      }
    },
    {
      "type": "Feature",
      "id": "road-2-0-shared-greenway",
      "geometry": {
        "type": "LineString",
        "coordinates": [
          [
            118.691755,
            32.039893
          ],
          [
            118.692998,
            32.042225
          ],
          [
            118.694481,
            32.044245
          ],
          [
            118.696177,
            32.045764
          ],
          [
            118.697459,
            32.047076
          ],
          [
            118.699186,
            32.048503
          ],
          [
            118.700731,
            32.049981
          ],
          [
            118.701589,
            32.050682
          ],
          [
            118.703316,
            32.052358
          ],
          [
            118.703716,
            32.05259
          ],
          [
            118.70477,
            32.05303
          ],
          [
            118.70537,
            32.053506
          ],
          [
            118.706739,
            32.0554
          ],
          [
            118.712996,
            32.061216
          ],
          [
            118.717522,
            32.066548
          ],
          [
            118.719183,
            32.06865
          ],
          [
            118.71943,
            32.068659
          ],
          [
            118.721234,
            32.067887
          ],
          [
            118.721429,
            32.067718
          ],
          [
            118.721494,
            32.067477
          ],
          [
            118.721141,
            32.065855
          ],
          [
            118.720436,
            32.064161
          ],
          [
            118.720235,
            32.063418
          ]
        ]
      },
      "properties": {
        "id": "road-2-0-shared-greenway",
        "kind": "greenway",
        "roadId": "road-2-0",
        "side": "center",
        "widthM": 3.5,
        "offsetM": 0,
        "sourceRefs": [
          "osm",
          "amap",
          "nanjing-official"
        ],
        "confidence": "triangulated"
      }
    },
    {
      "type": "Feature",
      "id": "road-2-1-shared-greenway",
      "geometry": {
        "type": "LineString",
        "coordinates": [
          [
            118.666487,
            31.987994
          ],
          [
            118.66632,
            31.989751
          ],
          [
            118.666976,
            31.994177
          ],
          [
            118.669642,
            31.999502
          ],
          [
            118.6716,
            32.004263
          ],
          [
            118.673673,
            32.008226
          ],
          [
            118.67412,
            32.008856
          ],
          [
            118.674203,
            32.009162
          ],
          [
            118.674,
            32.00992
          ],
          [
            118.674047,
            32.010135
          ],
          [
            118.676513,
            32.014375
          ],
          [
            118.677742,
            32.015906
          ],
          [
            118.679611,
            32.017954
          ],
          [
            118.681469,
            32.020341
          ],
          [
            118.682041,
            32.021614
          ],
          [
            118.682778,
            32.022707
          ],
          [
            118.687161,
            32.031277
          ],
          [
            118.689896,
            32.035952
          ],
          [
            118.691755,
            32.039893
          ]
        ]
      },
      "properties": {
        "id": "road-2-1-shared-greenway",
        "kind": "greenway",
        "roadId": "road-2-1",
        "side": "center",
        "widthM": 3.5,
        "offsetM": 0,
        "sourceRefs": [
          "osm",
          "amap",
          "nanjing-official"
        ],
        "confidence": "triangulated"
      }
    },
    {
      "type": "Feature",
      "id": "road-2-2-shared-greenway",
      "geometry": {
        "type": "LineString",
        "coordinates": [
          [
            118.70472,
            32.033524
          ],
          [
            118.703714,
            32.032343
          ],
          [
            118.70226,
            32.02861
          ],
          [
            118.700384,
            32.026236
          ],
          [
            118.698651,
            32.024206
          ],
          [
            118.698127,
            32.023402
          ],
          [
            118.697908,
            32.022887
          ],
          [
            118.697049,
            32.019783
          ],
          [
            118.697,
            32.019381
          ],
          [
            118.697082,
            32.016576
          ],
          [
            118.697256,
            32.0146
          ],
          [
            118.696959,
            32.011438
          ]
        ]
      },
      "properties": {
        "id": "road-2-2-shared-greenway",
        "kind": "greenway",
        "roadId": "road-2-2",
        "side": "center",
        "widthM": 3.5,
        "offsetM": 0,
        "sourceRefs": [
          "osm",
          "amap",
          "nanjing-official"
        ],
        "confidence": "triangulated"
      }
    },
    {
      "type": "Feature",
      "id": "road-2-3-shared-greenway",
      "geometry": {
        "type": "LineString",
        "coordinates": [
          [
            118.720235,
            32.063418
          ],
          [
            118.719875,
            32.062138
          ],
          [
            118.718031,
            32.056964
          ],
          [
            118.716468,
            32.053551
          ],
          [
            118.715246,
            32.051288
          ],
          [
            118.71499,
            32.050531
          ],
          [
            118.712456,
            32.045877
          ],
          [
            118.709773,
            32.040613
          ],
          [
            118.707833,
            32.037298
          ],
          [
            118.707192,
            32.03641
          ],
          [
            118.70472,
            32.033524
          ]
        ]
      },
      "properties": {
        "id": "road-2-3-shared-greenway",
        "kind": "greenway",
        "roadId": "road-2-3",
        "side": "center",
        "widthM": 3.5,
        "offsetM": 0,
        "sourceRefs": [
          "osm",
          "amap",
          "nanjing-official"
        ],
        "confidence": "triangulated"
      }
    },
    {
      "type": "Feature",
      "id": "road-2-4-shared-greenway",
      "geometry": {
        "type": "LineString",
        "coordinates": [
          [
            118.696959,
            32.011438
          ],
          [
            118.696868,
            32.008124
          ],
          [
            118.697957,
            32.000738
          ],
          [
            118.697886,
            32.000569
          ],
          [
            118.697613,
            32.000312
          ],
          [
            118.696475,
            31.999512
          ],
          [
            118.692489,
            31.997071
          ],
          [
            118.690668,
            31.996232
          ],
          [
            118.689028,
            31.995597
          ],
          [
            118.687397,
            31.995228
          ],
          [
            118.684815,
            31.994416
          ],
          [
            118.679265,
            31.992158
          ],
          [
            118.678285,
            31.991779
          ],
          [
            118.677149,
            31.991437
          ],
          [
            118.674336,
            31.989795
          ],
          [
            118.672678,
            31.988713
          ],
          [
            118.670342,
            31.987545
          ],
          [
            118.667655,
            31.985927
          ],
          [
            118.667436,
            31.985897
          ],
          [
            118.66712,
            31.98597
          ],
          [
            118.666802,
            31.986245
          ],
          [
            118.666609,
            31.986684
          ],
          [
            118.666487,
            31.987994
          ]
        ]
      },
      "properties": {
        "id": "road-2-4-shared-greenway",
        "kind": "greenway",
        "roadId": "road-2-4",
        "side": "center",
        "widthM": 3.5,
        "offsetM": 0,
        "sourceRefs": [
          "osm",
          "amap",
          "nanjing-official"
        ],
        "confidence": "triangulated"
      }
    },
    {
      "type": "Feature",
      "id": "road-3-0-sidewalk-left",
      "geometry": {
        "type": "LineString",
        "coordinates": [
          [
            118.707944,
            32.031631
          ],
          [
            118.702071,
            32.034805
          ]
        ]
      },
      "properties": {
        "id": "road-3-0-sidewalk-left",
        "kind": "sidewalk",
        "roadId": "road-3-0",
        "side": "left",
        "widthM": 1.8,
        "offsetM": 12.15,
        "sourceRefs": [
          "osm",
          "amap",
          "nanjing-official"
        ],
        "confidence": "estimated"
      }
    },
    {
      "type": "Feature",
      "id": "road-3-0-sidewalk-right",
      "geometry": {
        "type": "LineString",
        "coordinates": [
          [
            118.707944,
            32.031631
          ],
          [
            118.702071,
            32.034805
          ]
        ]
      },
      "properties": {
        "id": "road-3-0-sidewalk-right",
        "kind": "sidewalk",
        "roadId": "road-3-0",
        "side": "right",
        "widthM": 1.8,
        "offsetM": 12.15,
        "sourceRefs": [
          "osm",
          "amap",
          "baidu-route-reference"
        ],
        "confidence": "estimated"
      }
    },
    {
      "type": "Feature",
      "id": "road-3-0-center-marking",
      "geometry": {
        "type": "LineString",
        "coordinates": [
          [
            118.707944,
            32.031631
          ],
          [
            118.702071,
            32.034805
          ]
        ]
      },
      "properties": {
        "id": "road-3-0-center-marking",
        "kind": "centerline",
        "roadId": "road-3-0",
        "widthM": 0.16,
        "dashM": 4,
        "gapM": 8,
        "sourceRefs": [
          "osm",
          "amap",
          "nanjing-official"
        ],
        "confidence": "estimated"
      }
    },
    {
      "type": "Feature",
      "id": "road-3-1-sidewalk-left",
      "geometry": {
        "type": "LineString",
        "coordinates": [
          [
            118.701942,
            32.034668
          ],
          [
            118.708224,
            32.031258
          ]
        ]
      },
      "properties": {
        "id": "road-3-1-sidewalk-left",
        "kind": "sidewalk",
        "roadId": "road-3-1",
        "side": "left",
        "widthM": 1.8,
        "offsetM": 12.15,
        "sourceRefs": [
          "osm",
          "amap",
          "nanjing-official"
        ],
        "confidence": "estimated"
      }
    },
    {
      "type": "Feature",
      "id": "road-3-1-sidewalk-right",
      "geometry": {
        "type": "LineString",
        "coordinates": [
          [
            118.701942,
            32.034668
          ],
          [
            118.708224,
            32.031258
          ]
        ]
      },
      "properties": {
        "id": "road-3-1-sidewalk-right",
        "kind": "sidewalk",
        "roadId": "road-3-1",
        "side": "right",
        "widthM": 1.8,
        "offsetM": 12.15,
        "sourceRefs": [
          "osm",
          "amap",
          "baidu-route-reference"
        ],
        "confidence": "estimated"
      }
    },
    {
      "type": "Feature",
      "id": "road-3-1-center-marking",
      "geometry": {
        "type": "LineString",
        "coordinates": [
          [
            118.701942,
            32.034668
          ],
          [
            118.708224,
            32.031258
          ]
        ]
      },
      "properties": {
        "id": "road-3-1-center-marking",
        "kind": "centerline",
        "roadId": "road-3-1",
        "widthM": 0.16,
        "dashM": 4,
        "gapM": 8,
        "sourceRefs": [
          "osm",
          "amap",
          "nanjing-official"
        ],
        "confidence": "estimated"
      }
    },
    {
      "type": "Feature",
      "id": "road-4-0-sidewalk-left",
      "geometry": {
        "type": "LineString",
        "coordinates": [
          [
            118.69894,
            32.034532
          ],
          [
            118.701163,
            32.037383
          ]
        ]
      },
      "properties": {
        "id": "road-4-0-sidewalk-left",
        "kind": "sidewalk",
        "roadId": "road-4-0",
        "side": "left",
        "widthM": 1.8,
        "offsetM": 9.15,
        "sourceRefs": [
          "osm",
          "amap",
          "nanjing-official"
        ],
        "confidence": "estimated"
      }
    },
    {
      "type": "Feature",
      "id": "road-4-0-sidewalk-right",
      "geometry": {
        "type": "LineString",
        "coordinates": [
          [
            118.69894,
            32.034532
          ],
          [
            118.701163,
            32.037383
          ]
        ]
      },
      "properties": {
        "id": "road-4-0-sidewalk-right",
        "kind": "sidewalk",
        "roadId": "road-4-0",
        "side": "right",
        "widthM": 1.8,
        "offsetM": 9.15,
        "sourceRefs": [
          "osm",
          "amap",
          "baidu-route-reference"
        ],
        "confidence": "estimated"
      }
    },
    {
      "type": "Feature",
      "id": "road-4-0-center-marking",
      "geometry": {
        "type": "LineString",
        "coordinates": [
          [
            118.69894,
            32.034532
          ],
          [
            118.701163,
            32.037383
          ]
        ]
      },
      "properties": {
        "id": "road-4-0-center-marking",
        "kind": "centerline",
        "roadId": "road-4-0",
        "widthM": 0.16,
        "dashM": 4,
        "gapM": 8,
        "sourceRefs": [
          "osm",
          "amap",
          "nanjing-official"
        ],
        "confidence": "estimated"
      }
    },
    {
      "type": "Feature",
      "id": "road-4-1-sidewalk-left",
      "geometry": {
        "type": "LineString",
        "coordinates": [
          [
            118.701072,
            32.037442
          ],
          [
            118.699211,
            32.034989
          ]
        ]
      },
      "properties": {
        "id": "road-4-1-sidewalk-left",
        "kind": "sidewalk",
        "roadId": "road-4-1",
        "side": "left",
        "widthM": 1.8,
        "offsetM": 9.15,
        "sourceRefs": [
          "osm",
          "amap",
          "nanjing-official"
        ],
        "confidence": "estimated"
      }
    },
    {
      "type": "Feature",
      "id": "road-4-1-sidewalk-right",
      "geometry": {
        "type": "LineString",
        "coordinates": [
          [
            118.701072,
            32.037442
          ],
          [
            118.699211,
            32.034989
          ]
        ]
      },
      "properties": {
        "id": "road-4-1-sidewalk-right",
        "kind": "sidewalk",
        "roadId": "road-4-1",
        "side": "right",
        "widthM": 1.8,
        "offsetM": 9.15,
        "sourceRefs": [
          "osm",
          "amap",
          "baidu-route-reference"
        ],
        "confidence": "estimated"
      }
    },
    {
      "type": "Feature",
      "id": "road-4-1-center-marking",
      "geometry": {
        "type": "LineString",
        "coordinates": [
          [
            118.701072,
            32.037442
          ],
          [
            118.699211,
            32.034989
          ]
        ]
      },
      "properties": {
        "id": "road-4-1-center-marking",
        "kind": "centerline",
        "roadId": "road-4-1",
        "widthM": 0.16,
        "dashM": 4,
        "gapM": 8,
        "sourceRefs": [
          "osm",
          "amap",
          "nanjing-official"
        ],
        "confidence": "estimated"
      }
    },
    {
      "type": "Feature",
      "id": "road-4-2-sidewalk-left",
      "geometry": {
        "type": "LineString",
        "coordinates": [
          [
            118.697166,
            32.032164
          ],
          [
            118.698692,
            32.034165
          ]
        ]
      },
      "properties": {
        "id": "road-4-2-sidewalk-left",
        "kind": "sidewalk",
        "roadId": "road-4-2",
        "side": "left",
        "widthM": 1.8,
        "offsetM": 9.15,
        "sourceRefs": [
          "osm",
          "amap",
          "nanjing-official"
        ],
        "confidence": "estimated"
      }
    },
    {
      "type": "Feature",
      "id": "road-4-2-sidewalk-right",
      "geometry": {
        "type": "LineString",
        "coordinates": [
          [
            118.697166,
            32.032164
          ],
          [
            118.698692,
            32.034165
          ]
        ]
      },
      "properties": {
        "id": "road-4-2-sidewalk-right",
        "kind": "sidewalk",
        "roadId": "road-4-2",
        "side": "right",
        "widthM": 1.8,
        "offsetM": 9.15,
        "sourceRefs": [
          "osm",
          "amap",
          "baidu-route-reference"
        ],
        "confidence": "estimated"
      }
    },
    {
      "type": "Feature",
      "id": "road-4-2-center-marking",
      "geometry": {
        "type": "LineString",
        "coordinates": [
          [
            118.697166,
            32.032164
          ],
          [
            118.698692,
            32.034165
          ]
        ]
      },
      "properties": {
        "id": "road-4-2-center-marking",
        "kind": "centerline",
        "roadId": "road-4-2",
        "widthM": 0.16,
        "dashM": 4,
        "gapM": 8,
        "sourceRefs": [
          "osm",
          "amap",
          "nanjing-official"
        ],
        "confidence": "estimated"
      }
    },
    {
      "type": "Feature",
      "id": "road-4-3-sidewalk-left",
      "geometry": {
        "type": "LineString",
        "coordinates": [
          [
            118.701421,
            32.037656
          ],
          [
            118.702202,
            32.038661
          ],
          [
            118.703184,
            32.040371
          ],
          [
            118.71327,
            32.054339
          ],
          [
            118.715769,
            32.058075
          ]
        ]
      },
      "properties": {
        "id": "road-4-3-sidewalk-left",
        "kind": "sidewalk",
        "roadId": "road-4-3",
        "side": "left",
        "widthM": 1.8,
        "offsetM": 9.15,
        "sourceRefs": [
          "osm",
          "amap",
          "nanjing-official"
        ],
        "confidence": "estimated"
      }
    },
    {
      "type": "Feature",
      "id": "road-4-3-sidewalk-right",
      "geometry": {
        "type": "LineString",
        "coordinates": [
          [
            118.701421,
            32.037656
          ],
          [
            118.702202,
            32.038661
          ],
          [
            118.703184,
            32.040371
          ],
          [
            118.71327,
            32.054339
          ],
          [
            118.715769,
            32.058075
          ]
        ]
      },
      "properties": {
        "id": "road-4-3-sidewalk-right",
        "kind": "sidewalk",
        "roadId": "road-4-3",
        "side": "right",
        "widthM": 1.8,
        "offsetM": 9.15,
        "sourceRefs": [
          "osm",
          "amap",
          "baidu-route-reference"
        ],
        "confidence": "estimated"
      }
    },
    {
      "type": "Feature",
      "id": "road-4-3-center-marking",
      "geometry": {
        "type": "LineString",
        "coordinates": [
          [
            118.701421,
            32.037656
          ],
          [
            118.702202,
            32.038661
          ],
          [
            118.703184,
            32.040371
          ],
          [
            118.71327,
            32.054339
          ],
          [
            118.715769,
            32.058075
          ]
        ]
      },
      "properties": {
        "id": "road-4-3-center-marking",
        "kind": "centerline",
        "roadId": "road-4-3",
        "widthM": 0.16,
        "dashM": 4,
        "gapM": 8,
        "sourceRefs": [
          "osm",
          "amap",
          "nanjing-official"
        ],
        "confidence": "estimated"
      }
    },
    {
      "type": "Feature",
      "id": "road-4-4-sidewalk-left",
      "geometry": {
        "type": "LineString",
        "coordinates": [
          [
            118.698499,
            32.034169
          ],
          [
            118.697828,
            32.033318
          ]
        ]
      },
      "properties": {
        "id": "road-4-4-sidewalk-left",
        "kind": "sidewalk",
        "roadId": "road-4-4",
        "side": "left",
        "widthM": 1.8,
        "offsetM": 9.15,
        "sourceRefs": [
          "osm",
          "amap",
          "nanjing-official"
        ],
        "confidence": "estimated"
      }
    },
    {
      "type": "Feature",
      "id": "road-4-4-sidewalk-right",
      "geometry": {
        "type": "LineString",
        "coordinates": [
          [
            118.698499,
            32.034169
          ],
          [
            118.697828,
            32.033318
          ]
        ]
      },
      "properties": {
        "id": "road-4-4-sidewalk-right",
        "kind": "sidewalk",
        "roadId": "road-4-4",
        "side": "right",
        "widthM": 1.8,
        "offsetM": 9.15,
        "sourceRefs": [
          "osm",
          "amap",
          "baidu-route-reference"
        ],
        "confidence": "estimated"
      }
    },
    {
      "type": "Feature",
      "id": "road-4-4-center-marking",
      "geometry": {
        "type": "LineString",
        "coordinates": [
          [
            118.698499,
            32.034169
          ],
          [
            118.697828,
            32.033318
          ]
        ]
      },
      "properties": {
        "id": "road-4-4-center-marking",
        "kind": "centerline",
        "roadId": "road-4-4",
        "widthM": 0.16,
        "dashM": 4,
        "gapM": 8,
        "sourceRefs": [
          "osm",
          "amap",
          "nanjing-official"
        ],
        "confidence": "estimated"
      }
    },
    {
      "type": "Feature",
      "id": "road-4-5-sidewalk-left",
      "geometry": {
        "type": "LineString",
        "coordinates": [
          [
            118.69403,
            32.028115
          ],
          [
            118.697166,
            32.032164
          ]
        ]
      },
      "properties": {
        "id": "road-4-5-sidewalk-left",
        "kind": "sidewalk",
        "roadId": "road-4-5",
        "side": "left",
        "widthM": 1.8,
        "offsetM": 9.15,
        "sourceRefs": [
          "osm",
          "amap",
          "nanjing-official"
        ],
        "confidence": "estimated"
      }
    },
    {
      "type": "Feature",
      "id": "road-4-5-sidewalk-right",
      "geometry": {
        "type": "LineString",
        "coordinates": [
          [
            118.69403,
            32.028115
          ],
          [
            118.697166,
            32.032164
          ]
        ]
      },
      "properties": {
        "id": "road-4-5-sidewalk-right",
        "kind": "sidewalk",
        "roadId": "road-4-5",
        "side": "right",
        "widthM": 1.8,
        "offsetM": 9.15,
        "sourceRefs": [
          "osm",
          "amap",
          "baidu-route-reference"
        ],
        "confidence": "estimated"
      }
    },
    {
      "type": "Feature",
      "id": "road-4-5-center-marking",
      "geometry": {
        "type": "LineString",
        "coordinates": [
          [
            118.69403,
            32.028115
          ],
          [
            118.697166,
            32.032164
          ]
        ]
      },
      "properties": {
        "id": "road-4-5-center-marking",
        "kind": "centerline",
        "roadId": "road-4-5",
        "widthM": 0.16,
        "dashM": 4,
        "gapM": 8,
        "sourceRefs": [
          "osm",
          "amap",
          "nanjing-official"
        ],
        "confidence": "estimated"
      }
    },
    {
      "type": "Feature",
      "id": "road-4-6-sidewalk-left",
      "geometry": {
        "type": "LineString",
        "coordinates": [
          [
            118.697828,
            32.033318
          ],
          [
            118.693866,
            32.028234
          ]
        ]
      },
      "properties": {
        "id": "road-4-6-sidewalk-left",
        "kind": "sidewalk",
        "roadId": "road-4-6",
        "side": "left",
        "widthM": 1.8,
        "offsetM": 9.15,
        "sourceRefs": [
          "osm",
          "amap",
          "nanjing-official"
        ],
        "confidence": "estimated"
      }
    },
    {
      "type": "Feature",
      "id": "road-4-6-sidewalk-right",
      "geometry": {
        "type": "LineString",
        "coordinates": [
          [
            118.697828,
            32.033318
          ],
          [
            118.693866,
            32.028234
          ]
        ]
      },
      "properties": {
        "id": "road-4-6-sidewalk-right",
        "kind": "sidewalk",
        "roadId": "road-4-6",
        "side": "right",
        "widthM": 1.8,
        "offsetM": 9.15,
        "sourceRefs": [
          "osm",
          "amap",
          "baidu-route-reference"
        ],
        "confidence": "estimated"
      }
    },
    {
      "type": "Feature",
      "id": "road-4-6-center-marking",
      "geometry": {
        "type": "LineString",
        "coordinates": [
          [
            118.697828,
            32.033318
          ],
          [
            118.693866,
            32.028234
          ]
        ]
      },
      "properties": {
        "id": "road-4-6-center-marking",
        "kind": "centerline",
        "roadId": "road-4-6",
        "widthM": 0.16,
        "dashM": 4,
        "gapM": 8,
        "sourceRefs": [
          "osm",
          "amap",
          "nanjing-official"
        ],
        "confidence": "estimated"
      }
    },
    {
      "type": "Feature",
      "id": "road-4-7-sidewalk-left",
      "geometry": {
        "type": "LineString",
        "coordinates": [
          [
            118.690877,
            32.006371
          ],
          [
            118.685074,
            32.000486
          ],
          [
            118.679336,
            31.995659
          ]
        ]
      },
      "properties": {
        "id": "road-4-7-sidewalk-left",
        "kind": "sidewalk",
        "roadId": "road-4-7",
        "side": "left",
        "widthM": 1.8,
        "offsetM": 9.15,
        "sourceRefs": [
          "osm",
          "amap",
          "nanjing-official"
        ],
        "confidence": "estimated"
      }
    },
    {
      "type": "Feature",
      "id": "road-4-7-sidewalk-right",
      "geometry": {
        "type": "LineString",
        "coordinates": [
          [
            118.690877,
            32.006371
          ],
          [
            118.685074,
            32.000486
          ],
          [
            118.679336,
            31.995659
          ]
        ]
      },
      "properties": {
        "id": "road-4-7-sidewalk-right",
        "kind": "sidewalk",
        "roadId": "road-4-7",
        "side": "right",
        "widthM": 1.8,
        "offsetM": 9.15,
        "sourceRefs": [
          "osm",
          "amap",
          "baidu-route-reference"
        ],
        "confidence": "estimated"
      }
    },
    {
      "type": "Feature",
      "id": "road-4-7-center-marking",
      "geometry": {
        "type": "LineString",
        "coordinates": [
          [
            118.690877,
            32.006371
          ],
          [
            118.685074,
            32.000486
          ],
          [
            118.679336,
            31.995659
          ]
        ]
      },
      "properties": {
        "id": "road-4-7-center-marking",
        "kind": "centerline",
        "roadId": "road-4-7",
        "widthM": 0.16,
        "dashM": 4,
        "gapM": 8,
        "sourceRefs": [
          "osm",
          "amap",
          "nanjing-official"
        ],
        "confidence": "estimated"
      }
    },
    {
      "type": "Feature",
      "id": "road-4-8-sidewalk-left",
      "geometry": {
        "type": "LineString",
        "coordinates": [
          [
            118.679414,
            31.995523
          ],
          [
            118.685418,
            32.000556
          ],
          [
            118.69104,
            32.006281
          ]
        ]
      },
      "properties": {
        "id": "road-4-8-sidewalk-left",
        "kind": "sidewalk",
        "roadId": "road-4-8",
        "side": "left",
        "widthM": 1.8,
        "offsetM": 9.15,
        "sourceRefs": [
          "osm",
          "amap",
          "nanjing-official"
        ],
        "confidence": "estimated"
      }
    },
    {
      "type": "Feature",
      "id": "road-4-8-sidewalk-right",
      "geometry": {
        "type": "LineString",
        "coordinates": [
          [
            118.679414,
            31.995523
          ],
          [
            118.685418,
            32.000556
          ],
          [
            118.69104,
            32.006281
          ]
        ]
      },
      "properties": {
        "id": "road-4-8-sidewalk-right",
        "kind": "sidewalk",
        "roadId": "road-4-8",
        "side": "right",
        "widthM": 1.8,
        "offsetM": 9.15,
        "sourceRefs": [
          "osm",
          "amap",
          "baidu-route-reference"
        ],
        "confidence": "estimated"
      }
    },
    {
      "type": "Feature",
      "id": "road-4-8-center-marking",
      "geometry": {
        "type": "LineString",
        "coordinates": [
          [
            118.679414,
            31.995523
          ],
          [
            118.685418,
            32.000556
          ],
          [
            118.69104,
            32.006281
          ]
        ]
      },
      "properties": {
        "id": "road-4-8-center-marking",
        "kind": "centerline",
        "roadId": "road-4-8",
        "widthM": 0.16,
        "dashM": 4,
        "gapM": 8,
        "sourceRefs": [
          "osm",
          "amap",
          "nanjing-official"
        ],
        "confidence": "estimated"
      }
    },
    {
      "type": "Feature",
      "id": "road-4-9-sidewalk-left",
      "geometry": {
        "type": "LineString",
        "coordinates": [
          [
            118.715636,
            32.058182
          ],
          [
            118.712481,
            32.053505
          ],
          [
            118.703044,
            32.040449
          ],
          [
            118.701998,
            32.0387
          ],
          [
            118.701268,
            32.037757
          ]
        ]
      },
      "properties": {
        "id": "road-4-9-sidewalk-left",
        "kind": "sidewalk",
        "roadId": "road-4-9",
        "side": "left",
        "widthM": 1.8,
        "offsetM": 9.15,
        "sourceRefs": [
          "osm",
          "amap",
          "nanjing-official"
        ],
        "confidence": "estimated"
      }
    },
    {
      "type": "Feature",
      "id": "road-4-9-sidewalk-right",
      "geometry": {
        "type": "LineString",
        "coordinates": [
          [
            118.715636,
            32.058182
          ],
          [
            118.712481,
            32.053505
          ],
          [
            118.703044,
            32.040449
          ],
          [
            118.701998,
            32.0387
          ],
          [
            118.701268,
            32.037757
          ]
        ]
      },
      "properties": {
        "id": "road-4-9-sidewalk-right",
        "kind": "sidewalk",
        "roadId": "road-4-9",
        "side": "right",
        "widthM": 1.8,
        "offsetM": 9.15,
        "sourceRefs": [
          "osm",
          "amap",
          "baidu-route-reference"
        ],
        "confidence": "estimated"
      }
    },
    {
      "type": "Feature",
      "id": "road-4-9-center-marking",
      "geometry": {
        "type": "LineString",
        "coordinates": [
          [
            118.715636,
            32.058182
          ],
          [
            118.712481,
            32.053505
          ],
          [
            118.703044,
            32.040449
          ],
          [
            118.701998,
            32.0387
          ],
          [
            118.701268,
            32.037757
          ]
        ]
      },
      "properties": {
        "id": "road-4-9-center-marking",
        "kind": "centerline",
        "roadId": "road-4-9",
        "widthM": 0.16,
        "dashM": 4,
        "gapM": 8,
        "sourceRefs": [
          "osm",
          "amap",
          "nanjing-official"
        ],
        "confidence": "estimated"
      }
    },
    {
      "type": "Feature",
      "id": "road-4-10-sidewalk-left",
      "geometry": {
        "type": "LineString",
        "coordinates": [
          [
            118.691163,
            32.024029
          ],
          [
            118.691123,
            32.023628
          ]
        ]
      },
      "properties": {
        "id": "road-4-10-sidewalk-left",
        "kind": "sidewalk",
        "roadId": "road-4-10",
        "side": "left",
        "widthM": 1.8,
        "offsetM": 9.15,
        "sourceRefs": [
          "osm",
          "amap",
          "nanjing-official"
        ],
        "confidence": "estimated"
      }
    },
    {
      "type": "Feature",
      "id": "road-4-10-sidewalk-right",
      "geometry": {
        "type": "LineString",
        "coordinates": [
          [
            118.691163,
            32.024029
          ],
          [
            118.691123,
            32.023628
          ]
        ]
      },
      "properties": {
        "id": "road-4-10-sidewalk-right",
        "kind": "sidewalk",
        "roadId": "road-4-10",
        "side": "right",
        "widthM": 1.8,
        "offsetM": 9.15,
        "sourceRefs": [
          "osm",
          "amap",
          "baidu-route-reference"
        ],
        "confidence": "estimated"
      }
    },
    {
      "type": "Feature",
      "id": "road-4-10-center-marking",
      "geometry": {
        "type": "LineString",
        "coordinates": [
          [
            118.691163,
            32.024029
          ],
          [
            118.691123,
            32.023628
          ]
        ]
      },
      "properties": {
        "id": "road-4-10-center-marking",
        "kind": "centerline",
        "roadId": "road-4-10",
        "widthM": 0.16,
        "dashM": 4,
        "gapM": 8,
        "sourceRefs": [
          "osm",
          "amap",
          "nanjing-official"
        ],
        "confidence": "estimated"
      }
    },
    {
      "type": "Feature",
      "id": "road-4-11-sidewalk-left",
      "geometry": {
        "type": "LineString",
        "coordinates": [
          [
            118.691123,
            32.023628
          ],
          [
            118.691152,
            32.023173
          ]
        ]
      },
      "properties": {
        "id": "road-4-11-sidewalk-left",
        "kind": "sidewalk",
        "roadId": "road-4-11",
        "side": "left",
        "widthM": 1.8,
        "offsetM": 9.15,
        "sourceRefs": [
          "osm",
          "amap",
          "nanjing-official"
        ],
        "confidence": "estimated"
      }
    },
    {
      "type": "Feature",
      "id": "road-4-11-sidewalk-right",
      "geometry": {
        "type": "LineString",
        "coordinates": [
          [
            118.691123,
            32.023628
          ],
          [
            118.691152,
            32.023173
          ]
        ]
      },
      "properties": {
        "id": "road-4-11-sidewalk-right",
        "kind": "sidewalk",
        "roadId": "road-4-11",
        "side": "right",
        "widthM": 1.8,
        "offsetM": 9.15,
        "sourceRefs": [
          "osm",
          "amap",
          "baidu-route-reference"
        ],
        "confidence": "estimated"
      }
    },
    {
      "type": "Feature",
      "id": "road-4-11-center-marking",
      "geometry": {
        "type": "LineString",
        "coordinates": [
          [
            118.691123,
            32.023628
          ],
          [
            118.691152,
            32.023173
          ]
        ]
      },
      "properties": {
        "id": "road-4-11-center-marking",
        "kind": "centerline",
        "roadId": "road-4-11",
        "widthM": 0.16,
        "dashM": 4,
        "gapM": 8,
        "sourceRefs": [
          "osm",
          "amap",
          "nanjing-official"
        ],
        "confidence": "estimated"
      }
    },
    {
      "type": "Feature",
      "id": "road-4-12-sidewalk-left",
      "geometry": {
        "type": "LineString",
        "coordinates": [
          [
            118.691314,
            32.023501
          ],
          [
            118.691401,
            32.024372
          ],
          [
            118.691669,
            32.025048
          ],
          [
            118.693845,
            32.027878
          ]
        ]
      },
      "properties": {
        "id": "road-4-12-sidewalk-left",
        "kind": "sidewalk",
        "roadId": "road-4-12",
        "side": "left",
        "widthM": 1.8,
        "offsetM": 9.15,
        "sourceRefs": [
          "osm",
          "amap",
          "nanjing-official"
        ],
        "confidence": "estimated"
      }
    },
    {
      "type": "Feature",
      "id": "road-4-12-sidewalk-right",
      "geometry": {
        "type": "LineString",
        "coordinates": [
          [
            118.691314,
            32.023501
          ],
          [
            118.691401,
            32.024372
          ],
          [
            118.691669,
            32.025048
          ],
          [
            118.693845,
            32.027878
          ]
        ]
      },
      "properties": {
        "id": "road-4-12-sidewalk-right",
        "kind": "sidewalk",
        "roadId": "road-4-12",
        "side": "right",
        "widthM": 1.8,
        "offsetM": 9.15,
        "sourceRefs": [
          "osm",
          "amap",
          "baidu-route-reference"
        ],
        "confidence": "estimated"
      }
    },
    {
      "type": "Feature",
      "id": "road-4-12-center-marking",
      "geometry": {
        "type": "LineString",
        "coordinates": [
          [
            118.691314,
            32.023501
          ],
          [
            118.691401,
            32.024372
          ],
          [
            118.691669,
            32.025048
          ],
          [
            118.693845,
            32.027878
          ]
        ]
      },
      "properties": {
        "id": "road-4-12-center-marking",
        "kind": "centerline",
        "roadId": "road-4-12",
        "widthM": 0.16,
        "dashM": 4,
        "gapM": 8,
        "sourceRefs": [
          "osm",
          "amap",
          "nanjing-official"
        ],
        "confidence": "estimated"
      }
    },
    {
      "type": "Feature",
      "id": "road-4-13-sidewalk-left",
      "geometry": {
        "type": "LineString",
        "coordinates": [
          [
            118.691367,
            32.023028
          ],
          [
            118.691314,
            32.023501
          ]
        ]
      },
      "properties": {
        "id": "road-4-13-sidewalk-left",
        "kind": "sidewalk",
        "roadId": "road-4-13",
        "side": "left",
        "widthM": 1.8,
        "offsetM": 9.15,
        "sourceRefs": [
          "osm",
          "amap",
          "nanjing-official"
        ],
        "confidence": "estimated"
      }
    },
    {
      "type": "Feature",
      "id": "road-4-13-sidewalk-right",
      "geometry": {
        "type": "LineString",
        "coordinates": [
          [
            118.691367,
            32.023028
          ],
          [
            118.691314,
            32.023501
          ]
        ]
      },
      "properties": {
        "id": "road-4-13-sidewalk-right",
        "kind": "sidewalk",
        "roadId": "road-4-13",
        "side": "right",
        "widthM": 1.8,
        "offsetM": 9.15,
        "sourceRefs": [
          "osm",
          "amap",
          "baidu-route-reference"
        ],
        "confidence": "estimated"
      }
    },
    {
      "type": "Feature",
      "id": "road-4-13-center-marking",
      "geometry": {
        "type": "LineString",
        "coordinates": [
          [
            118.691367,
            32.023028
          ],
          [
            118.691314,
            32.023501
          ]
        ]
      },
      "properties": {
        "id": "road-4-13-center-marking",
        "kind": "centerline",
        "roadId": "road-4-13",
        "widthM": 0.16,
        "dashM": 4,
        "gapM": 8,
        "sourceRefs": [
          "osm",
          "amap",
          "nanjing-official"
        ],
        "confidence": "estimated"
      }
    },
    {
      "type": "Feature",
      "id": "road-4-14-sidewalk-left",
      "geometry": {
        "type": "LineString",
        "coordinates": [
          [
            118.691283,
            32.022644
          ],
          [
            118.692086,
            32.020399
          ]
        ]
      },
      "properties": {
        "id": "road-4-14-sidewalk-left",
        "kind": "sidewalk",
        "roadId": "road-4-14",
        "side": "left",
        "widthM": 1.8,
        "offsetM": 9.15,
        "sourceRefs": [
          "osm",
          "amap",
          "nanjing-official"
        ],
        "confidence": "estimated"
      }
    },
    {
      "type": "Feature",
      "id": "road-4-14-sidewalk-right",
      "geometry": {
        "type": "LineString",
        "coordinates": [
          [
            118.691283,
            32.022644
          ],
          [
            118.692086,
            32.020399
          ]
        ]
      },
      "properties": {
        "id": "road-4-14-sidewalk-right",
        "kind": "sidewalk",
        "roadId": "road-4-14",
        "side": "right",
        "widthM": 1.8,
        "offsetM": 9.15,
        "sourceRefs": [
          "osm",
          "amap",
          "baidu-route-reference"
        ],
        "confidence": "estimated"
      }
    },
    {
      "type": "Feature",
      "id": "road-4-14-center-marking",
      "geometry": {
        "type": "LineString",
        "coordinates": [
          [
            118.691283,
            32.022644
          ],
          [
            118.692086,
            32.020399
          ]
        ]
      },
      "properties": {
        "id": "road-4-14-center-marking",
        "kind": "centerline",
        "roadId": "road-4-14",
        "widthM": 0.16,
        "dashM": 4,
        "gapM": 8,
        "sourceRefs": [
          "osm",
          "amap",
          "nanjing-official"
        ],
        "confidence": "estimated"
      }
    },
    {
      "type": "Feature",
      "id": "road-4-15-sidewalk-left",
      "geometry": {
        "type": "LineString",
        "coordinates": [
          [
            118.692086,
            32.020399
          ],
          [
            118.692218,
            32.020012
          ]
        ]
      },
      "properties": {
        "id": "road-4-15-sidewalk-left",
        "kind": "sidewalk",
        "roadId": "road-4-15",
        "side": "left",
        "widthM": 1.8,
        "offsetM": 9.15,
        "sourceRefs": [
          "osm",
          "amap",
          "nanjing-official"
        ],
        "confidence": "estimated"
      }
    },
    {
      "type": "Feature",
      "id": "road-4-15-sidewalk-right",
      "geometry": {
        "type": "LineString",
        "coordinates": [
          [
            118.692086,
            32.020399
          ],
          [
            118.692218,
            32.020012
          ]
        ]
      },
      "properties": {
        "id": "road-4-15-sidewalk-right",
        "kind": "sidewalk",
        "roadId": "road-4-15",
        "side": "right",
        "widthM": 1.8,
        "offsetM": 9.15,
        "sourceRefs": [
          "osm",
          "amap",
          "baidu-route-reference"
        ],
        "confidence": "estimated"
      }
    },
    {
      "type": "Feature",
      "id": "road-4-15-center-marking",
      "geometry": {
        "type": "LineString",
        "coordinates": [
          [
            118.692086,
            32.020399
          ],
          [
            118.692218,
            32.020012
          ]
        ]
      },
      "properties": {
        "id": "road-4-15-center-marking",
        "kind": "centerline",
        "roadId": "road-4-15",
        "widthM": 0.16,
        "dashM": 4,
        "gapM": 8,
        "sourceRefs": [
          "osm",
          "amap",
          "nanjing-official"
        ],
        "confidence": "estimated"
      }
    },
    {
      "type": "Feature",
      "id": "road-4-16-sidewalk-left",
      "geometry": {
        "type": "LineString",
        "coordinates": [
          [
            118.692212,
            32.020517
          ],
          [
            118.691367,
            32.023028
          ]
        ]
      },
      "properties": {
        "id": "road-4-16-sidewalk-left",
        "kind": "sidewalk",
        "roadId": "road-4-16",
        "side": "left",
        "widthM": 1.8,
        "offsetM": 9.15,
        "sourceRefs": [
          "osm",
          "amap",
          "nanjing-official"
        ],
        "confidence": "estimated"
      }
    },
    {
      "type": "Feature",
      "id": "road-4-16-sidewalk-right",
      "geometry": {
        "type": "LineString",
        "coordinates": [
          [
            118.692212,
            32.020517
          ],
          [
            118.691367,
            32.023028
          ]
        ]
      },
      "properties": {
        "id": "road-4-16-sidewalk-right",
        "kind": "sidewalk",
        "roadId": "road-4-16",
        "side": "right",
        "widthM": 1.8,
        "offsetM": 9.15,
        "sourceRefs": [
          "osm",
          "amap",
          "baidu-route-reference"
        ],
        "confidence": "estimated"
      }
    },
    {
      "type": "Feature",
      "id": "road-4-16-center-marking",
      "geometry": {
        "type": "LineString",
        "coordinates": [
          [
            118.692212,
            32.020517
          ],
          [
            118.691367,
            32.023028
          ]
        ]
      },
      "properties": {
        "id": "road-4-16-center-marking",
        "kind": "centerline",
        "roadId": "road-4-16",
        "widthM": 0.16,
        "dashM": 4,
        "gapM": 8,
        "sourceRefs": [
          "osm",
          "amap",
          "nanjing-official"
        ],
        "confidence": "estimated"
      }
    },
    {
      "type": "Feature",
      "id": "road-4-17-sidewalk-left",
      "geometry": {
        "type": "LineString",
        "coordinates": [
          [
            118.692361,
            32.020125
          ],
          [
            118.692212,
            32.020517
          ]
        ]
      },
      "properties": {
        "id": "road-4-17-sidewalk-left",
        "kind": "sidewalk",
        "roadId": "road-4-17",
        "side": "left",
        "widthM": 1.8,
        "offsetM": 9.15,
        "sourceRefs": [
          "osm",
          "amap",
          "nanjing-official"
        ],
        "confidence": "estimated"
      }
    },
    {
      "type": "Feature",
      "id": "road-4-17-sidewalk-right",
      "geometry": {
        "type": "LineString",
        "coordinates": [
          [
            118.692361,
            32.020125
          ],
          [
            118.692212,
            32.020517
          ]
        ]
      },
      "properties": {
        "id": "road-4-17-sidewalk-right",
        "kind": "sidewalk",
        "roadId": "road-4-17",
        "side": "right",
        "widthM": 1.8,
        "offsetM": 9.15,
        "sourceRefs": [
          "osm",
          "amap",
          "baidu-route-reference"
        ],
        "confidence": "estimated"
      }
    },
    {
      "type": "Feature",
      "id": "road-4-17-center-marking",
      "geometry": {
        "type": "LineString",
        "coordinates": [
          [
            118.692361,
            32.020125
          ],
          [
            118.692212,
            32.020517
          ]
        ]
      },
      "properties": {
        "id": "road-4-17-center-marking",
        "kind": "centerline",
        "roadId": "road-4-17",
        "widthM": 0.16,
        "dashM": 4,
        "gapM": 8,
        "sourceRefs": [
          "osm",
          "amap",
          "nanjing-official"
        ],
        "confidence": "estimated"
      }
    },
    {
      "type": "Feature",
      "id": "road-4-18-sidewalk-left",
      "geometry": {
        "type": "LineString",
        "coordinates": [
          [
            118.691152,
            32.023173
          ],
          [
            118.691283,
            32.022644
          ]
        ]
      },
      "properties": {
        "id": "road-4-18-sidewalk-left",
        "kind": "sidewalk",
        "roadId": "road-4-18",
        "side": "left",
        "widthM": 1.8,
        "offsetM": 9.15,
        "sourceRefs": [
          "osm",
          "amap",
          "nanjing-official"
        ],
        "confidence": "estimated"
      }
    },
    {
      "type": "Feature",
      "id": "road-4-18-sidewalk-right",
      "geometry": {
        "type": "LineString",
        "coordinates": [
          [
            118.691152,
            32.023173
          ],
          [
            118.691283,
            32.022644
          ]
        ]
      },
      "properties": {
        "id": "road-4-18-sidewalk-right",
        "kind": "sidewalk",
        "roadId": "road-4-18",
        "side": "right",
        "widthM": 1.8,
        "offsetM": 9.15,
        "sourceRefs": [
          "osm",
          "amap",
          "baidu-route-reference"
        ],
        "confidence": "estimated"
      }
    },
    {
      "type": "Feature",
      "id": "road-4-18-center-marking",
      "geometry": {
        "type": "LineString",
        "coordinates": [
          [
            118.691152,
            32.023173
          ],
          [
            118.691283,
            32.022644
          ]
        ]
      },
      "properties": {
        "id": "road-4-18-center-marking",
        "kind": "centerline",
        "roadId": "road-4-18",
        "widthM": 0.16,
        "dashM": 4,
        "gapM": 8,
        "sourceRefs": [
          "osm",
          "amap",
          "nanjing-official"
        ],
        "confidence": "estimated"
      }
    },
    {
      "type": "Feature",
      "id": "road-4-19-sidewalk-left",
      "geometry": {
        "type": "LineString",
        "coordinates": [
          [
            118.693845,
            32.027878
          ],
          [
            118.69403,
            32.028115
          ]
        ]
      },
      "properties": {
        "id": "road-4-19-sidewalk-left",
        "kind": "sidewalk",
        "roadId": "road-4-19",
        "side": "left",
        "widthM": 1.8,
        "offsetM": 9.15,
        "sourceRefs": [
          "osm",
          "amap",
          "nanjing-official"
        ],
        "confidence": "estimated"
      }
    },
    {
      "type": "Feature",
      "id": "road-4-19-sidewalk-right",
      "geometry": {
        "type": "LineString",
        "coordinates": [
          [
            118.693845,
            32.027878
          ],
          [
            118.69403,
            32.028115
          ]
        ]
      },
      "properties": {
        "id": "road-4-19-sidewalk-right",
        "kind": "sidewalk",
        "roadId": "road-4-19",
        "side": "right",
        "widthM": 1.8,
        "offsetM": 9.15,
        "sourceRefs": [
          "osm",
          "amap",
          "baidu-route-reference"
        ],
        "confidence": "estimated"
      }
    },
    {
      "type": "Feature",
      "id": "road-4-19-center-marking",
      "geometry": {
        "type": "LineString",
        "coordinates": [
          [
            118.693845,
            32.027878
          ],
          [
            118.69403,
            32.028115
          ]
        ]
      },
      "properties": {
        "id": "road-4-19-center-marking",
        "kind": "centerline",
        "roadId": "road-4-19",
        "widthM": 0.16,
        "dashM": 4,
        "gapM": 8,
        "sourceRefs": [
          "osm",
          "amap",
          "nanjing-official"
        ],
        "confidence": "estimated"
      }
    },
    {
      "type": "Feature",
      "id": "road-4-20-sidewalk-left",
      "geometry": {
        "type": "LineString",
        "coordinates": [
          [
            118.69368,
            32.028
          ],
          [
            118.691645,
            32.025352
          ],
          [
            118.6913,
            32.024644
          ],
          [
            118.691163,
            32.024029
          ]
        ]
      },
      "properties": {
        "id": "road-4-20-sidewalk-left",
        "kind": "sidewalk",
        "roadId": "road-4-20",
        "side": "left",
        "widthM": 1.8,
        "offsetM": 9.15,
        "sourceRefs": [
          "osm",
          "amap",
          "nanjing-official"
        ],
        "confidence": "estimated"
      }
    },
    {
      "type": "Feature",
      "id": "road-4-20-sidewalk-right",
      "geometry": {
        "type": "LineString",
        "coordinates": [
          [
            118.69368,
            32.028
          ],
          [
            118.691645,
            32.025352
          ],
          [
            118.6913,
            32.024644
          ],
          [
            118.691163,
            32.024029
          ]
        ]
      },
      "properties": {
        "id": "road-4-20-sidewalk-right",
        "kind": "sidewalk",
        "roadId": "road-4-20",
        "side": "right",
        "widthM": 1.8,
        "offsetM": 9.15,
        "sourceRefs": [
          "osm",
          "amap",
          "baidu-route-reference"
        ],
        "confidence": "estimated"
      }
    },
    {
      "type": "Feature",
      "id": "road-4-20-center-marking",
      "geometry": {
        "type": "LineString",
        "coordinates": [
          [
            118.69368,
            32.028
          ],
          [
            118.691645,
            32.025352
          ],
          [
            118.6913,
            32.024644
          ],
          [
            118.691163,
            32.024029
          ]
        ]
      },
      "properties": {
        "id": "road-4-20-center-marking",
        "kind": "centerline",
        "roadId": "road-4-20",
        "widthM": 0.16,
        "dashM": 4,
        "gapM": 8,
        "sourceRefs": [
          "osm",
          "amap",
          "nanjing-official"
        ],
        "confidence": "estimated"
      }
    },
    {
      "type": "Feature",
      "id": "road-4-21-sidewalk-left",
      "geometry": {
        "type": "LineString",
        "coordinates": [
          [
            118.693866,
            32.028234
          ],
          [
            118.69368,
            32.028
          ]
        ]
      },
      "properties": {
        "id": "road-4-21-sidewalk-left",
        "kind": "sidewalk",
        "roadId": "road-4-21",
        "side": "left",
        "widthM": 1.8,
        "offsetM": 9.15,
        "sourceRefs": [
          "osm",
          "amap",
          "nanjing-official"
        ],
        "confidence": "estimated"
      }
    },
    {
      "type": "Feature",
      "id": "road-4-21-sidewalk-right",
      "geometry": {
        "type": "LineString",
        "coordinates": [
          [
            118.693866,
            32.028234
          ],
          [
            118.69368,
            32.028
          ]
        ]
      },
      "properties": {
        "id": "road-4-21-sidewalk-right",
        "kind": "sidewalk",
        "roadId": "road-4-21",
        "side": "right",
        "widthM": 1.8,
        "offsetM": 9.15,
        "sourceRefs": [
          "osm",
          "amap",
          "baidu-route-reference"
        ],
        "confidence": "estimated"
      }
    },
    {
      "type": "Feature",
      "id": "road-4-21-center-marking",
      "geometry": {
        "type": "LineString",
        "coordinates": [
          [
            118.693866,
            32.028234
          ],
          [
            118.69368,
            32.028
          ]
        ]
      },
      "properties": {
        "id": "road-4-21-center-marking",
        "kind": "centerline",
        "roadId": "road-4-21",
        "widthM": 0.16,
        "dashM": 4,
        "gapM": 8,
        "sourceRefs": [
          "osm",
          "amap",
          "nanjing-official"
        ],
        "confidence": "estimated"
      }
    },
    {
      "type": "Feature",
      "id": "road-4-22-sidewalk-left",
      "geometry": {
        "type": "LineString",
        "coordinates": [
          [
            118.692218,
            32.020012
          ],
          [
            118.693222,
            32.016841
          ],
          [
            118.693323,
            32.015694
          ],
          [
            118.693242,
            32.014198
          ]
        ]
      },
      "properties": {
        "id": "road-4-22-sidewalk-left",
        "kind": "sidewalk",
        "roadId": "road-4-22",
        "side": "left",
        "widthM": 1.8,
        "offsetM": 9.15,
        "sourceRefs": [
          "osm",
          "amap",
          "nanjing-official"
        ],
        "confidence": "estimated"
      }
    },
    {
      "type": "Feature",
      "id": "road-4-22-sidewalk-right",
      "geometry": {
        "type": "LineString",
        "coordinates": [
          [
            118.692218,
            32.020012
          ],
          [
            118.693222,
            32.016841
          ],
          [
            118.693323,
            32.015694
          ],
          [
            118.693242,
            32.014198
          ]
        ]
      },
      "properties": {
        "id": "road-4-22-sidewalk-right",
        "kind": "sidewalk",
        "roadId": "road-4-22",
        "side": "right",
        "widthM": 1.8,
        "offsetM": 9.15,
        "sourceRefs": [
          "osm",
          "amap",
          "baidu-route-reference"
        ],
        "confidence": "estimated"
      }
    },
    {
      "type": "Feature",
      "id": "road-4-22-center-marking",
      "geometry": {
        "type": "LineString",
        "coordinates": [
          [
            118.692218,
            32.020012
          ],
          [
            118.693222,
            32.016841
          ],
          [
            118.693323,
            32.015694
          ],
          [
            118.693242,
            32.014198
          ]
        ]
      },
      "properties": {
        "id": "road-4-22-center-marking",
        "kind": "centerline",
        "roadId": "road-4-22",
        "widthM": 0.16,
        "dashM": 4,
        "gapM": 8,
        "sourceRefs": [
          "osm",
          "amap",
          "nanjing-official"
        ],
        "confidence": "estimated"
      }
    },
    {
      "type": "Feature",
      "id": "road-4-23-sidewalk-left",
      "geometry": {
        "type": "LineString",
        "coordinates": [
          [
            118.693206,
            32.012106
          ],
          [
            118.693501,
            32.01511
          ],
          [
            118.69346,
            32.016416
          ],
          [
            118.693167,
            32.017847
          ],
          [
            118.692361,
            32.020125
          ]
        ]
      },
      "properties": {
        "id": "road-4-23-sidewalk-left",
        "kind": "sidewalk",
        "roadId": "road-4-23",
        "side": "left",
        "widthM": 1.8,
        "offsetM": 9.15,
        "sourceRefs": [
          "osm",
          "amap",
          "nanjing-official"
        ],
        "confidence": "estimated"
      }
    },
    {
      "type": "Feature",
      "id": "road-4-23-sidewalk-right",
      "geometry": {
        "type": "LineString",
        "coordinates": [
          [
            118.693206,
            32.012106
          ],
          [
            118.693501,
            32.01511
          ],
          [
            118.69346,
            32.016416
          ],
          [
            118.693167,
            32.017847
          ],
          [
            118.692361,
            32.020125
          ]
        ]
      },
      "properties": {
        "id": "road-4-23-sidewalk-right",
        "kind": "sidewalk",
        "roadId": "road-4-23",
        "side": "right",
        "widthM": 1.8,
        "offsetM": 9.15,
        "sourceRefs": [
          "osm",
          "amap",
          "baidu-route-reference"
        ],
        "confidence": "estimated"
      }
    },
    {
      "type": "Feature",
      "id": "road-4-23-center-marking",
      "geometry": {
        "type": "LineString",
        "coordinates": [
          [
            118.693206,
            32.012106
          ],
          [
            118.693501,
            32.01511
          ],
          [
            118.69346,
            32.016416
          ],
          [
            118.693167,
            32.017847
          ],
          [
            118.692361,
            32.020125
          ]
        ]
      },
      "properties": {
        "id": "road-4-23-center-marking",
        "kind": "centerline",
        "roadId": "road-4-23",
        "widthM": 0.16,
        "dashM": 4,
        "gapM": 8,
        "sourceRefs": [
          "osm",
          "amap",
          "nanjing-official"
        ],
        "confidence": "estimated"
      }
    },
    {
      "type": "Feature",
      "id": "road-4-24-sidewalk-left",
      "geometry": {
        "type": "LineString",
        "coordinates": [
          [
            118.693242,
            32.014198
          ],
          [
            118.692633,
            32.008713
          ],
          [
            118.692207,
            32.007835
          ],
          [
            118.690877,
            32.006371
          ]
        ]
      },
      "properties": {
        "id": "road-4-24-sidewalk-left",
        "kind": "sidewalk",
        "roadId": "road-4-24",
        "side": "left",
        "widthM": 1.8,
        "offsetM": 9.15,
        "sourceRefs": [
          "osm",
          "amap",
          "nanjing-official"
        ],
        "confidence": "estimated"
      }
    },
    {
      "type": "Feature",
      "id": "road-4-24-sidewalk-right",
      "geometry": {
        "type": "LineString",
        "coordinates": [
          [
            118.693242,
            32.014198
          ],
          [
            118.692633,
            32.008713
          ],
          [
            118.692207,
            32.007835
          ],
          [
            118.690877,
            32.006371
          ]
        ]
      },
      "properties": {
        "id": "road-4-24-sidewalk-right",
        "kind": "sidewalk",
        "roadId": "road-4-24",
        "side": "right",
        "widthM": 1.8,
        "offsetM": 9.15,
        "sourceRefs": [
          "osm",
          "amap",
          "baidu-route-reference"
        ],
        "confidence": "estimated"
      }
    },
    {
      "type": "Feature",
      "id": "road-4-24-center-marking",
      "geometry": {
        "type": "LineString",
        "coordinates": [
          [
            118.693242,
            32.014198
          ],
          [
            118.692633,
            32.008713
          ],
          [
            118.692207,
            32.007835
          ],
          [
            118.690877,
            32.006371
          ]
        ]
      },
      "properties": {
        "id": "road-4-24-center-marking",
        "kind": "centerline",
        "roadId": "road-4-24",
        "widthM": 0.16,
        "dashM": 4,
        "gapM": 8,
        "sourceRefs": [
          "osm",
          "amap",
          "nanjing-official"
        ],
        "confidence": "estimated"
      }
    },
    {
      "type": "Feature",
      "id": "road-4-25-sidewalk-left",
      "geometry": {
        "type": "LineString",
        "coordinates": [
          [
            118.69104,
            32.006281
          ],
          [
            118.692038,
            32.007366
          ],
          [
            118.692652,
            32.008328
          ],
          [
            118.692832,
            32.008927
          ],
          [
            118.693107,
            32.011082
          ]
        ]
      },
      "properties": {
        "id": "road-4-25-sidewalk-left",
        "kind": "sidewalk",
        "roadId": "road-4-25",
        "side": "left",
        "widthM": 1.8,
        "offsetM": 9.15,
        "sourceRefs": [
          "osm",
          "amap",
          "nanjing-official"
        ],
        "confidence": "estimated"
      }
    },
    {
      "type": "Feature",
      "id": "road-4-25-sidewalk-right",
      "geometry": {
        "type": "LineString",
        "coordinates": [
          [
            118.69104,
            32.006281
          ],
          [
            118.692038,
            32.007366
          ],
          [
            118.692652,
            32.008328
          ],
          [
            118.692832,
            32.008927
          ],
          [
            118.693107,
            32.011082
          ]
        ]
      },
      "properties": {
        "id": "road-4-25-sidewalk-right",
        "kind": "sidewalk",
        "roadId": "road-4-25",
        "side": "right",
        "widthM": 1.8,
        "offsetM": 9.15,
        "sourceRefs": [
          "osm",
          "amap",
          "baidu-route-reference"
        ],
        "confidence": "estimated"
      }
    },
    {
      "type": "Feature",
      "id": "road-4-25-center-marking",
      "geometry": {
        "type": "LineString",
        "coordinates": [
          [
            118.69104,
            32.006281
          ],
          [
            118.692038,
            32.007366
          ],
          [
            118.692652,
            32.008328
          ],
          [
            118.692832,
            32.008927
          ],
          [
            118.693107,
            32.011082
          ]
        ]
      },
      "properties": {
        "id": "road-4-25-center-marking",
        "kind": "centerline",
        "roadId": "road-4-25",
        "widthM": 0.16,
        "dashM": 4,
        "gapM": 8,
        "sourceRefs": [
          "osm",
          "amap",
          "nanjing-official"
        ],
        "confidence": "estimated"
      }
    },
    {
      "type": "Feature",
      "id": "road-4-26-sidewalk-left",
      "geometry": {
        "type": "LineString",
        "coordinates": [
          [
            118.698692,
            32.034165
          ],
          [
            118.69894,
            32.034532
          ]
        ]
      },
      "properties": {
        "id": "road-4-26-sidewalk-left",
        "kind": "sidewalk",
        "roadId": "road-4-26",
        "side": "left",
        "widthM": 1.8,
        "offsetM": 9.15,
        "sourceRefs": [
          "osm",
          "amap",
          "nanjing-official"
        ],
        "confidence": "estimated"
      }
    },
    {
      "type": "Feature",
      "id": "road-4-26-sidewalk-right",
      "geometry": {
        "type": "LineString",
        "coordinates": [
          [
            118.698692,
            32.034165
          ],
          [
            118.69894,
            32.034532
          ]
        ]
      },
      "properties": {
        "id": "road-4-26-sidewalk-right",
        "kind": "sidewalk",
        "roadId": "road-4-26",
        "side": "right",
        "widthM": 1.8,
        "offsetM": 9.15,
        "sourceRefs": [
          "osm",
          "amap",
          "baidu-route-reference"
        ],
        "confidence": "estimated"
      }
    },
    {
      "type": "Feature",
      "id": "road-4-26-center-marking",
      "geometry": {
        "type": "LineString",
        "coordinates": [
          [
            118.698692,
            32.034165
          ],
          [
            118.69894,
            32.034532
          ]
        ]
      },
      "properties": {
        "id": "road-4-26-center-marking",
        "kind": "centerline",
        "roadId": "road-4-26",
        "widthM": 0.16,
        "dashM": 4,
        "gapM": 8,
        "sourceRefs": [
          "osm",
          "amap",
          "nanjing-official"
        ],
        "confidence": "estimated"
      }
    },
    {
      "type": "Feature",
      "id": "road-4-27-sidewalk-left",
      "geometry": {
        "type": "LineString",
        "coordinates": [
          [
            118.701163,
            32.037383
          ],
          [
            118.701421,
            32.037656
          ]
        ]
      },
      "properties": {
        "id": "road-4-27-sidewalk-left",
        "kind": "sidewalk",
        "roadId": "road-4-27",
        "side": "left",
        "widthM": 1.8,
        "offsetM": 9.15,
        "sourceRefs": [
          "osm",
          "amap",
          "nanjing-official"
        ],
        "confidence": "estimated"
      }
    },
    {
      "type": "Feature",
      "id": "road-4-27-sidewalk-right",
      "geometry": {
        "type": "LineString",
        "coordinates": [
          [
            118.701163,
            32.037383
          ],
          [
            118.701421,
            32.037656
          ]
        ]
      },
      "properties": {
        "id": "road-4-27-sidewalk-right",
        "kind": "sidewalk",
        "roadId": "road-4-27",
        "side": "right",
        "widthM": 1.8,
        "offsetM": 9.15,
        "sourceRefs": [
          "osm",
          "amap",
          "baidu-route-reference"
        ],
        "confidence": "estimated"
      }
    },
    {
      "type": "Feature",
      "id": "road-4-27-center-marking",
      "geometry": {
        "type": "LineString",
        "coordinates": [
          [
            118.701163,
            32.037383
          ],
          [
            118.701421,
            32.037656
          ]
        ]
      },
      "properties": {
        "id": "road-4-27-center-marking",
        "kind": "centerline",
        "roadId": "road-4-27",
        "widthM": 0.16,
        "dashM": 4,
        "gapM": 8,
        "sourceRefs": [
          "osm",
          "amap",
          "nanjing-official"
        ],
        "confidence": "estimated"
      }
    },
    {
      "type": "Feature",
      "id": "road-4-28-sidewalk-left",
      "geometry": {
        "type": "LineString",
        "coordinates": [
          [
            118.693107,
            32.011082
          ],
          [
            118.693206,
            32.012106
          ]
        ]
      },
      "properties": {
        "id": "road-4-28-sidewalk-left",
        "kind": "sidewalk",
        "roadId": "road-4-28",
        "side": "left",
        "widthM": 1.8,
        "offsetM": 9.15,
        "sourceRefs": [
          "osm",
          "amap",
          "nanjing-official"
        ],
        "confidence": "estimated"
      }
    },
    {
      "type": "Feature",
      "id": "road-4-28-sidewalk-right",
      "geometry": {
        "type": "LineString",
        "coordinates": [
          [
            118.693107,
            32.011082
          ],
          [
            118.693206,
            32.012106
          ]
        ]
      },
      "properties": {
        "id": "road-4-28-sidewalk-right",
        "kind": "sidewalk",
        "roadId": "road-4-28",
        "side": "right",
        "widthM": 1.8,
        "offsetM": 9.15,
        "sourceRefs": [
          "osm",
          "amap",
          "baidu-route-reference"
        ],
        "confidence": "estimated"
      }
    },
    {
      "type": "Feature",
      "id": "road-4-28-center-marking",
      "geometry": {
        "type": "LineString",
        "coordinates": [
          [
            118.693107,
            32.011082
          ],
          [
            118.693206,
            32.012106
          ]
        ]
      },
      "properties": {
        "id": "road-4-28-center-marking",
        "kind": "centerline",
        "roadId": "road-4-28",
        "widthM": 0.16,
        "dashM": 4,
        "gapM": 8,
        "sourceRefs": [
          "osm",
          "amap",
          "nanjing-official"
        ],
        "confidence": "estimated"
      }
    },
    {
      "type": "Feature",
      "id": "road-4-29-sidewalk-left",
      "geometry": {
        "type": "LineString",
        "coordinates": [
          [
            118.676304,
            31.992958
          ],
          [
            118.679219,
            31.995352
          ]
        ]
      },
      "properties": {
        "id": "road-4-29-sidewalk-left",
        "kind": "sidewalk",
        "roadId": "road-4-29",
        "side": "left",
        "widthM": 1.8,
        "offsetM": 9.15,
        "sourceRefs": [
          "osm",
          "amap",
          "nanjing-official"
        ],
        "confidence": "estimated"
      }
    },
    {
      "type": "Feature",
      "id": "road-4-29-sidewalk-right",
      "geometry": {
        "type": "LineString",
        "coordinates": [
          [
            118.676304,
            31.992958
          ],
          [
            118.679219,
            31.995352
          ]
        ]
      },
      "properties": {
        "id": "road-4-29-sidewalk-right",
        "kind": "sidewalk",
        "roadId": "road-4-29",
        "side": "right",
        "widthM": 1.8,
        "offsetM": 9.15,
        "sourceRefs": [
          "osm",
          "amap",
          "baidu-route-reference"
        ],
        "confidence": "estimated"
      }
    },
    {
      "type": "Feature",
      "id": "road-4-29-center-marking",
      "geometry": {
        "type": "LineString",
        "coordinates": [
          [
            118.676304,
            31.992958
          ],
          [
            118.679219,
            31.995352
          ]
        ]
      },
      "properties": {
        "id": "road-4-29-center-marking",
        "kind": "centerline",
        "roadId": "road-4-29",
        "widthM": 0.16,
        "dashM": 4,
        "gapM": 8,
        "sourceRefs": [
          "osm",
          "amap",
          "nanjing-official"
        ],
        "confidence": "estimated"
      }
    },
    {
      "type": "Feature",
      "id": "road-4-30-sidewalk-left",
      "geometry": {
        "type": "LineString",
        "coordinates": [
          [
            118.679219,
            31.995352
          ],
          [
            118.679414,
            31.995523
          ]
        ]
      },
      "properties": {
        "id": "road-4-30-sidewalk-left",
        "kind": "sidewalk",
        "roadId": "road-4-30",
        "side": "left",
        "widthM": 1.8,
        "offsetM": 9.15,
        "sourceRefs": [
          "osm",
          "amap",
          "nanjing-official"
        ],
        "confidence": "estimated"
      }
    },
    {
      "type": "Feature",
      "id": "road-4-30-sidewalk-right",
      "geometry": {
        "type": "LineString",
        "coordinates": [
          [
            118.679219,
            31.995352
          ],
          [
            118.679414,
            31.995523
          ]
        ]
      },
      "properties": {
        "id": "road-4-30-sidewalk-right",
        "kind": "sidewalk",
        "roadId": "road-4-30",
        "side": "right",
        "widthM": 1.8,
        "offsetM": 9.15,
        "sourceRefs": [
          "osm",
          "amap",
          "baidu-route-reference"
        ],
        "confidence": "estimated"
      }
    },
    {
      "type": "Feature",
      "id": "road-4-30-center-marking",
      "geometry": {
        "type": "LineString",
        "coordinates": [
          [
            118.679219,
            31.995352
          ],
          [
            118.679414,
            31.995523
          ]
        ]
      },
      "properties": {
        "id": "road-4-30-center-marking",
        "kind": "centerline",
        "roadId": "road-4-30",
        "widthM": 0.16,
        "dashM": 4,
        "gapM": 8,
        "sourceRefs": [
          "osm",
          "amap",
          "nanjing-official"
        ],
        "confidence": "estimated"
      }
    },
    {
      "type": "Feature",
      "id": "road-4-31-sidewalk-left",
      "geometry": {
        "type": "LineString",
        "coordinates": [
          [
            118.679106,
            31.99547
          ],
          [
            118.676206,
            31.993063
          ]
        ]
      },
      "properties": {
        "id": "road-4-31-sidewalk-left",
        "kind": "sidewalk",
        "roadId": "road-4-31",
        "side": "left",
        "widthM": 1.8,
        "offsetM": 9.15,
        "sourceRefs": [
          "osm",
          "amap",
          "nanjing-official"
        ],
        "confidence": "estimated"
      }
    },
    {
      "type": "Feature",
      "id": "road-4-31-sidewalk-right",
      "geometry": {
        "type": "LineString",
        "coordinates": [
          [
            118.679106,
            31.99547
          ],
          [
            118.676206,
            31.993063
          ]
        ]
      },
      "properties": {
        "id": "road-4-31-sidewalk-right",
        "kind": "sidewalk",
        "roadId": "road-4-31",
        "side": "right",
        "widthM": 1.8,
        "offsetM": 9.15,
        "sourceRefs": [
          "osm",
          "amap",
          "baidu-route-reference"
        ],
        "confidence": "estimated"
      }
    },
    {
      "type": "Feature",
      "id": "road-4-31-center-marking",
      "geometry": {
        "type": "LineString",
        "coordinates": [
          [
            118.679106,
            31.99547
          ],
          [
            118.676206,
            31.993063
          ]
        ]
      },
      "properties": {
        "id": "road-4-31-center-marking",
        "kind": "centerline",
        "roadId": "road-4-31",
        "widthM": 0.16,
        "dashM": 4,
        "gapM": 8,
        "sourceRefs": [
          "osm",
          "amap",
          "nanjing-official"
        ],
        "confidence": "estimated"
      }
    },
    {
      "type": "Feature",
      "id": "road-4-32-sidewalk-left",
      "geometry": {
        "type": "LineString",
        "coordinates": [
          [
            118.679336,
            31.995659
          ],
          [
            118.679106,
            31.99547
          ]
        ]
      },
      "properties": {
        "id": "road-4-32-sidewalk-left",
        "kind": "sidewalk",
        "roadId": "road-4-32",
        "side": "left",
        "widthM": 1.8,
        "offsetM": 9.15,
        "sourceRefs": [
          "osm",
          "amap",
          "nanjing-official"
        ],
        "confidence": "estimated"
      }
    },
    {
      "type": "Feature",
      "id": "road-4-32-sidewalk-right",
      "geometry": {
        "type": "LineString",
        "coordinates": [
          [
            118.679336,
            31.995659
          ],
          [
            118.679106,
            31.99547
          ]
        ]
      },
      "properties": {
        "id": "road-4-32-sidewalk-right",
        "kind": "sidewalk",
        "roadId": "road-4-32",
        "side": "right",
        "widthM": 1.8,
        "offsetM": 9.15,
        "sourceRefs": [
          "osm",
          "amap",
          "baidu-route-reference"
        ],
        "confidence": "estimated"
      }
    },
    {
      "type": "Feature",
      "id": "road-4-32-center-marking",
      "geometry": {
        "type": "LineString",
        "coordinates": [
          [
            118.679336,
            31.995659
          ],
          [
            118.679106,
            31.99547
          ]
        ]
      },
      "properties": {
        "id": "road-4-32-center-marking",
        "kind": "centerline",
        "roadId": "road-4-32",
        "widthM": 0.16,
        "dashM": 4,
        "gapM": 8,
        "sourceRefs": [
          "osm",
          "amap",
          "nanjing-official"
        ],
        "confidence": "estimated"
      }
    },
    {
      "type": "Feature",
      "id": "road-5-0-sidewalk-left",
      "geometry": {
        "type": "LineString",
        "coordinates": [
          [
            118.704583,
            32.046327
          ],
          [
            118.699603,
            32.039519
          ]
        ]
      },
      "properties": {
        "id": "road-5-0-sidewalk-left",
        "kind": "sidewalk",
        "roadId": "road-5-0",
        "side": "left",
        "widthM": 1.8,
        "offsetM": 6.4,
        "sourceRefs": [
          "osm",
          "amap",
          "nanjing-official"
        ],
        "confidence": "estimated"
      }
    },
    {
      "type": "Feature",
      "id": "road-5-0-sidewalk-right",
      "geometry": {
        "type": "LineString",
        "coordinates": [
          [
            118.704583,
            32.046327
          ],
          [
            118.699603,
            32.039519
          ]
        ]
      },
      "properties": {
        "id": "road-5-0-sidewalk-right",
        "kind": "sidewalk",
        "roadId": "road-5-0",
        "side": "right",
        "widthM": 1.8,
        "offsetM": 6.4,
        "sourceRefs": [
          "osm",
          "amap",
          "baidu-route-reference"
        ],
        "confidence": "estimated"
      }
    },
    {
      "type": "Feature",
      "id": "road-5-0-center-marking",
      "geometry": {
        "type": "LineString",
        "coordinates": [
          [
            118.704583,
            32.046327
          ],
          [
            118.699603,
            32.039519
          ]
        ]
      },
      "properties": {
        "id": "road-5-0-center-marking",
        "kind": "centerline",
        "roadId": "road-5-0",
        "widthM": 0.16,
        "dashM": 2.5,
        "gapM": 6,
        "sourceRefs": [
          "osm",
          "amap",
          "nanjing-official"
        ],
        "confidence": "estimated"
      }
    },
    {
      "type": "Feature",
      "id": "road-5-1-sidewalk-left",
      "geometry": {
        "type": "LineString",
        "coordinates": [
          [
            118.699415,
            32.039271
          ],
          [
            118.699271,
            32.039071
          ]
        ]
      },
      "properties": {
        "id": "road-5-1-sidewalk-left",
        "kind": "sidewalk",
        "roadId": "road-5-1",
        "side": "left",
        "widthM": 1.8,
        "offsetM": 6.4,
        "sourceRefs": [
          "osm",
          "amap",
          "nanjing-official"
        ],
        "confidence": "estimated"
      }
    },
    {
      "type": "Feature",
      "id": "road-5-1-sidewalk-right",
      "geometry": {
        "type": "LineString",
        "coordinates": [
          [
            118.699415,
            32.039271
          ],
          [
            118.699271,
            32.039071
          ]
        ]
      },
      "properties": {
        "id": "road-5-1-sidewalk-right",
        "kind": "sidewalk",
        "roadId": "road-5-1",
        "side": "right",
        "widthM": 1.8,
        "offsetM": 6.4,
        "sourceRefs": [
          "osm",
          "amap",
          "baidu-route-reference"
        ],
        "confidence": "estimated"
      }
    },
    {
      "type": "Feature",
      "id": "road-5-1-center-marking",
      "geometry": {
        "type": "LineString",
        "coordinates": [
          [
            118.699415,
            32.039271
          ],
          [
            118.699271,
            32.039071
          ]
        ]
      },
      "properties": {
        "id": "road-5-1-center-marking",
        "kind": "centerline",
        "roadId": "road-5-1",
        "widthM": 0.16,
        "dashM": 2.5,
        "gapM": 6,
        "sourceRefs": [
          "osm",
          "amap",
          "nanjing-official"
        ],
        "confidence": "estimated"
      }
    },
    {
      "type": "Feature",
      "id": "road-5-2-sidewalk-left",
      "geometry": {
        "type": "LineString",
        "coordinates": [
          [
            118.699603,
            32.039519
          ],
          [
            118.699415,
            32.039271
          ]
        ]
      },
      "properties": {
        "id": "road-5-2-sidewalk-left",
        "kind": "sidewalk",
        "roadId": "road-5-2",
        "side": "left",
        "widthM": 1.8,
        "offsetM": 6.4,
        "sourceRefs": [
          "osm",
          "amap",
          "nanjing-official"
        ],
        "confidence": "estimated"
      }
    },
    {
      "type": "Feature",
      "id": "road-5-2-sidewalk-right",
      "geometry": {
        "type": "LineString",
        "coordinates": [
          [
            118.699603,
            32.039519
          ],
          [
            118.699415,
            32.039271
          ]
        ]
      },
      "properties": {
        "id": "road-5-2-sidewalk-right",
        "kind": "sidewalk",
        "roadId": "road-5-2",
        "side": "right",
        "widthM": 1.8,
        "offsetM": 6.4,
        "sourceRefs": [
          "osm",
          "amap",
          "baidu-route-reference"
        ],
        "confidence": "estimated"
      }
    },
    {
      "type": "Feature",
      "id": "road-5-2-center-marking",
      "geometry": {
        "type": "LineString",
        "coordinates": [
          [
            118.699603,
            32.039519
          ],
          [
            118.699415,
            32.039271
          ]
        ]
      },
      "properties": {
        "id": "road-5-2-center-marking",
        "kind": "centerline",
        "roadId": "road-5-2",
        "widthM": 0.16,
        "dashM": 2.5,
        "gapM": 6,
        "sourceRefs": [
          "osm",
          "amap",
          "nanjing-official"
        ],
        "confidence": "estimated"
      }
    },
    {
      "type": "Feature",
      "id": "road-5-3-sidewalk-left",
      "geometry": {
        "type": "LineString",
        "coordinates": [
          [
            118.70734,
            32.050148
          ],
          [
            118.706117,
            32.048425
          ]
        ]
      },
      "properties": {
        "id": "road-5-3-sidewalk-left",
        "kind": "sidewalk",
        "roadId": "road-5-3",
        "side": "left",
        "widthM": 1.8,
        "offsetM": 6.4,
        "sourceRefs": [
          "osm",
          "amap",
          "nanjing-official"
        ],
        "confidence": "estimated"
      }
    },
    {
      "type": "Feature",
      "id": "road-5-3-sidewalk-right",
      "geometry": {
        "type": "LineString",
        "coordinates": [
          [
            118.70734,
            32.050148
          ],
          [
            118.706117,
            32.048425
          ]
        ]
      },
      "properties": {
        "id": "road-5-3-sidewalk-right",
        "kind": "sidewalk",
        "roadId": "road-5-3",
        "side": "right",
        "widthM": 1.8,
        "offsetM": 6.4,
        "sourceRefs": [
          "osm",
          "amap",
          "baidu-route-reference"
        ],
        "confidence": "estimated"
      }
    },
    {
      "type": "Feature",
      "id": "road-5-3-center-marking",
      "geometry": {
        "type": "LineString",
        "coordinates": [
          [
            118.70734,
            32.050148
          ],
          [
            118.706117,
            32.048425
          ]
        ]
      },
      "properties": {
        "id": "road-5-3-center-marking",
        "kind": "centerline",
        "roadId": "road-5-3",
        "widthM": 0.16,
        "dashM": 2.5,
        "gapM": 6,
        "sourceRefs": [
          "osm",
          "amap",
          "nanjing-official"
        ],
        "confidence": "estimated"
      }
    },
    {
      "type": "Feature",
      "id": "road-5-4-sidewalk-left",
      "geometry": {
        "type": "LineString",
        "coordinates": [
          [
            118.706117,
            32.048425
          ],
          [
            118.704754,
            32.046554
          ]
        ]
      },
      "properties": {
        "id": "road-5-4-sidewalk-left",
        "kind": "sidewalk",
        "roadId": "road-5-4",
        "side": "left",
        "widthM": 1.8,
        "offsetM": 6.4,
        "sourceRefs": [
          "osm",
          "amap",
          "nanjing-official"
        ],
        "confidence": "estimated"
      }
    },
    {
      "type": "Feature",
      "id": "road-5-4-sidewalk-right",
      "geometry": {
        "type": "LineString",
        "coordinates": [
          [
            118.706117,
            32.048425
          ],
          [
            118.704754,
            32.046554
          ]
        ]
      },
      "properties": {
        "id": "road-5-4-sidewalk-right",
        "kind": "sidewalk",
        "roadId": "road-5-4",
        "side": "right",
        "widthM": 1.8,
        "offsetM": 6.4,
        "sourceRefs": [
          "osm",
          "amap",
          "baidu-route-reference"
        ],
        "confidence": "estimated"
      }
    },
    {
      "type": "Feature",
      "id": "road-5-4-center-marking",
      "geometry": {
        "type": "LineString",
        "coordinates": [
          [
            118.706117,
            32.048425
          ],
          [
            118.704754,
            32.046554
          ]
        ]
      },
      "properties": {
        "id": "road-5-4-center-marking",
        "kind": "centerline",
        "roadId": "road-5-4",
        "widthM": 0.16,
        "dashM": 2.5,
        "gapM": 6,
        "sourceRefs": [
          "osm",
          "amap",
          "nanjing-official"
        ],
        "confidence": "estimated"
      }
    },
    {
      "type": "Feature",
      "id": "road-5-5-sidewalk-left",
      "geometry": {
        "type": "LineString",
        "coordinates": [
          [
            118.704754,
            32.046554
          ],
          [
            118.704583,
            32.046327
          ]
        ]
      },
      "properties": {
        "id": "road-5-5-sidewalk-left",
        "kind": "sidewalk",
        "roadId": "road-5-5",
        "side": "left",
        "widthM": 1.8,
        "offsetM": 6.4,
        "sourceRefs": [
          "osm",
          "amap",
          "nanjing-official"
        ],
        "confidence": "estimated"
      }
    },
    {
      "type": "Feature",
      "id": "road-5-5-sidewalk-right",
      "geometry": {
        "type": "LineString",
        "coordinates": [
          [
            118.704754,
            32.046554
          ],
          [
            118.704583,
            32.046327
          ]
        ]
      },
      "properties": {
        "id": "road-5-5-sidewalk-right",
        "kind": "sidewalk",
        "roadId": "road-5-5",
        "side": "right",
        "widthM": 1.8,
        "offsetM": 6.4,
        "sourceRefs": [
          "osm",
          "amap",
          "baidu-route-reference"
        ],
        "confidence": "estimated"
      }
    },
    {
      "type": "Feature",
      "id": "road-5-5-center-marking",
      "geometry": {
        "type": "LineString",
        "coordinates": [
          [
            118.704754,
            32.046554
          ],
          [
            118.704583,
            32.046327
          ]
        ]
      },
      "properties": {
        "id": "road-5-5-center-marking",
        "kind": "centerline",
        "roadId": "road-5-5",
        "widthM": 0.16,
        "dashM": 2.5,
        "gapM": 6,
        "sourceRefs": [
          "osm",
          "amap",
          "nanjing-official"
        ],
        "confidence": "estimated"
      }
    },
    {
      "type": "Feature",
      "id": "road-5-6-sidewalk-left",
      "geometry": {
        "type": "LineString",
        "coordinates": [
          [
            118.699672,
            32.03948
          ],
          [
            118.704637,
            32.046283
          ]
        ]
      },
      "properties": {
        "id": "road-5-6-sidewalk-left",
        "kind": "sidewalk",
        "roadId": "road-5-6",
        "side": "left",
        "widthM": 1.8,
        "offsetM": 6.4,
        "sourceRefs": [
          "osm",
          "amap",
          "nanjing-official"
        ],
        "confidence": "estimated"
      }
    },
    {
      "type": "Feature",
      "id": "road-5-6-sidewalk-right",
      "geometry": {
        "type": "LineString",
        "coordinates": [
          [
            118.699672,
            32.03948
          ],
          [
            118.704637,
            32.046283
          ]
        ]
      },
      "properties": {
        "id": "road-5-6-sidewalk-right",
        "kind": "sidewalk",
        "roadId": "road-5-6",
        "side": "right",
        "widthM": 1.8,
        "offsetM": 6.4,
        "sourceRefs": [
          "osm",
          "amap",
          "baidu-route-reference"
        ],
        "confidence": "estimated"
      }
    },
    {
      "type": "Feature",
      "id": "road-5-6-center-marking",
      "geometry": {
        "type": "LineString",
        "coordinates": [
          [
            118.699672,
            32.03948
          ],
          [
            118.704637,
            32.046283
          ]
        ]
      },
      "properties": {
        "id": "road-5-6-center-marking",
        "kind": "centerline",
        "roadId": "road-5-6",
        "widthM": 0.16,
        "dashM": 2.5,
        "gapM": 6,
        "sourceRefs": [
          "osm",
          "amap",
          "nanjing-official"
        ],
        "confidence": "estimated"
      }
    },
    {
      "type": "Feature",
      "id": "road-5-7-sidewalk-left",
      "geometry": {
        "type": "LineString",
        "coordinates": [
          [
            118.69934,
            32.039036
          ],
          [
            118.699489,
            32.039234
          ]
        ]
      },
      "properties": {
        "id": "road-5-7-sidewalk-left",
        "kind": "sidewalk",
        "roadId": "road-5-7",
        "side": "left",
        "widthM": 1.8,
        "offsetM": 6.4,
        "sourceRefs": [
          "osm",
          "amap",
          "nanjing-official"
        ],
        "confidence": "estimated"
      }
    },
    {
      "type": "Feature",
      "id": "road-5-7-sidewalk-right",
      "geometry": {
        "type": "LineString",
        "coordinates": [
          [
            118.69934,
            32.039036
          ],
          [
            118.699489,
            32.039234
          ]
        ]
      },
      "properties": {
        "id": "road-5-7-sidewalk-right",
        "kind": "sidewalk",
        "roadId": "road-5-7",
        "side": "right",
        "widthM": 1.8,
        "offsetM": 6.4,
        "sourceRefs": [
          "osm",
          "amap",
          "baidu-route-reference"
        ],
        "confidence": "estimated"
      }
    },
    {
      "type": "Feature",
      "id": "road-5-7-center-marking",
      "geometry": {
        "type": "LineString",
        "coordinates": [
          [
            118.69934,
            32.039036
          ],
          [
            118.699489,
            32.039234
          ]
        ]
      },
      "properties": {
        "id": "road-5-7-center-marking",
        "kind": "centerline",
        "roadId": "road-5-7",
        "widthM": 0.16,
        "dashM": 2.5,
        "gapM": 6,
        "sourceRefs": [
          "osm",
          "amap",
          "nanjing-official"
        ],
        "confidence": "estimated"
      }
    },
    {
      "type": "Feature",
      "id": "road-5-8-sidewalk-left",
      "geometry": {
        "type": "LineString",
        "coordinates": [
          [
            118.699489,
            32.039234
          ],
          [
            118.699672,
            32.03948
          ]
        ]
      },
      "properties": {
        "id": "road-5-8-sidewalk-left",
        "kind": "sidewalk",
        "roadId": "road-5-8",
        "side": "left",
        "widthM": 1.8,
        "offsetM": 6.4,
        "sourceRefs": [
          "osm",
          "amap",
          "nanjing-official"
        ],
        "confidence": "estimated"
      }
    },
    {
      "type": "Feature",
      "id": "road-5-8-sidewalk-right",
      "geometry": {
        "type": "LineString",
        "coordinates": [
          [
            118.699489,
            32.039234
          ],
          [
            118.699672,
            32.03948
          ]
        ]
      },
      "properties": {
        "id": "road-5-8-sidewalk-right",
        "kind": "sidewalk",
        "roadId": "road-5-8",
        "side": "right",
        "widthM": 1.8,
        "offsetM": 6.4,
        "sourceRefs": [
          "osm",
          "amap",
          "baidu-route-reference"
        ],
        "confidence": "estimated"
      }
    },
    {
      "type": "Feature",
      "id": "road-5-8-center-marking",
      "geometry": {
        "type": "LineString",
        "coordinates": [
          [
            118.699489,
            32.039234
          ],
          [
            118.699672,
            32.03948
          ]
        ]
      },
      "properties": {
        "id": "road-5-8-center-marking",
        "kind": "centerline",
        "roadId": "road-5-8",
        "widthM": 0.16,
        "dashM": 2.5,
        "gapM": 6,
        "sourceRefs": [
          "osm",
          "amap",
          "nanjing-official"
        ],
        "confidence": "estimated"
      }
    },
    {
      "type": "Feature",
      "id": "road-5-9-sidewalk-left",
      "geometry": {
        "type": "LineString",
        "coordinates": [
          [
            118.704817,
            32.046516
          ],
          [
            118.707432,
            32.050102
          ]
        ]
      },
      "properties": {
        "id": "road-5-9-sidewalk-left",
        "kind": "sidewalk",
        "roadId": "road-5-9",
        "side": "left",
        "widthM": 1.8,
        "offsetM": 6.4,
        "sourceRefs": [
          "osm",
          "amap",
          "nanjing-official"
        ],
        "confidence": "estimated"
      }
    },
    {
      "type": "Feature",
      "id": "road-5-9-sidewalk-right",
      "geometry": {
        "type": "LineString",
        "coordinates": [
          [
            118.704817,
            32.046516
          ],
          [
            118.707432,
            32.050102
          ]
        ]
      },
      "properties": {
        "id": "road-5-9-sidewalk-right",
        "kind": "sidewalk",
        "roadId": "road-5-9",
        "side": "right",
        "widthM": 1.8,
        "offsetM": 6.4,
        "sourceRefs": [
          "osm",
          "amap",
          "baidu-route-reference"
        ],
        "confidence": "estimated"
      }
    },
    {
      "type": "Feature",
      "id": "road-5-9-center-marking",
      "geometry": {
        "type": "LineString",
        "coordinates": [
          [
            118.704817,
            32.046516
          ],
          [
            118.707432,
            32.050102
          ]
        ]
      },
      "properties": {
        "id": "road-5-9-center-marking",
        "kind": "centerline",
        "roadId": "road-5-9",
        "widthM": 0.16,
        "dashM": 2.5,
        "gapM": 6,
        "sourceRefs": [
          "osm",
          "amap",
          "nanjing-official"
        ],
        "confidence": "estimated"
      }
    },
    {
      "type": "Feature",
      "id": "road-5-10-sidewalk-left",
      "geometry": {
        "type": "LineString",
        "coordinates": [
          [
            118.704637,
            32.046283
          ],
          [
            118.704817,
            32.046516
          ]
        ]
      },
      "properties": {
        "id": "road-5-10-sidewalk-left",
        "kind": "sidewalk",
        "roadId": "road-5-10",
        "side": "left",
        "widthM": 1.8,
        "offsetM": 6.4,
        "sourceRefs": [
          "osm",
          "amap",
          "nanjing-official"
        ],
        "confidence": "estimated"
      }
    },
    {
      "type": "Feature",
      "id": "road-5-10-sidewalk-right",
      "geometry": {
        "type": "LineString",
        "coordinates": [
          [
            118.704637,
            32.046283
          ],
          [
            118.704817,
            32.046516
          ]
        ]
      },
      "properties": {
        "id": "road-5-10-sidewalk-right",
        "kind": "sidewalk",
        "roadId": "road-5-10",
        "side": "right",
        "widthM": 1.8,
        "offsetM": 6.4,
        "sourceRefs": [
          "osm",
          "amap",
          "baidu-route-reference"
        ],
        "confidence": "estimated"
      }
    },
    {
      "type": "Feature",
      "id": "road-5-10-center-marking",
      "geometry": {
        "type": "LineString",
        "coordinates": [
          [
            118.704637,
            32.046283
          ],
          [
            118.704817,
            32.046516
          ]
        ]
      },
      "properties": {
        "id": "road-5-10-center-marking",
        "kind": "centerline",
        "roadId": "road-5-10",
        "widthM": 0.16,
        "dashM": 2.5,
        "gapM": 6,
        "sourceRefs": [
          "osm",
          "amap",
          "nanjing-official"
        ],
        "confidence": "estimated"
      }
    },
    {
      "type": "Feature",
      "id": "road-6-0-sidewalk-left",
      "geometry": {
        "type": "LineString",
        "coordinates": [
          [
            118.693149,
            32.031043
          ],
          [
            118.695792,
            32.034357
          ]
        ]
      },
      "properties": {
        "id": "road-6-0-sidewalk-left",
        "kind": "sidewalk",
        "roadId": "road-6-0",
        "side": "left",
        "widthM": 1.8,
        "offsetM": 6.4,
        "sourceRefs": [
          "osm",
          "amap",
          "nanjing-official"
        ],
        "confidence": "estimated"
      }
    },
    {
      "type": "Feature",
      "id": "road-6-0-sidewalk-right",
      "geometry": {
        "type": "LineString",
        "coordinates": [
          [
            118.693149,
            32.031043
          ],
          [
            118.695792,
            32.034357
          ]
        ]
      },
      "properties": {
        "id": "road-6-0-sidewalk-right",
        "kind": "sidewalk",
        "roadId": "road-6-0",
        "side": "right",
        "widthM": 1.8,
        "offsetM": 6.4,
        "sourceRefs": [
          "osm",
          "amap",
          "baidu-route-reference"
        ],
        "confidence": "estimated"
      }
    },
    {
      "type": "Feature",
      "id": "road-6-0-center-marking",
      "geometry": {
        "type": "LineString",
        "coordinates": [
          [
            118.693149,
            32.031043
          ],
          [
            118.695792,
            32.034357
          ]
        ]
      },
      "properties": {
        "id": "road-6-0-center-marking",
        "kind": "centerline",
        "roadId": "road-6-0",
        "widthM": 0.16,
        "dashM": 2.5,
        "gapM": 6,
        "sourceRefs": [
          "osm",
          "amap",
          "nanjing-official"
        ],
        "confidence": "estimated"
      }
    },
    {
      "type": "Feature",
      "id": "road-6-1-sidewalk-left",
      "geometry": {
        "type": "LineString",
        "coordinates": [
          [
            118.694727,
            32.024946
          ],
          [
            118.691901,
            32.026854
          ],
          [
            118.691419,
            32.027304
          ],
          [
            118.69122,
            32.027735
          ]
        ]
      },
      "properties": {
        "id": "road-6-1-sidewalk-left",
        "kind": "sidewalk",
        "roadId": "road-6-1",
        "side": "left",
        "widthM": 1.8,
        "offsetM": 6.4,
        "sourceRefs": [
          "osm",
          "amap",
          "nanjing-official"
        ],
        "confidence": "estimated"
      }
    },
    {
      "type": "Feature",
      "id": "road-6-1-sidewalk-right",
      "geometry": {
        "type": "LineString",
        "coordinates": [
          [
            118.694727,
            32.024946
          ],
          [
            118.691901,
            32.026854
          ],
          [
            118.691419,
            32.027304
          ],
          [
            118.69122,
            32.027735
          ]
        ]
      },
      "properties": {
        "id": "road-6-1-sidewalk-right",
        "kind": "sidewalk",
        "roadId": "road-6-1",
        "side": "right",
        "widthM": 1.8,
        "offsetM": 6.4,
        "sourceRefs": [
          "osm",
          "amap",
          "baidu-route-reference"
        ],
        "confidence": "estimated"
      }
    },
    {
      "type": "Feature",
      "id": "road-6-1-center-marking",
      "geometry": {
        "type": "LineString",
        "coordinates": [
          [
            118.694727,
            32.024946
          ],
          [
            118.691901,
            32.026854
          ],
          [
            118.691419,
            32.027304
          ],
          [
            118.69122,
            32.027735
          ]
        ]
      },
      "properties": {
        "id": "road-6-1-center-marking",
        "kind": "centerline",
        "roadId": "road-6-1",
        "widthM": 0.16,
        "dashM": 2.5,
        "gapM": 6,
        "sourceRefs": [
          "osm",
          "amap",
          "nanjing-official"
        ],
        "confidence": "estimated"
      }
    },
    {
      "type": "Feature",
      "id": "road-6-2-sidewalk-left",
      "geometry": {
        "type": "LineString",
        "coordinates": [
          [
            118.691217,
            32.028408
          ],
          [
            118.691377,
            32.028778
          ],
          [
            118.693149,
            32.031043
          ]
        ]
      },
      "properties": {
        "id": "road-6-2-sidewalk-left",
        "kind": "sidewalk",
        "roadId": "road-6-2",
        "side": "left",
        "widthM": 1.8,
        "offsetM": 6.4,
        "sourceRefs": [
          "osm",
          "amap",
          "nanjing-official"
        ],
        "confidence": "estimated"
      }
    },
    {
      "type": "Feature",
      "id": "road-6-2-sidewalk-right",
      "geometry": {
        "type": "LineString",
        "coordinates": [
          [
            118.691217,
            32.028408
          ],
          [
            118.691377,
            32.028778
          ],
          [
            118.693149,
            32.031043
          ]
        ]
      },
      "properties": {
        "id": "road-6-2-sidewalk-right",
        "kind": "sidewalk",
        "roadId": "road-6-2",
        "side": "right",
        "widthM": 1.8,
        "offsetM": 6.4,
        "sourceRefs": [
          "osm",
          "amap",
          "baidu-route-reference"
        ],
        "confidence": "estimated"
      }
    },
    {
      "type": "Feature",
      "id": "road-6-2-center-marking",
      "geometry": {
        "type": "LineString",
        "coordinates": [
          [
            118.691217,
            32.028408
          ],
          [
            118.691377,
            32.028778
          ],
          [
            118.693149,
            32.031043
          ]
        ]
      },
      "properties": {
        "id": "road-6-2-center-marking",
        "kind": "centerline",
        "roadId": "road-6-2",
        "widthM": 0.16,
        "dashM": 2.5,
        "gapM": 6,
        "sourceRefs": [
          "osm",
          "amap",
          "nanjing-official"
        ],
        "confidence": "estimated"
      }
    },
    {
      "type": "Feature",
      "id": "road-6-3-sidewalk-left",
      "geometry": {
        "type": "LineString",
        "coordinates": [
          [
            118.69122,
            32.027735
          ],
          [
            118.691217,
            32.028408
          ]
        ]
      },
      "properties": {
        "id": "road-6-3-sidewalk-left",
        "kind": "sidewalk",
        "roadId": "road-6-3",
        "side": "left",
        "widthM": 1.8,
        "offsetM": 6.4,
        "sourceRefs": [
          "osm",
          "amap",
          "nanjing-official"
        ],
        "confidence": "estimated"
      }
    },
    {
      "type": "Feature",
      "id": "road-6-3-sidewalk-right",
      "geometry": {
        "type": "LineString",
        "coordinates": [
          [
            118.69122,
            32.027735
          ],
          [
            118.691217,
            32.028408
          ]
        ]
      },
      "properties": {
        "id": "road-6-3-sidewalk-right",
        "kind": "sidewalk",
        "roadId": "road-6-3",
        "side": "right",
        "widthM": 1.8,
        "offsetM": 6.4,
        "sourceRefs": [
          "osm",
          "amap",
          "baidu-route-reference"
        ],
        "confidence": "estimated"
      }
    },
    {
      "type": "Feature",
      "id": "road-6-3-center-marking",
      "geometry": {
        "type": "LineString",
        "coordinates": [
          [
            118.69122,
            32.027735
          ],
          [
            118.691217,
            32.028408
          ]
        ]
      },
      "properties": {
        "id": "road-6-3-center-marking",
        "kind": "centerline",
        "roadId": "road-6-3",
        "widthM": 0.16,
        "dashM": 2.5,
        "gapM": 6,
        "sourceRefs": [
          "osm",
          "amap",
          "nanjing-official"
        ],
        "confidence": "estimated"
      }
    },
    {
      "type": "Feature",
      "id": "road-6-4-sidewalk-left",
      "geometry": {
        "type": "LineString",
        "coordinates": [
          [
            118.695792,
            32.034357
          ],
          [
            118.697283,
            32.036246
          ]
        ]
      },
      "properties": {
        "id": "road-6-4-sidewalk-left",
        "kind": "sidewalk",
        "roadId": "road-6-4",
        "side": "left",
        "widthM": 1.8,
        "offsetM": 6.4,
        "sourceRefs": [
          "osm",
          "amap",
          "nanjing-official"
        ],
        "confidence": "estimated"
      }
    },
    {
      "type": "Feature",
      "id": "road-6-4-sidewalk-right",
      "geometry": {
        "type": "LineString",
        "coordinates": [
          [
            118.695792,
            32.034357
          ],
          [
            118.697283,
            32.036246
          ]
        ]
      },
      "properties": {
        "id": "road-6-4-sidewalk-right",
        "kind": "sidewalk",
        "roadId": "road-6-4",
        "side": "right",
        "widthM": 1.8,
        "offsetM": 6.4,
        "sourceRefs": [
          "osm",
          "amap",
          "baidu-route-reference"
        ],
        "confidence": "estimated"
      }
    },
    {
      "type": "Feature",
      "id": "road-6-4-center-marking",
      "geometry": {
        "type": "LineString",
        "coordinates": [
          [
            118.695792,
            32.034357
          ],
          [
            118.697283,
            32.036246
          ]
        ]
      },
      "properties": {
        "id": "road-6-4-center-marking",
        "kind": "centerline",
        "roadId": "road-6-4",
        "widthM": 0.16,
        "dashM": 2.5,
        "gapM": 6,
        "sourceRefs": [
          "osm",
          "amap",
          "nanjing-official"
        ],
        "confidence": "estimated"
      }
    },
    {
      "type": "Feature",
      "id": "road-6-5-sidewalk-left",
      "geometry": {
        "type": "LineString",
        "coordinates": [
          [
            118.697101,
            32.02344
          ],
          [
            118.694727,
            32.024946
          ]
        ]
      },
      "properties": {
        "id": "road-6-5-sidewalk-left",
        "kind": "sidewalk",
        "roadId": "road-6-5",
        "side": "left",
        "widthM": 1.8,
        "offsetM": 6.4,
        "sourceRefs": [
          "osm",
          "amap",
          "nanjing-official"
        ],
        "confidence": "estimated"
      }
    },
    {
      "type": "Feature",
      "id": "road-6-5-sidewalk-right",
      "geometry": {
        "type": "LineString",
        "coordinates": [
          [
            118.697101,
            32.02344
          ],
          [
            118.694727,
            32.024946
          ]
        ]
      },
      "properties": {
        "id": "road-6-5-sidewalk-right",
        "kind": "sidewalk",
        "roadId": "road-6-5",
        "side": "right",
        "widthM": 1.8,
        "offsetM": 6.4,
        "sourceRefs": [
          "osm",
          "amap",
          "baidu-route-reference"
        ],
        "confidence": "estimated"
      }
    },
    {
      "type": "Feature",
      "id": "road-6-5-center-marking",
      "geometry": {
        "type": "LineString",
        "coordinates": [
          [
            118.697101,
            32.02344
          ],
          [
            118.694727,
            32.024946
          ]
        ]
      },
      "properties": {
        "id": "road-6-5-center-marking",
        "kind": "centerline",
        "roadId": "road-6-5",
        "widthM": 0.16,
        "dashM": 2.5,
        "gapM": 6,
        "sourceRefs": [
          "osm",
          "amap",
          "nanjing-official"
        ],
        "confidence": "estimated"
      }
    },
    {
      "type": "Feature",
      "id": "road-6-6-sidewalk-left",
      "geometry": {
        "type": "LineString",
        "coordinates": [
          [
            118.697214,
            32.036292
          ],
          [
            118.691626,
            32.029261
          ],
          [
            118.691101,
            32.028313
          ]
        ]
      },
      "properties": {
        "id": "road-6-6-sidewalk-left",
        "kind": "sidewalk",
        "roadId": "road-6-6",
        "side": "left",
        "widthM": 1.8,
        "offsetM": 6.4,
        "sourceRefs": [
          "osm",
          "amap",
          "nanjing-official"
        ],
        "confidence": "estimated"
      }
    },
    {
      "type": "Feature",
      "id": "road-6-6-sidewalk-right",
      "geometry": {
        "type": "LineString",
        "coordinates": [
          [
            118.697214,
            32.036292
          ],
          [
            118.691626,
            32.029261
          ],
          [
            118.691101,
            32.028313
          ]
        ]
      },
      "properties": {
        "id": "road-6-6-sidewalk-right",
        "kind": "sidewalk",
        "roadId": "road-6-6",
        "side": "right",
        "widthM": 1.8,
        "offsetM": 6.4,
        "sourceRefs": [
          "osm",
          "amap",
          "baidu-route-reference"
        ],
        "confidence": "estimated"
      }
    },
    {
      "type": "Feature",
      "id": "road-6-6-center-marking",
      "geometry": {
        "type": "LineString",
        "coordinates": [
          [
            118.697214,
            32.036292
          ],
          [
            118.691626,
            32.029261
          ],
          [
            118.691101,
            32.028313
          ]
        ]
      },
      "properties": {
        "id": "road-6-6-center-marking",
        "kind": "centerline",
        "roadId": "road-6-6",
        "widthM": 0.16,
        "dashM": 2.5,
        "gapM": 6,
        "sourceRefs": [
          "osm",
          "amap",
          "nanjing-official"
        ],
        "confidence": "estimated"
      }
    },
    {
      "type": "Feature",
      "id": "road-6-7-sidewalk-left",
      "geometry": {
        "type": "LineString",
        "coordinates": [
          [
            118.691174,
            32.027609
          ],
          [
            118.691434,
            32.027155
          ],
          [
            118.69194,
            32.026716
          ],
          [
            118.696893,
            32.023442
          ],
          [
            118.697101,
            32.02344
          ]
        ]
      },
      "properties": {
        "id": "road-6-7-sidewalk-left",
        "kind": "sidewalk",
        "roadId": "road-6-7",
        "side": "left",
        "widthM": 1.8,
        "offsetM": 6.4,
        "sourceRefs": [
          "osm",
          "amap",
          "nanjing-official"
        ],
        "confidence": "estimated"
      }
    },
    {
      "type": "Feature",
      "id": "road-6-7-sidewalk-right",
      "geometry": {
        "type": "LineString",
        "coordinates": [
          [
            118.691174,
            32.027609
          ],
          [
            118.691434,
            32.027155
          ],
          [
            118.69194,
            32.026716
          ],
          [
            118.696893,
            32.023442
          ],
          [
            118.697101,
            32.02344
          ]
        ]
      },
      "properties": {
        "id": "road-6-7-sidewalk-right",
        "kind": "sidewalk",
        "roadId": "road-6-7",
        "side": "right",
        "widthM": 1.8,
        "offsetM": 6.4,
        "sourceRefs": [
          "osm",
          "amap",
          "baidu-route-reference"
        ],
        "confidence": "estimated"
      }
    },
    {
      "type": "Feature",
      "id": "road-6-7-center-marking",
      "geometry": {
        "type": "LineString",
        "coordinates": [
          [
            118.691174,
            32.027609
          ],
          [
            118.691434,
            32.027155
          ],
          [
            118.69194,
            32.026716
          ],
          [
            118.696893,
            32.023442
          ],
          [
            118.697101,
            32.02344
          ]
        ]
      },
      "properties": {
        "id": "road-6-7-center-marking",
        "kind": "centerline",
        "roadId": "road-6-7",
        "widthM": 0.16,
        "dashM": 2.5,
        "gapM": 6,
        "sourceRefs": [
          "osm",
          "amap",
          "nanjing-official"
        ],
        "confidence": "estimated"
      }
    },
    {
      "type": "Feature",
      "id": "road-6-8-sidewalk-left",
      "geometry": {
        "type": "LineString",
        "coordinates": [
          [
            118.691101,
            32.028313
          ],
          [
            118.691174,
            32.027609
          ]
        ]
      },
      "properties": {
        "id": "road-6-8-sidewalk-left",
        "kind": "sidewalk",
        "roadId": "road-6-8",
        "side": "left",
        "widthM": 1.8,
        "offsetM": 6.4,
        "sourceRefs": [
          "osm",
          "amap",
          "nanjing-official"
        ],
        "confidence": "estimated"
      }
    },
    {
      "type": "Feature",
      "id": "road-6-8-sidewalk-right",
      "geometry": {
        "type": "LineString",
        "coordinates": [
          [
            118.691101,
            32.028313
          ],
          [
            118.691174,
            32.027609
          ]
        ]
      },
      "properties": {
        "id": "road-6-8-sidewalk-right",
        "kind": "sidewalk",
        "roadId": "road-6-8",
        "side": "right",
        "widthM": 1.8,
        "offsetM": 6.4,
        "sourceRefs": [
          "osm",
          "amap",
          "baidu-route-reference"
        ],
        "confidence": "estimated"
      }
    },
    {
      "type": "Feature",
      "id": "road-6-8-center-marking",
      "geometry": {
        "type": "LineString",
        "coordinates": [
          [
            118.691101,
            32.028313
          ],
          [
            118.691174,
            32.027609
          ]
        ]
      },
      "properties": {
        "id": "road-6-8-center-marking",
        "kind": "centerline",
        "roadId": "road-6-8",
        "widthM": 0.16,
        "dashM": 2.5,
        "gapM": 6,
        "sourceRefs": [
          "osm",
          "amap",
          "nanjing-official"
        ],
        "confidence": "estimated"
      }
    },
    {
      "type": "Feature",
      "id": "road-7-0-sidewalk-left",
      "geometry": {
        "type": "LineString",
        "coordinates": [
          [
            118.69717,
            32.028144
          ],
          [
            118.693585,
            32.030719
          ]
        ]
      },
      "properties": {
        "id": "road-7-0-sidewalk-left",
        "kind": "sidewalk",
        "roadId": "road-7-0",
        "side": "left",
        "widthM": 1.8,
        "offsetM": 6.4,
        "sourceRefs": [
          "osm",
          "amap",
          "nanjing-official"
        ],
        "confidence": "estimated"
      }
    },
    {
      "type": "Feature",
      "id": "road-7-0-sidewalk-right",
      "geometry": {
        "type": "LineString",
        "coordinates": [
          [
            118.69717,
            32.028144
          ],
          [
            118.693585,
            32.030719
          ]
        ]
      },
      "properties": {
        "id": "road-7-0-sidewalk-right",
        "kind": "sidewalk",
        "roadId": "road-7-0",
        "side": "right",
        "widthM": 1.8,
        "offsetM": 6.4,
        "sourceRefs": [
          "osm",
          "amap",
          "baidu-route-reference"
        ],
        "confidence": "estimated"
      }
    },
    {
      "type": "Feature",
      "id": "road-7-0-center-marking",
      "geometry": {
        "type": "LineString",
        "coordinates": [
          [
            118.69717,
            32.028144
          ],
          [
            118.693585,
            32.030719
          ]
        ]
      },
      "properties": {
        "id": "road-7-0-center-marking",
        "kind": "centerline",
        "roadId": "road-7-0",
        "widthM": 0.16,
        "dashM": 2.5,
        "gapM": 6,
        "sourceRefs": [
          "osm",
          "amap",
          "nanjing-official"
        ],
        "confidence": "estimated"
      }
    },
    {
      "type": "Feature",
      "id": "road-7-1-sidewalk-left",
      "geometry": {
        "type": "LineString",
        "coordinates": [
          [
            118.693149,
            32.031043
          ],
          [
            118.691741,
            32.032044
          ]
        ]
      },
      "properties": {
        "id": "road-7-1-sidewalk-left",
        "kind": "sidewalk",
        "roadId": "road-7-1",
        "side": "left",
        "widthM": 1.8,
        "offsetM": 6.4,
        "sourceRefs": [
          "osm",
          "amap",
          "nanjing-official"
        ],
        "confidence": "estimated"
      }
    },
    {
      "type": "Feature",
      "id": "road-7-1-sidewalk-right",
      "geometry": {
        "type": "LineString",
        "coordinates": [
          [
            118.693149,
            32.031043
          ],
          [
            118.691741,
            32.032044
          ]
        ]
      },
      "properties": {
        "id": "road-7-1-sidewalk-right",
        "kind": "sidewalk",
        "roadId": "road-7-1",
        "side": "right",
        "widthM": 1.8,
        "offsetM": 6.4,
        "sourceRefs": [
          "osm",
          "amap",
          "baidu-route-reference"
        ],
        "confidence": "estimated"
      }
    },
    {
      "type": "Feature",
      "id": "road-7-1-center-marking",
      "geometry": {
        "type": "LineString",
        "coordinates": [
          [
            118.693149,
            32.031043
          ],
          [
            118.691741,
            32.032044
          ]
        ]
      },
      "properties": {
        "id": "road-7-1-center-marking",
        "kind": "centerline",
        "roadId": "road-7-1",
        "widthM": 0.16,
        "dashM": 2.5,
        "gapM": 6,
        "sourceRefs": [
          "osm",
          "amap",
          "nanjing-official"
        ],
        "confidence": "estimated"
      }
    },
    {
      "type": "Feature",
      "id": "road-7-2-sidewalk-left",
      "geometry": {
        "type": "LineString",
        "coordinates": [
          [
            118.693329,
            32.030913
          ],
          [
            118.693149,
            32.031043
          ]
        ]
      },
      "properties": {
        "id": "road-7-2-sidewalk-left",
        "kind": "sidewalk",
        "roadId": "road-7-2",
        "side": "left",
        "widthM": 1.8,
        "offsetM": 6.4,
        "sourceRefs": [
          "osm",
          "amap",
          "nanjing-official"
        ],
        "confidence": "estimated"
      }
    },
    {
      "type": "Feature",
      "id": "road-7-2-sidewalk-right",
      "geometry": {
        "type": "LineString",
        "coordinates": [
          [
            118.693329,
            32.030913
          ],
          [
            118.693149,
            32.031043
          ]
        ]
      },
      "properties": {
        "id": "road-7-2-sidewalk-right",
        "kind": "sidewalk",
        "roadId": "road-7-2",
        "side": "right",
        "widthM": 1.8,
        "offsetM": 6.4,
        "sourceRefs": [
          "osm",
          "amap",
          "baidu-route-reference"
        ],
        "confidence": "estimated"
      }
    },
    {
      "type": "Feature",
      "id": "road-7-2-center-marking",
      "geometry": {
        "type": "LineString",
        "coordinates": [
          [
            118.693329,
            32.030913
          ],
          [
            118.693149,
            32.031043
          ]
        ]
      },
      "properties": {
        "id": "road-7-2-center-marking",
        "kind": "centerline",
        "roadId": "road-7-2",
        "widthM": 0.16,
        "dashM": 2.5,
        "gapM": 6,
        "sourceRefs": [
          "osm",
          "amap",
          "nanjing-official"
        ],
        "confidence": "estimated"
      }
    },
    {
      "type": "Feature",
      "id": "road-7-3-sidewalk-left",
      "geometry": {
        "type": "LineString",
        "coordinates": [
          [
            118.693585,
            32.030719
          ],
          [
            118.693329,
            32.030913
          ]
        ]
      },
      "properties": {
        "id": "road-7-3-sidewalk-left",
        "kind": "sidewalk",
        "roadId": "road-7-3",
        "side": "left",
        "widthM": 1.8,
        "offsetM": 6.4,
        "sourceRefs": [
          "osm",
          "amap",
          "nanjing-official"
        ],
        "confidence": "estimated"
      }
    },
    {
      "type": "Feature",
      "id": "road-7-3-sidewalk-right",
      "geometry": {
        "type": "LineString",
        "coordinates": [
          [
            118.693585,
            32.030719
          ],
          [
            118.693329,
            32.030913
          ]
        ]
      },
      "properties": {
        "id": "road-7-3-sidewalk-right",
        "kind": "sidewalk",
        "roadId": "road-7-3",
        "side": "right",
        "widthM": 1.8,
        "offsetM": 6.4,
        "sourceRefs": [
          "osm",
          "amap",
          "baidu-route-reference"
        ],
        "confidence": "estimated"
      }
    },
    {
      "type": "Feature",
      "id": "road-7-3-center-marking",
      "geometry": {
        "type": "LineString",
        "coordinates": [
          [
            118.693585,
            32.030719
          ],
          [
            118.693329,
            32.030913
          ]
        ]
      },
      "properties": {
        "id": "road-7-3-center-marking",
        "kind": "centerline",
        "roadId": "road-7-3",
        "widthM": 0.16,
        "dashM": 2.5,
        "gapM": 6,
        "sourceRefs": [
          "osm",
          "amap",
          "nanjing-official"
        ],
        "confidence": "estimated"
      }
    },
    {
      "type": "Feature",
      "id": "road-7-4-sidewalk-left",
      "geometry": {
        "type": "LineString",
        "coordinates": [
          [
            118.693519,
            32.030659
          ],
          [
            118.69718,
            32.028037
          ]
        ]
      },
      "properties": {
        "id": "road-7-4-sidewalk-left",
        "kind": "sidewalk",
        "roadId": "road-7-4",
        "side": "left",
        "widthM": 1.8,
        "offsetM": 6.4,
        "sourceRefs": [
          "osm",
          "amap",
          "nanjing-official"
        ],
        "confidence": "estimated"
      }
    },
    {
      "type": "Feature",
      "id": "road-7-4-sidewalk-right",
      "geometry": {
        "type": "LineString",
        "coordinates": [
          [
            118.693519,
            32.030659
          ],
          [
            118.69718,
            32.028037
          ]
        ]
      },
      "properties": {
        "id": "road-7-4-sidewalk-right",
        "kind": "sidewalk",
        "roadId": "road-7-4",
        "side": "right",
        "widthM": 1.8,
        "offsetM": 6.4,
        "sourceRefs": [
          "osm",
          "amap",
          "baidu-route-reference"
        ],
        "confidence": "estimated"
      }
    },
    {
      "type": "Feature",
      "id": "road-7-4-center-marking",
      "geometry": {
        "type": "LineString",
        "coordinates": [
          [
            118.693519,
            32.030659
          ],
          [
            118.69718,
            32.028037
          ]
        ]
      },
      "properties": {
        "id": "road-7-4-center-marking",
        "kind": "centerline",
        "roadId": "road-7-4",
        "widthM": 0.16,
        "dashM": 2.5,
        "gapM": 6,
        "sourceRefs": [
          "osm",
          "amap",
          "nanjing-official"
        ],
        "confidence": "estimated"
      }
    },
    {
      "type": "Feature",
      "id": "road-7-5-sidewalk-left",
      "geometry": {
        "type": "LineString",
        "coordinates": [
          [
            118.691697,
            32.031981
          ],
          [
            118.693265,
            32.03085
          ]
        ]
      },
      "properties": {
        "id": "road-7-5-sidewalk-left",
        "kind": "sidewalk",
        "roadId": "road-7-5",
        "side": "left",
        "widthM": 1.8,
        "offsetM": 6.4,
        "sourceRefs": [
          "osm",
          "amap",
          "nanjing-official"
        ],
        "confidence": "estimated"
      }
    },
    {
      "type": "Feature",
      "id": "road-7-5-sidewalk-right",
      "geometry": {
        "type": "LineString",
        "coordinates": [
          [
            118.691697,
            32.031981
          ],
          [
            118.693265,
            32.03085
          ]
        ]
      },
      "properties": {
        "id": "road-7-5-sidewalk-right",
        "kind": "sidewalk",
        "roadId": "road-7-5",
        "side": "right",
        "widthM": 1.8,
        "offsetM": 6.4,
        "sourceRefs": [
          "osm",
          "amap",
          "baidu-route-reference"
        ],
        "confidence": "estimated"
      }
    },
    {
      "type": "Feature",
      "id": "road-7-5-center-marking",
      "geometry": {
        "type": "LineString",
        "coordinates": [
          [
            118.691697,
            32.031981
          ],
          [
            118.693265,
            32.03085
          ]
        ]
      },
      "properties": {
        "id": "road-7-5-center-marking",
        "kind": "centerline",
        "roadId": "road-7-5",
        "widthM": 0.16,
        "dashM": 2.5,
        "gapM": 6,
        "sourceRefs": [
          "osm",
          "amap",
          "nanjing-official"
        ],
        "confidence": "estimated"
      }
    },
    {
      "type": "Feature",
      "id": "road-7-6-sidewalk-left",
      "geometry": {
        "type": "LineString",
        "coordinates": [
          [
            118.693265,
            32.03085
          ],
          [
            118.693519,
            32.030659
          ]
        ]
      },
      "properties": {
        "id": "road-7-6-sidewalk-left",
        "kind": "sidewalk",
        "roadId": "road-7-6",
        "side": "left",
        "widthM": 1.8,
        "offsetM": 6.4,
        "sourceRefs": [
          "osm",
          "amap",
          "nanjing-official"
        ],
        "confidence": "estimated"
      }
    },
    {
      "type": "Feature",
      "id": "road-7-6-sidewalk-right",
      "geometry": {
        "type": "LineString",
        "coordinates": [
          [
            118.693265,
            32.03085
          ],
          [
            118.693519,
            32.030659
          ]
        ]
      },
      "properties": {
        "id": "road-7-6-sidewalk-right",
        "kind": "sidewalk",
        "roadId": "road-7-6",
        "side": "right",
        "widthM": 1.8,
        "offsetM": 6.4,
        "sourceRefs": [
          "osm",
          "amap",
          "baidu-route-reference"
        ],
        "confidence": "estimated"
      }
    },
    {
      "type": "Feature",
      "id": "road-7-6-center-marking",
      "geometry": {
        "type": "LineString",
        "coordinates": [
          [
            118.693265,
            32.03085
          ],
          [
            118.693519,
            32.030659
          ]
        ]
      },
      "properties": {
        "id": "road-7-6-center-marking",
        "kind": "centerline",
        "roadId": "road-7-6",
        "widthM": 0.16,
        "dashM": 2.5,
        "gapM": 6,
        "sourceRefs": [
          "osm",
          "amap",
          "nanjing-official"
        ],
        "confidence": "estimated"
      }
    },
    {
      "type": "Feature",
      "id": "road-8-0-sidewalk-left",
      "geometry": {
        "type": "LineString",
        "coordinates": [
          [
            118.703373,
            32.04728
          ],
          [
            118.700671,
            32.043603
          ]
        ]
      },
      "properties": {
        "id": "road-8-0-sidewalk-left",
        "kind": "sidewalk",
        "roadId": "road-8-0",
        "side": "left",
        "widthM": 1.8,
        "offsetM": 6.4,
        "sourceRefs": [
          "osm",
          "amap",
          "nanjing-official"
        ],
        "confidence": "estimated"
      }
    },
    {
      "type": "Feature",
      "id": "road-8-0-sidewalk-right",
      "geometry": {
        "type": "LineString",
        "coordinates": [
          [
            118.703373,
            32.04728
          ],
          [
            118.700671,
            32.043603
          ]
        ]
      },
      "properties": {
        "id": "road-8-0-sidewalk-right",
        "kind": "sidewalk",
        "roadId": "road-8-0",
        "side": "right",
        "widthM": 1.8,
        "offsetM": 6.4,
        "sourceRefs": [
          "osm",
          "amap",
          "baidu-route-reference"
        ],
        "confidence": "estimated"
      }
    },
    {
      "type": "Feature",
      "id": "road-8-0-center-marking",
      "geometry": {
        "type": "LineString",
        "coordinates": [
          [
            118.703373,
            32.04728
          ],
          [
            118.700671,
            32.043603
          ]
        ]
      },
      "properties": {
        "id": "road-8-0-center-marking",
        "kind": "centerline",
        "roadId": "road-8-0",
        "widthM": 0.16,
        "dashM": 2.5,
        "gapM": 6,
        "sourceRefs": [
          "osm",
          "amap",
          "nanjing-official"
        ],
        "confidence": "estimated"
      }
    },
    {
      "type": "Feature",
      "id": "road-8-1-sidewalk-left",
      "geometry": {
        "type": "LineString",
        "coordinates": [
          [
            118.704765,
            32.049174
          ],
          [
            118.706086,
            32.050978
          ]
        ]
      },
      "properties": {
        "id": "road-8-1-sidewalk-left",
        "kind": "sidewalk",
        "roadId": "road-8-1",
        "side": "left",
        "widthM": 1.8,
        "offsetM": 6.4,
        "sourceRefs": [
          "osm",
          "amap",
          "nanjing-official"
        ],
        "confidence": "estimated"
      }
    },
    {
      "type": "Feature",
      "id": "road-8-1-sidewalk-right",
      "geometry": {
        "type": "LineString",
        "coordinates": [
          [
            118.704765,
            32.049174
          ],
          [
            118.706086,
            32.050978
          ]
        ]
      },
      "properties": {
        "id": "road-8-1-sidewalk-right",
        "kind": "sidewalk",
        "roadId": "road-8-1",
        "side": "right",
        "widthM": 1.8,
        "offsetM": 6.4,
        "sourceRefs": [
          "osm",
          "amap",
          "baidu-route-reference"
        ],
        "confidence": "estimated"
      }
    },
    {
      "type": "Feature",
      "id": "road-8-1-center-marking",
      "geometry": {
        "type": "LineString",
        "coordinates": [
          [
            118.704765,
            32.049174
          ],
          [
            118.706086,
            32.050978
          ]
        ]
      },
      "properties": {
        "id": "road-8-1-center-marking",
        "kind": "centerline",
        "roadId": "road-8-1",
        "widthM": 0.16,
        "dashM": 2.5,
        "gapM": 6,
        "sourceRefs": [
          "osm",
          "amap",
          "nanjing-official"
        ],
        "confidence": "estimated"
      }
    },
    {
      "type": "Feature",
      "id": "road-8-2-sidewalk-left",
      "geometry": {
        "type": "LineString",
        "coordinates": [
          [
            118.700671,
            32.043603
          ],
          [
            118.698196,
            32.040228
          ]
        ]
      },
      "properties": {
        "id": "road-8-2-sidewalk-left",
        "kind": "sidewalk",
        "roadId": "road-8-2",
        "side": "left",
        "widthM": 1.8,
        "offsetM": 6.4,
        "sourceRefs": [
          "osm",
          "amap",
          "nanjing-official"
        ],
        "confidence": "estimated"
      }
    },
    {
      "type": "Feature",
      "id": "road-8-2-sidewalk-right",
      "geometry": {
        "type": "LineString",
        "coordinates": [
          [
            118.700671,
            32.043603
          ],
          [
            118.698196,
            32.040228
          ]
        ]
      },
      "properties": {
        "id": "road-8-2-sidewalk-right",
        "kind": "sidewalk",
        "roadId": "road-8-2",
        "side": "right",
        "widthM": 1.8,
        "offsetM": 6.4,
        "sourceRefs": [
          "osm",
          "amap",
          "baidu-route-reference"
        ],
        "confidence": "estimated"
      }
    },
    {
      "type": "Feature",
      "id": "road-8-2-center-marking",
      "geometry": {
        "type": "LineString",
        "coordinates": [
          [
            118.700671,
            32.043603
          ],
          [
            118.698196,
            32.040228
          ]
        ]
      },
      "properties": {
        "id": "road-8-2-center-marking",
        "kind": "centerline",
        "roadId": "road-8-2",
        "widthM": 0.16,
        "dashM": 2.5,
        "gapM": 6,
        "sourceRefs": [
          "osm",
          "amap",
          "nanjing-official"
        ],
        "confidence": "estimated"
      }
    },
    {
      "type": "Feature",
      "id": "road-8-3-sidewalk-left",
      "geometry": {
        "type": "LineString",
        "coordinates": [
          [
            118.698025,
            32.04
          ],
          [
            118.69788,
            32.039786
          ]
        ]
      },
      "properties": {
        "id": "road-8-3-sidewalk-left",
        "kind": "sidewalk",
        "roadId": "road-8-3",
        "side": "left",
        "widthM": 1.8,
        "offsetM": 6.4,
        "sourceRefs": [
          "osm",
          "amap",
          "nanjing-official"
        ],
        "confidence": "estimated"
      }
    },
    {
      "type": "Feature",
      "id": "road-8-3-sidewalk-right",
      "geometry": {
        "type": "LineString",
        "coordinates": [
          [
            118.698025,
            32.04
          ],
          [
            118.69788,
            32.039786
          ]
        ]
      },
      "properties": {
        "id": "road-8-3-sidewalk-right",
        "kind": "sidewalk",
        "roadId": "road-8-3",
        "side": "right",
        "widthM": 1.8,
        "offsetM": 6.4,
        "sourceRefs": [
          "osm",
          "amap",
          "baidu-route-reference"
        ],
        "confidence": "estimated"
      }
    },
    {
      "type": "Feature",
      "id": "road-8-3-center-marking",
      "geometry": {
        "type": "LineString",
        "coordinates": [
          [
            118.698025,
            32.04
          ],
          [
            118.69788,
            32.039786
          ]
        ]
      },
      "properties": {
        "id": "road-8-3-center-marking",
        "kind": "centerline",
        "roadId": "road-8-3",
        "widthM": 0.16,
        "dashM": 2.5,
        "gapM": 6,
        "sourceRefs": [
          "osm",
          "amap",
          "nanjing-official"
        ],
        "confidence": "estimated"
      }
    },
    {
      "type": "Feature",
      "id": "road-8-4-sidewalk-left",
      "geometry": {
        "type": "LineString",
        "coordinates": [
          [
            118.698196,
            32.040228
          ],
          [
            118.698025,
            32.04
          ]
        ]
      },
      "properties": {
        "id": "road-8-4-sidewalk-left",
        "kind": "sidewalk",
        "roadId": "road-8-4",
        "side": "left",
        "widthM": 1.8,
        "offsetM": 6.4,
        "sourceRefs": [
          "osm",
          "amap",
          "nanjing-official"
        ],
        "confidence": "estimated"
      }
    },
    {
      "type": "Feature",
      "id": "road-8-4-sidewalk-right",
      "geometry": {
        "type": "LineString",
        "coordinates": [
          [
            118.698196,
            32.040228
          ],
          [
            118.698025,
            32.04
          ]
        ]
      },
      "properties": {
        "id": "road-8-4-sidewalk-right",
        "kind": "sidewalk",
        "roadId": "road-8-4",
        "side": "right",
        "widthM": 1.8,
        "offsetM": 6.4,
        "sourceRefs": [
          "osm",
          "amap",
          "baidu-route-reference"
        ],
        "confidence": "estimated"
      }
    },
    {
      "type": "Feature",
      "id": "road-8-4-center-marking",
      "geometry": {
        "type": "LineString",
        "coordinates": [
          [
            118.698196,
            32.040228
          ],
          [
            118.698025,
            32.04
          ]
        ]
      },
      "properties": {
        "id": "road-8-4-center-marking",
        "kind": "centerline",
        "roadId": "road-8-4",
        "widthM": 0.16,
        "dashM": 2.5,
        "gapM": 6,
        "sourceRefs": [
          "osm",
          "amap",
          "nanjing-official"
        ],
        "confidence": "estimated"
      }
    },
    {
      "type": "Feature",
      "id": "road-8-5-sidewalk-left",
      "geometry": {
        "type": "LineString",
        "coordinates": [
          [
            118.704765,
            32.049174
          ],
          [
            118.703541,
            32.0475
          ]
        ]
      },
      "properties": {
        "id": "road-8-5-sidewalk-left",
        "kind": "sidewalk",
        "roadId": "road-8-5",
        "side": "left",
        "widthM": 1.8,
        "offsetM": 6.4,
        "sourceRefs": [
          "osm",
          "amap",
          "nanjing-official"
        ],
        "confidence": "estimated"
      }
    },
    {
      "type": "Feature",
      "id": "road-8-5-sidewalk-right",
      "geometry": {
        "type": "LineString",
        "coordinates": [
          [
            118.704765,
            32.049174
          ],
          [
            118.703541,
            32.0475
          ]
        ]
      },
      "properties": {
        "id": "road-8-5-sidewalk-right",
        "kind": "sidewalk",
        "roadId": "road-8-5",
        "side": "right",
        "widthM": 1.8,
        "offsetM": 6.4,
        "sourceRefs": [
          "osm",
          "amap",
          "baidu-route-reference"
        ],
        "confidence": "estimated"
      }
    },
    {
      "type": "Feature",
      "id": "road-8-5-center-marking",
      "geometry": {
        "type": "LineString",
        "coordinates": [
          [
            118.704765,
            32.049174
          ],
          [
            118.703541,
            32.0475
          ]
        ]
      },
      "properties": {
        "id": "road-8-5-center-marking",
        "kind": "centerline",
        "roadId": "road-8-5",
        "widthM": 0.16,
        "dashM": 2.5,
        "gapM": 6,
        "sourceRefs": [
          "osm",
          "amap",
          "nanjing-official"
        ],
        "confidence": "estimated"
      }
    },
    {
      "type": "Feature",
      "id": "road-8-6-sidewalk-left",
      "geometry": {
        "type": "LineString",
        "coordinates": [
          [
            118.703541,
            32.0475
          ],
          [
            118.703373,
            32.04728
          ]
        ]
      },
      "properties": {
        "id": "road-8-6-sidewalk-left",
        "kind": "sidewalk",
        "roadId": "road-8-6",
        "side": "left",
        "widthM": 1.8,
        "offsetM": 6.4,
        "sourceRefs": [
          "osm",
          "amap",
          "nanjing-official"
        ],
        "confidence": "estimated"
      }
    },
    {
      "type": "Feature",
      "id": "road-8-6-sidewalk-right",
      "geometry": {
        "type": "LineString",
        "coordinates": [
          [
            118.703541,
            32.0475
          ],
          [
            118.703373,
            32.04728
          ]
        ]
      },
      "properties": {
        "id": "road-8-6-sidewalk-right",
        "kind": "sidewalk",
        "roadId": "road-8-6",
        "side": "right",
        "widthM": 1.8,
        "offsetM": 6.4,
        "sourceRefs": [
          "osm",
          "amap",
          "baidu-route-reference"
        ],
        "confidence": "estimated"
      }
    },
    {
      "type": "Feature",
      "id": "road-8-6-center-marking",
      "geometry": {
        "type": "LineString",
        "coordinates": [
          [
            118.703541,
            32.0475
          ],
          [
            118.703373,
            32.04728
          ]
        ]
      },
      "properties": {
        "id": "road-8-6-center-marking",
        "kind": "centerline",
        "roadId": "road-8-6",
        "widthM": 0.16,
        "dashM": 2.5,
        "gapM": 6,
        "sourceRefs": [
          "osm",
          "amap",
          "nanjing-official"
        ],
        "confidence": "estimated"
      }
    },
    {
      "type": "Feature",
      "id": "road-9-0-sidewalk-left",
      "geometry": {
        "type": "LineString",
        "coordinates": [
          [
            118.704187,
            32.045001
          ],
          [
            118.709324,
            32.041724
          ]
        ]
      },
      "properties": {
        "id": "road-9-0-sidewalk-left",
        "kind": "sidewalk",
        "roadId": "road-9-0",
        "side": "left",
        "widthM": 1.8,
        "offsetM": 6.4,
        "sourceRefs": [
          "osm",
          "amap",
          "nanjing-official"
        ],
        "confidence": "estimated"
      }
    },
    {
      "type": "Feature",
      "id": "road-9-0-sidewalk-right",
      "geometry": {
        "type": "LineString",
        "coordinates": [
          [
            118.704187,
            32.045001
          ],
          [
            118.709324,
            32.041724
          ]
        ]
      },
      "properties": {
        "id": "road-9-0-sidewalk-right",
        "kind": "sidewalk",
        "roadId": "road-9-0",
        "side": "right",
        "widthM": 1.8,
        "offsetM": 6.4,
        "sourceRefs": [
          "osm",
          "amap",
          "baidu-route-reference"
        ],
        "confidence": "estimated"
      }
    },
    {
      "type": "Feature",
      "id": "road-9-0-center-marking",
      "geometry": {
        "type": "LineString",
        "coordinates": [
          [
            118.704187,
            32.045001
          ],
          [
            118.709324,
            32.041724
          ]
        ]
      },
      "properties": {
        "id": "road-9-0-center-marking",
        "kind": "centerline",
        "roadId": "road-9-0",
        "widthM": 0.16,
        "dashM": 2.5,
        "gapM": 6,
        "sourceRefs": [
          "osm",
          "amap",
          "nanjing-official"
        ],
        "confidence": "estimated"
      }
    },
    {
      "type": "Feature",
      "id": "road-9-1-sidewalk-left",
      "geometry": {
        "type": "LineString",
        "coordinates": [
          [
            118.701453,
            32.046696
          ],
          [
            118.703982,
            32.045139
          ]
        ]
      },
      "properties": {
        "id": "road-9-1-sidewalk-left",
        "kind": "sidewalk",
        "roadId": "road-9-1",
        "side": "left",
        "widthM": 1.8,
        "offsetM": 6.4,
        "sourceRefs": [
          "osm",
          "amap",
          "nanjing-official"
        ],
        "confidence": "estimated"
      }
    },
    {
      "type": "Feature",
      "id": "road-9-1-sidewalk-right",
      "geometry": {
        "type": "LineString",
        "coordinates": [
          [
            118.701453,
            32.046696
          ],
          [
            118.703982,
            32.045139
          ]
        ]
      },
      "properties": {
        "id": "road-9-1-sidewalk-right",
        "kind": "sidewalk",
        "roadId": "road-9-1",
        "side": "right",
        "widthM": 1.8,
        "offsetM": 6.4,
        "sourceRefs": [
          "osm",
          "amap",
          "baidu-route-reference"
        ],
        "confidence": "estimated"
      }
    },
    {
      "type": "Feature",
      "id": "road-9-1-center-marking",
      "geometry": {
        "type": "LineString",
        "coordinates": [
          [
            118.701453,
            32.046696
          ],
          [
            118.703982,
            32.045139
          ]
        ]
      },
      "properties": {
        "id": "road-9-1-center-marking",
        "kind": "centerline",
        "roadId": "road-9-1",
        "widthM": 0.16,
        "dashM": 2.5,
        "gapM": 6,
        "sourceRefs": [
          "osm",
          "amap",
          "nanjing-official"
        ],
        "confidence": "estimated"
      }
    },
    {
      "type": "Feature",
      "id": "road-9-2-sidewalk-left",
      "geometry": {
        "type": "LineString",
        "coordinates": [
          [
            118.703982,
            32.045139
          ],
          [
            118.704187,
            32.045001
          ]
        ]
      },
      "properties": {
        "id": "road-9-2-sidewalk-left",
        "kind": "sidewalk",
        "roadId": "road-9-2",
        "side": "left",
        "widthM": 1.8,
        "offsetM": 6.4,
        "sourceRefs": [
          "osm",
          "amap",
          "nanjing-official"
        ],
        "confidence": "estimated"
      }
    },
    {
      "type": "Feature",
      "id": "road-9-2-sidewalk-right",
      "geometry": {
        "type": "LineString",
        "coordinates": [
          [
            118.703982,
            32.045139
          ],
          [
            118.704187,
            32.045001
          ]
        ]
      },
      "properties": {
        "id": "road-9-2-sidewalk-right",
        "kind": "sidewalk",
        "roadId": "road-9-2",
        "side": "right",
        "widthM": 1.8,
        "offsetM": 6.4,
        "sourceRefs": [
          "osm",
          "amap",
          "baidu-route-reference"
        ],
        "confidence": "estimated"
      }
    },
    {
      "type": "Feature",
      "id": "road-9-2-center-marking",
      "geometry": {
        "type": "LineString",
        "coordinates": [
          [
            118.703982,
            32.045139
          ],
          [
            118.704187,
            32.045001
          ]
        ]
      },
      "properties": {
        "id": "road-9-2-center-marking",
        "kind": "centerline",
        "roadId": "road-9-2",
        "widthM": 0.16,
        "dashM": 2.5,
        "gapM": 6,
        "sourceRefs": [
          "osm",
          "amap",
          "nanjing-official"
        ],
        "confidence": "estimated"
      }
    },
    {
      "type": "Feature",
      "id": "road-10-0-sidewalk-left",
      "geometry": {
        "type": "LineString",
        "coordinates": [
          [
            118.701474,
            32.038015
          ],
          [
            118.699317,
            32.039134
          ]
        ]
      },
      "properties": {
        "id": "road-10-0-sidewalk-left",
        "kind": "sidewalk",
        "roadId": "road-10-0",
        "side": "left",
        "widthM": 1.8,
        "offsetM": 6.4,
        "sourceRefs": [
          "osm",
          "amap",
          "nanjing-official"
        ],
        "confidence": "estimated"
      }
    },
    {
      "type": "Feature",
      "id": "road-10-0-sidewalk-right",
      "geometry": {
        "type": "LineString",
        "coordinates": [
          [
            118.701474,
            32.038015
          ],
          [
            118.699317,
            32.039134
          ]
        ]
      },
      "properties": {
        "id": "road-10-0-sidewalk-right",
        "kind": "sidewalk",
        "roadId": "road-10-0",
        "side": "right",
        "widthM": 1.8,
        "offsetM": 6.4,
        "sourceRefs": [
          "osm",
          "amap",
          "baidu-route-reference"
        ],
        "confidence": "estimated"
      }
    },
    {
      "type": "Feature",
      "id": "road-10-0-center-marking",
      "geometry": {
        "type": "LineString",
        "coordinates": [
          [
            118.701474,
            32.038015
          ],
          [
            118.699317,
            32.039134
          ]
        ]
      },
      "properties": {
        "id": "road-10-0-center-marking",
        "kind": "centerline",
        "roadId": "road-10-0",
        "widthM": 0.16,
        "dashM": 2.5,
        "gapM": 6,
        "sourceRefs": [
          "osm",
          "amap",
          "nanjing-official"
        ],
        "confidence": "estimated"
      }
    },
    {
      "type": "Feature",
      "id": "road-10-1-sidewalk-left",
      "geometry": {
        "type": "LineString",
        "coordinates": [
          [
            118.697924,
            32.039847
          ],
          [
            118.696337,
            32.040661
          ]
        ]
      },
      "properties": {
        "id": "road-10-1-sidewalk-left",
        "kind": "sidewalk",
        "roadId": "road-10-1",
        "side": "left",
        "widthM": 1.8,
        "offsetM": 6.4,
        "sourceRefs": [
          "osm",
          "amap",
          "nanjing-official"
        ],
        "confidence": "estimated"
      }
    },
    {
      "type": "Feature",
      "id": "road-10-1-sidewalk-right",
      "geometry": {
        "type": "LineString",
        "coordinates": [
          [
            118.697924,
            32.039847
          ],
          [
            118.696337,
            32.040661
          ]
        ]
      },
      "properties": {
        "id": "road-10-1-sidewalk-right",
        "kind": "sidewalk",
        "roadId": "road-10-1",
        "side": "right",
        "widthM": 1.8,
        "offsetM": 6.4,
        "sourceRefs": [
          "osm",
          "amap",
          "baidu-route-reference"
        ],
        "confidence": "estimated"
      }
    },
    {
      "type": "Feature",
      "id": "road-10-1-center-marking",
      "geometry": {
        "type": "LineString",
        "coordinates": [
          [
            118.697924,
            32.039847
          ],
          [
            118.696337,
            32.040661
          ]
        ]
      },
      "properties": {
        "id": "road-10-1-center-marking",
        "kind": "centerline",
        "roadId": "road-10-1",
        "widthM": 0.16,
        "dashM": 2.5,
        "gapM": 6,
        "sourceRefs": [
          "osm",
          "amap",
          "nanjing-official"
        ],
        "confidence": "estimated"
      }
    },
    {
      "type": "Feature",
      "id": "road-10-2-sidewalk-left",
      "geometry": {
        "type": "LineString",
        "coordinates": [
          [
            118.699317,
            32.039134
          ],
          [
            118.697924,
            32.039847
          ]
        ]
      },
      "properties": {
        "id": "road-10-2-sidewalk-left",
        "kind": "sidewalk",
        "roadId": "road-10-2",
        "side": "left",
        "widthM": 1.8,
        "offsetM": 6.4,
        "sourceRefs": [
          "osm",
          "amap",
          "nanjing-official"
        ],
        "confidence": "estimated"
      }
    },
    {
      "type": "Feature",
      "id": "road-10-2-sidewalk-right",
      "geometry": {
        "type": "LineString",
        "coordinates": [
          [
            118.699317,
            32.039134
          ],
          [
            118.697924,
            32.039847
          ]
        ]
      },
      "properties": {
        "id": "road-10-2-sidewalk-right",
        "kind": "sidewalk",
        "roadId": "road-10-2",
        "side": "right",
        "widthM": 1.8,
        "offsetM": 6.4,
        "sourceRefs": [
          "osm",
          "amap",
          "baidu-route-reference"
        ],
        "confidence": "estimated"
      }
    },
    {
      "type": "Feature",
      "id": "road-10-2-center-marking",
      "geometry": {
        "type": "LineString",
        "coordinates": [
          [
            118.699317,
            32.039134
          ],
          [
            118.697924,
            32.039847
          ]
        ]
      },
      "properties": {
        "id": "road-10-2-center-marking",
        "kind": "centerline",
        "roadId": "road-10-2",
        "widthM": 0.16,
        "dashM": 2.5,
        "gapM": 6,
        "sourceRefs": [
          "osm",
          "amap",
          "nanjing-official"
        ],
        "confidence": "estimated"
      }
    },
    {
      "type": "Feature",
      "id": "road-10-3-sidewalk-left",
      "geometry": {
        "type": "LineString",
        "coordinates": [
          [
            118.696337,
            32.040661
          ],
          [
            118.696346,
            32.040577
          ],
          [
            118.701426,
            32.037955
          ]
        ]
      },
      "properties": {
        "id": "road-10-3-sidewalk-left",
        "kind": "sidewalk",
        "roadId": "road-10-3",
        "side": "left",
        "widthM": 1.8,
        "offsetM": 6.4,
        "sourceRefs": [
          "osm",
          "amap",
          "nanjing-official"
        ],
        "confidence": "estimated"
      }
    },
    {
      "type": "Feature",
      "id": "road-10-3-sidewalk-right",
      "geometry": {
        "type": "LineString",
        "coordinates": [
          [
            118.696337,
            32.040661
          ],
          [
            118.696346,
            32.040577
          ],
          [
            118.701426,
            32.037955
          ]
        ]
      },
      "properties": {
        "id": "road-10-3-sidewalk-right",
        "kind": "sidewalk",
        "roadId": "road-10-3",
        "side": "right",
        "widthM": 1.8,
        "offsetM": 6.4,
        "sourceRefs": [
          "osm",
          "amap",
          "baidu-route-reference"
        ],
        "confidence": "estimated"
      }
    },
    {
      "type": "Feature",
      "id": "road-10-3-center-marking",
      "geometry": {
        "type": "LineString",
        "coordinates": [
          [
            118.696337,
            32.040661
          ],
          [
            118.696346,
            32.040577
          ],
          [
            118.701426,
            32.037955
          ]
        ]
      },
      "properties": {
        "id": "road-10-3-center-marking",
        "kind": "centerline",
        "roadId": "road-10-3",
        "widthM": 0.16,
        "dashM": 2.5,
        "gapM": 6,
        "sourceRefs": [
          "osm",
          "amap",
          "nanjing-official"
        ],
        "confidence": "estimated"
      }
    },
    {
      "type": "Feature",
      "id": "road-11-0-shared-greenway",
      "geometry": {
        "type": "LineString",
        "coordinates": [
          [
            118.69399,
            31.999741
          ],
          [
            118.694177,
            32.000014
          ],
          [
            118.694368,
            32.000133
          ],
          [
            118.694807,
            32.000149
          ],
          [
            118.695519,
            31.999754
          ],
          [
            118.695919,
            31.999444
          ],
          [
            118.697569,
            31.997431
          ],
          [
            118.699348,
            31.995421
          ]
        ]
      },
      "properties": {
        "id": "road-11-0-shared-greenway",
        "kind": "greenway",
        "roadId": "road-11-0",
        "side": "center",
        "widthM": 3.5,
        "offsetM": 0,
        "sourceRefs": [
          "osm",
          "amap",
          "nanjing-official"
        ],
        "confidence": "triangulated"
      }
    },
    {
      "type": "Feature",
      "id": "road-11-1-shared-greenway",
      "geometry": {
        "type": "LineString",
        "coordinates": [
          [
            118.699348,
            31.995421
          ],
          [
            118.699601,
            31.995015
          ]
        ]
      },
      "properties": {
        "id": "road-11-1-shared-greenway",
        "kind": "greenway",
        "roadId": "road-11-1",
        "side": "center",
        "widthM": 3.5,
        "offsetM": 0,
        "sourceRefs": [
          "osm",
          "amap",
          "nanjing-official"
        ],
        "confidence": "triangulated"
      }
    },
    {
      "type": "Feature",
      "id": "road-11-2-shared-greenway",
      "geometry": {
        "type": "LineString",
        "coordinates": [
          [
            118.699348,
            31.995421
          ],
          [
            118.699677,
            31.995113
          ]
        ]
      },
      "properties": {
        "id": "road-11-2-shared-greenway",
        "kind": "greenway",
        "roadId": "road-11-2",
        "side": "center",
        "widthM": 3.5,
        "offsetM": 0,
        "sourceRefs": [
          "osm",
          "amap",
          "nanjing-official"
        ],
        "confidence": "triangulated"
      }
    },
    {
      "type": "Feature",
      "id": "road-12-0-sidewalk-left",
      "geometry": {
        "type": "LineString",
        "coordinates": [
          [
            118.699883,
            32.031481
          ],
          [
            118.697784,
            32.032974
          ]
        ]
      },
      "properties": {
        "id": "road-12-0-sidewalk-left",
        "kind": "sidewalk",
        "roadId": "road-12-0",
        "side": "left",
        "widthM": 1.8,
        "offsetM": 4.15,
        "sourceRefs": [
          "osm",
          "amap",
          "nanjing-official"
        ],
        "confidence": "estimated"
      }
    },
    {
      "type": "Feature",
      "id": "road-12-0-sidewalk-right",
      "geometry": {
        "type": "LineString",
        "coordinates": [
          [
            118.699883,
            32.031481
          ],
          [
            118.697784,
            32.032974
          ]
        ]
      },
      "properties": {
        "id": "road-12-0-sidewalk-right",
        "kind": "sidewalk",
        "roadId": "road-12-0",
        "side": "right",
        "widthM": 1.8,
        "offsetM": 4.15,
        "sourceRefs": [
          "osm",
          "amap",
          "baidu-route-reference"
        ],
        "confidence": "estimated"
      }
    },
    {
      "type": "Feature",
      "id": "road-12-1-sidewalk-left",
      "geometry": {
        "type": "LineString",
        "coordinates": [
          [
            118.695901,
            32.034282
          ],
          [
            118.693494,
            32.03594
          ]
        ]
      },
      "properties": {
        "id": "road-12-1-sidewalk-left",
        "kind": "sidewalk",
        "roadId": "road-12-1",
        "side": "left",
        "widthM": 1.8,
        "offsetM": 4.15,
        "sourceRefs": [
          "osm",
          "amap",
          "nanjing-official"
        ],
        "confidence": "estimated"
      }
    },
    {
      "type": "Feature",
      "id": "road-12-1-sidewalk-right",
      "geometry": {
        "type": "LineString",
        "coordinates": [
          [
            118.695901,
            32.034282
          ],
          [
            118.693494,
            32.03594
          ]
        ]
      },
      "properties": {
        "id": "road-12-1-sidewalk-right",
        "kind": "sidewalk",
        "roadId": "road-12-1",
        "side": "right",
        "widthM": 1.8,
        "offsetM": 4.15,
        "sourceRefs": [
          "osm",
          "amap",
          "baidu-route-reference"
        ],
        "confidence": "estimated"
      }
    },
    {
      "type": "Feature",
      "id": "road-12-2-sidewalk-left",
      "geometry": {
        "type": "LineString",
        "coordinates": [
          [
            118.696155,
            32.034104
          ],
          [
            118.695901,
            32.034282
          ]
        ]
      },
      "properties": {
        "id": "road-12-2-sidewalk-left",
        "kind": "sidewalk",
        "roadId": "road-12-2",
        "side": "left",
        "widthM": 1.8,
        "offsetM": 4.15,
        "sourceRefs": [
          "osm",
          "amap",
          "nanjing-official"
        ],
        "confidence": "estimated"
      }
    },
    {
      "type": "Feature",
      "id": "road-12-2-sidewalk-right",
      "geometry": {
        "type": "LineString",
        "coordinates": [
          [
            118.696155,
            32.034104
          ],
          [
            118.695901,
            32.034282
          ]
        ]
      },
      "properties": {
        "id": "road-12-2-sidewalk-right",
        "kind": "sidewalk",
        "roadId": "road-12-2",
        "side": "right",
        "widthM": 1.8,
        "offsetM": 4.15,
        "sourceRefs": [
          "osm",
          "amap",
          "baidu-route-reference"
        ],
        "confidence": "estimated"
      }
    },
    {
      "type": "Feature",
      "id": "road-12-3-sidewalk-left",
      "geometry": {
        "type": "LineString",
        "coordinates": [
          [
            118.697784,
            32.032974
          ],
          [
            118.696155,
            32.034104
          ]
        ]
      },
      "properties": {
        "id": "road-12-3-sidewalk-left",
        "kind": "sidewalk",
        "roadId": "road-12-3",
        "side": "left",
        "widthM": 1.8,
        "offsetM": 4.15,
        "sourceRefs": [
          "osm",
          "amap",
          "nanjing-official"
        ],
        "confidence": "estimated"
      }
    },
    {
      "type": "Feature",
      "id": "road-12-3-sidewalk-right",
      "geometry": {
        "type": "LineString",
        "coordinates": [
          [
            118.697784,
            32.032974
          ],
          [
            118.696155,
            32.034104
          ]
        ]
      },
      "properties": {
        "id": "road-12-3-sidewalk-right",
        "kind": "sidewalk",
        "roadId": "road-12-3",
        "side": "right",
        "widthM": 1.8,
        "offsetM": 4.15,
        "sourceRefs": [
          "osm",
          "amap",
          "baidu-route-reference"
        ],
        "confidence": "estimated"
      }
    },
    {
      "type": "Feature",
      "id": "road-13-0-sidewalk-left",
      "geometry": {
        "type": "LineString",
        "coordinates": [
          [
            118.705908,
            32.040866
          ],
          [
            118.702532,
            32.042639
          ]
        ]
      },
      "properties": {
        "id": "road-13-0-sidewalk-left",
        "kind": "sidewalk",
        "roadId": "road-13-0",
        "side": "left",
        "widthM": 1.8,
        "offsetM": 6.4,
        "sourceRefs": [
          "osm",
          "amap",
          "nanjing-official"
        ],
        "confidence": "estimated"
      }
    },
    {
      "type": "Feature",
      "id": "road-13-0-sidewalk-right",
      "geometry": {
        "type": "LineString",
        "coordinates": [
          [
            118.705908,
            32.040866
          ],
          [
            118.702532,
            32.042639
          ]
        ]
      },
      "properties": {
        "id": "road-13-0-sidewalk-right",
        "kind": "sidewalk",
        "roadId": "road-13-0",
        "side": "right",
        "widthM": 1.8,
        "offsetM": 6.4,
        "sourceRefs": [
          "osm",
          "amap",
          "baidu-route-reference"
        ],
        "confidence": "estimated"
      }
    },
    {
      "type": "Feature",
      "id": "road-13-0-center-marking",
      "geometry": {
        "type": "LineString",
        "coordinates": [
          [
            118.705908,
            32.040866
          ],
          [
            118.702532,
            32.042639
          ]
        ]
      },
      "properties": {
        "id": "road-13-0-center-marking",
        "kind": "centerline",
        "roadId": "road-13-0",
        "widthM": 0.16,
        "dashM": 2.5,
        "gapM": 6,
        "sourceRefs": [
          "osm",
          "amap",
          "nanjing-official"
        ],
        "confidence": "estimated"
      }
    },
    {
      "type": "Feature",
      "id": "road-13-1-sidewalk-left",
      "geometry": {
        "type": "LineString",
        "coordinates": [
          [
            118.699119,
            32.044415
          ],
          [
            118.697544,
            32.045267
          ]
        ]
      },
      "properties": {
        "id": "road-13-1-sidewalk-left",
        "kind": "sidewalk",
        "roadId": "road-13-1",
        "side": "left",
        "widthM": 1.8,
        "offsetM": 6.4,
        "sourceRefs": [
          "osm",
          "amap",
          "nanjing-official"
        ],
        "confidence": "estimated"
      }
    },
    {
      "type": "Feature",
      "id": "road-13-1-sidewalk-right",
      "geometry": {
        "type": "LineString",
        "coordinates": [
          [
            118.699119,
            32.044415
          ],
          [
            118.697544,
            32.045267
          ]
        ]
      },
      "properties": {
        "id": "road-13-1-sidewalk-right",
        "kind": "sidewalk",
        "roadId": "road-13-1",
        "side": "right",
        "widthM": 1.8,
        "offsetM": 6.4,
        "sourceRefs": [
          "osm",
          "amap",
          "baidu-route-reference"
        ],
        "confidence": "estimated"
      }
    },
    {
      "type": "Feature",
      "id": "road-13-1-center-marking",
      "geometry": {
        "type": "LineString",
        "coordinates": [
          [
            118.699119,
            32.044415
          ],
          [
            118.697544,
            32.045267
          ]
        ]
      },
      "properties": {
        "id": "road-13-1-center-marking",
        "kind": "centerline",
        "roadId": "road-13-1",
        "widthM": 0.16,
        "dashM": 2.5,
        "gapM": 6,
        "sourceRefs": [
          "osm",
          "amap",
          "nanjing-official"
        ],
        "confidence": "estimated"
      }
    },
    {
      "type": "Feature",
      "id": "road-13-2-sidewalk-left",
      "geometry": {
        "type": "LineString",
        "coordinates": [
          [
            118.700671,
            32.043603
          ],
          [
            118.699379,
            32.044275
          ]
        ]
      },
      "properties": {
        "id": "road-13-2-sidewalk-left",
        "kind": "sidewalk",
        "roadId": "road-13-2",
        "side": "left",
        "widthM": 1.8,
        "offsetM": 6.4,
        "sourceRefs": [
          "osm",
          "amap",
          "nanjing-official"
        ],
        "confidence": "estimated"
      }
    },
    {
      "type": "Feature",
      "id": "road-13-2-sidewalk-right",
      "geometry": {
        "type": "LineString",
        "coordinates": [
          [
            118.700671,
            32.043603
          ],
          [
            118.699379,
            32.044275
          ]
        ]
      },
      "properties": {
        "id": "road-13-2-sidewalk-right",
        "kind": "sidewalk",
        "roadId": "road-13-2",
        "side": "right",
        "widthM": 1.8,
        "offsetM": 6.4,
        "sourceRefs": [
          "osm",
          "amap",
          "baidu-route-reference"
        ],
        "confidence": "estimated"
      }
    },
    {
      "type": "Feature",
      "id": "road-13-2-center-marking",
      "geometry": {
        "type": "LineString",
        "coordinates": [
          [
            118.700671,
            32.043603
          ],
          [
            118.699379,
            32.044275
          ]
        ]
      },
      "properties": {
        "id": "road-13-2-center-marking",
        "kind": "centerline",
        "roadId": "road-13-2",
        "widthM": 0.16,
        "dashM": 2.5,
        "gapM": 6,
        "sourceRefs": [
          "osm",
          "amap",
          "nanjing-official"
        ],
        "confidence": "estimated"
      }
    },
    {
      "type": "Feature",
      "id": "road-13-3-sidewalk-left",
      "geometry": {
        "type": "LineString",
        "coordinates": [
          [
            118.699379,
            32.044275
          ],
          [
            118.699119,
            32.044415
          ]
        ]
      },
      "properties": {
        "id": "road-13-3-sidewalk-left",
        "kind": "sidewalk",
        "roadId": "road-13-3",
        "side": "left",
        "widthM": 1.8,
        "offsetM": 6.4,
        "sourceRefs": [
          "osm",
          "amap",
          "nanjing-official"
        ],
        "confidence": "estimated"
      }
    },
    {
      "type": "Feature",
      "id": "road-13-3-sidewalk-right",
      "geometry": {
        "type": "LineString",
        "coordinates": [
          [
            118.699379,
            32.044275
          ],
          [
            118.699119,
            32.044415
          ]
        ]
      },
      "properties": {
        "id": "road-13-3-sidewalk-right",
        "kind": "sidewalk",
        "roadId": "road-13-3",
        "side": "right",
        "widthM": 1.8,
        "offsetM": 6.4,
        "sourceRefs": [
          "osm",
          "amap",
          "baidu-route-reference"
        ],
        "confidence": "estimated"
      }
    },
    {
      "type": "Feature",
      "id": "road-13-3-center-marking",
      "geometry": {
        "type": "LineString",
        "coordinates": [
          [
            118.699379,
            32.044275
          ],
          [
            118.699119,
            32.044415
          ]
        ]
      },
      "properties": {
        "id": "road-13-3-center-marking",
        "kind": "centerline",
        "roadId": "road-13-3",
        "widthM": 0.16,
        "dashM": 2.5,
        "gapM": 6,
        "sourceRefs": [
          "osm",
          "amap",
          "nanjing-official"
        ],
        "confidence": "estimated"
      }
    },
    {
      "type": "Feature",
      "id": "road-13-4-sidewalk-left",
      "geometry": {
        "type": "LineString",
        "coordinates": [
          [
            118.702294,
            32.042768
          ],
          [
            118.700671,
            32.043603
          ]
        ]
      },
      "properties": {
        "id": "road-13-4-sidewalk-left",
        "kind": "sidewalk",
        "roadId": "road-13-4",
        "side": "left",
        "widthM": 1.8,
        "offsetM": 6.4,
        "sourceRefs": [
          "osm",
          "amap",
          "nanjing-official"
        ],
        "confidence": "estimated"
      }
    },
    {
      "type": "Feature",
      "id": "road-13-4-sidewalk-right",
      "geometry": {
        "type": "LineString",
        "coordinates": [
          [
            118.702294,
            32.042768
          ],
          [
            118.700671,
            32.043603
          ]
        ]
      },
      "properties": {
        "id": "road-13-4-sidewalk-right",
        "kind": "sidewalk",
        "roadId": "road-13-4",
        "side": "right",
        "widthM": 1.8,
        "offsetM": 6.4,
        "sourceRefs": [
          "osm",
          "amap",
          "baidu-route-reference"
        ],
        "confidence": "estimated"
      }
    },
    {
      "type": "Feature",
      "id": "road-13-4-center-marking",
      "geometry": {
        "type": "LineString",
        "coordinates": [
          [
            118.702294,
            32.042768
          ],
          [
            118.700671,
            32.043603
          ]
        ]
      },
      "properties": {
        "id": "road-13-4-center-marking",
        "kind": "centerline",
        "roadId": "road-13-4",
        "widthM": 0.16,
        "dashM": 2.5,
        "gapM": 6,
        "sourceRefs": [
          "osm",
          "amap",
          "nanjing-official"
        ],
        "confidence": "estimated"
      }
    },
    {
      "type": "Feature",
      "id": "road-13-5-sidewalk-left",
      "geometry": {
        "type": "LineString",
        "coordinates": [
          [
            118.702532,
            32.042639
          ],
          [
            118.702294,
            32.042768
          ]
        ]
      },
      "properties": {
        "id": "road-13-5-sidewalk-left",
        "kind": "sidewalk",
        "roadId": "road-13-5",
        "side": "left",
        "widthM": 1.8,
        "offsetM": 6.4,
        "sourceRefs": [
          "osm",
          "amap",
          "nanjing-official"
        ],
        "confidence": "estimated"
      }
    },
    {
      "type": "Feature",
      "id": "road-13-5-sidewalk-right",
      "geometry": {
        "type": "LineString",
        "coordinates": [
          [
            118.702532,
            32.042639
          ],
          [
            118.702294,
            32.042768
          ]
        ]
      },
      "properties": {
        "id": "road-13-5-sidewalk-right",
        "kind": "sidewalk",
        "roadId": "road-13-5",
        "side": "right",
        "widthM": 1.8,
        "offsetM": 6.4,
        "sourceRefs": [
          "osm",
          "amap",
          "baidu-route-reference"
        ],
        "confidence": "estimated"
      }
    },
    {
      "type": "Feature",
      "id": "road-13-5-center-marking",
      "geometry": {
        "type": "LineString",
        "coordinates": [
          [
            118.702532,
            32.042639
          ],
          [
            118.702294,
            32.042768
          ]
        ]
      },
      "properties": {
        "id": "road-13-5-center-marking",
        "kind": "centerline",
        "roadId": "road-13-5",
        "widthM": 0.16,
        "dashM": 2.5,
        "gapM": 6,
        "sourceRefs": [
          "osm",
          "amap",
          "nanjing-official"
        ],
        "confidence": "estimated"
      }
    },
    {
      "type": "Feature",
      "id": "road-13-6-sidewalk-left",
      "geometry": {
        "type": "LineString",
        "coordinates": [
          [
            118.702473,
            32.042563
          ],
          [
            118.70587,
            32.040804
          ]
        ]
      },
      "properties": {
        "id": "road-13-6-sidewalk-left",
        "kind": "sidewalk",
        "roadId": "road-13-6",
        "side": "left",
        "widthM": 1.8,
        "offsetM": 6.4,
        "sourceRefs": [
          "osm",
          "amap",
          "nanjing-official"
        ],
        "confidence": "estimated"
      }
    },
    {
      "type": "Feature",
      "id": "road-13-6-sidewalk-right",
      "geometry": {
        "type": "LineString",
        "coordinates": [
          [
            118.702473,
            32.042563
          ],
          [
            118.70587,
            32.040804
          ]
        ]
      },
      "properties": {
        "id": "road-13-6-sidewalk-right",
        "kind": "sidewalk",
        "roadId": "road-13-6",
        "side": "right",
        "widthM": 1.8,
        "offsetM": 6.4,
        "sourceRefs": [
          "osm",
          "amap",
          "baidu-route-reference"
        ],
        "confidence": "estimated"
      }
    },
    {
      "type": "Feature",
      "id": "road-13-6-center-marking",
      "geometry": {
        "type": "LineString",
        "coordinates": [
          [
            118.702473,
            32.042563
          ],
          [
            118.70587,
            32.040804
          ]
        ]
      },
      "properties": {
        "id": "road-13-6-center-marking",
        "kind": "centerline",
        "roadId": "road-13-6",
        "widthM": 0.16,
        "dashM": 2.5,
        "gapM": 6,
        "sourceRefs": [
          "osm",
          "amap",
          "nanjing-official"
        ],
        "confidence": "estimated"
      }
    },
    {
      "type": "Feature",
      "id": "road-13-7-sidewalk-left",
      "geometry": {
        "type": "LineString",
        "coordinates": [
          [
            118.697489,
            32.045208
          ],
          [
            118.69908,
            32.044365
          ]
        ]
      },
      "properties": {
        "id": "road-13-7-sidewalk-left",
        "kind": "sidewalk",
        "roadId": "road-13-7",
        "side": "left",
        "widthM": 1.8,
        "offsetM": 6.4,
        "sourceRefs": [
          "osm",
          "amap",
          "nanjing-official"
        ],
        "confidence": "estimated"
      }
    },
    {
      "type": "Feature",
      "id": "road-13-7-sidewalk-right",
      "geometry": {
        "type": "LineString",
        "coordinates": [
          [
            118.697489,
            32.045208
          ],
          [
            118.69908,
            32.044365
          ]
        ]
      },
      "properties": {
        "id": "road-13-7-sidewalk-right",
        "kind": "sidewalk",
        "roadId": "road-13-7",
        "side": "right",
        "widthM": 1.8,
        "offsetM": 6.4,
        "sourceRefs": [
          "osm",
          "amap",
          "baidu-route-reference"
        ],
        "confidence": "estimated"
      }
    },
    {
      "type": "Feature",
      "id": "road-13-7-center-marking",
      "geometry": {
        "type": "LineString",
        "coordinates": [
          [
            118.697489,
            32.045208
          ],
          [
            118.69908,
            32.044365
          ]
        ]
      },
      "properties": {
        "id": "road-13-7-center-marking",
        "kind": "centerline",
        "roadId": "road-13-7",
        "widthM": 0.16,
        "dashM": 2.5,
        "gapM": 6,
        "sourceRefs": [
          "osm",
          "amap",
          "nanjing-official"
        ],
        "confidence": "estimated"
      }
    },
    {
      "type": "Feature",
      "id": "road-13-8-sidewalk-left",
      "geometry": {
        "type": "LineString",
        "coordinates": [
          [
            118.69908,
            32.044365
          ],
          [
            118.699343,
            32.044218
          ]
        ]
      },
      "properties": {
        "id": "road-13-8-sidewalk-left",
        "kind": "sidewalk",
        "roadId": "road-13-8",
        "side": "left",
        "widthM": 1.8,
        "offsetM": 6.4,
        "sourceRefs": [
          "osm",
          "amap",
          "nanjing-official"
        ],
        "confidence": "estimated"
      }
    },
    {
      "type": "Feature",
      "id": "road-13-8-sidewalk-right",
      "geometry": {
        "type": "LineString",
        "coordinates": [
          [
            118.69908,
            32.044365
          ],
          [
            118.699343,
            32.044218
          ]
        ]
      },
      "properties": {
        "id": "road-13-8-sidewalk-right",
        "kind": "sidewalk",
        "roadId": "road-13-8",
        "side": "right",
        "widthM": 1.8,
        "offsetM": 6.4,
        "sourceRefs": [
          "osm",
          "amap",
          "baidu-route-reference"
        ],
        "confidence": "estimated"
      }
    },
    {
      "type": "Feature",
      "id": "road-13-8-center-marking",
      "geometry": {
        "type": "LineString",
        "coordinates": [
          [
            118.69908,
            32.044365
          ],
          [
            118.699343,
            32.044218
          ]
        ]
      },
      "properties": {
        "id": "road-13-8-center-marking",
        "kind": "centerline",
        "roadId": "road-13-8",
        "widthM": 0.16,
        "dashM": 2.5,
        "gapM": 6,
        "sourceRefs": [
          "osm",
          "amap",
          "nanjing-official"
        ],
        "confidence": "estimated"
      }
    },
    {
      "type": "Feature",
      "id": "road-13-9-sidewalk-left",
      "geometry": {
        "type": "LineString",
        "coordinates": [
          [
            118.699343,
            32.044218
          ],
          [
            118.702246,
            32.042688
          ]
        ]
      },
      "properties": {
        "id": "road-13-9-sidewalk-left",
        "kind": "sidewalk",
        "roadId": "road-13-9",
        "side": "left",
        "widthM": 1.8,
        "offsetM": 6.4,
        "sourceRefs": [
          "osm",
          "amap",
          "nanjing-official"
        ],
        "confidence": "estimated"
      }
    },
    {
      "type": "Feature",
      "id": "road-13-9-sidewalk-right",
      "geometry": {
        "type": "LineString",
        "coordinates": [
          [
            118.699343,
            32.044218
          ],
          [
            118.702246,
            32.042688
          ]
        ]
      },
      "properties": {
        "id": "road-13-9-sidewalk-right",
        "kind": "sidewalk",
        "roadId": "road-13-9",
        "side": "right",
        "widthM": 1.8,
        "offsetM": 6.4,
        "sourceRefs": [
          "osm",
          "amap",
          "baidu-route-reference"
        ],
        "confidence": "estimated"
      }
    },
    {
      "type": "Feature",
      "id": "road-13-9-center-marking",
      "geometry": {
        "type": "LineString",
        "coordinates": [
          [
            118.699343,
            32.044218
          ],
          [
            118.702246,
            32.042688
          ]
        ]
      },
      "properties": {
        "id": "road-13-9-center-marking",
        "kind": "centerline",
        "roadId": "road-13-9",
        "widthM": 0.16,
        "dashM": 2.5,
        "gapM": 6,
        "sourceRefs": [
          "osm",
          "amap",
          "nanjing-official"
        ],
        "confidence": "estimated"
      }
    },
    {
      "type": "Feature",
      "id": "road-13-10-sidewalk-left",
      "geometry": {
        "type": "LineString",
        "coordinates": [
          [
            118.702246,
            32.042688
          ],
          [
            118.702473,
            32.042563
          ]
        ]
      },
      "properties": {
        "id": "road-13-10-sidewalk-left",
        "kind": "sidewalk",
        "roadId": "road-13-10",
        "side": "left",
        "widthM": 1.8,
        "offsetM": 6.4,
        "sourceRefs": [
          "osm",
          "amap",
          "nanjing-official"
        ],
        "confidence": "estimated"
      }
    },
    {
      "type": "Feature",
      "id": "road-13-10-sidewalk-right",
      "geometry": {
        "type": "LineString",
        "coordinates": [
          [
            118.702246,
            32.042688
          ],
          [
            118.702473,
            32.042563
          ]
        ]
      },
      "properties": {
        "id": "road-13-10-sidewalk-right",
        "kind": "sidewalk",
        "roadId": "road-13-10",
        "side": "right",
        "widthM": 1.8,
        "offsetM": 6.4,
        "sourceRefs": [
          "osm",
          "amap",
          "baidu-route-reference"
        ],
        "confidence": "estimated"
      }
    },
    {
      "type": "Feature",
      "id": "road-13-10-center-marking",
      "geometry": {
        "type": "LineString",
        "coordinates": [
          [
            118.702246,
            32.042688
          ],
          [
            118.702473,
            32.042563
          ]
        ]
      },
      "properties": {
        "id": "road-13-10-center-marking",
        "kind": "centerline",
        "roadId": "road-13-10",
        "widthM": 0.16,
        "dashM": 2.5,
        "gapM": 6,
        "sourceRefs": [
          "osm",
          "amap",
          "nanjing-official"
        ],
        "confidence": "estimated"
      }
    },
    {
      "type": "Feature",
      "id": "road-13-11-sidewalk-left",
      "geometry": {
        "type": "LineString",
        "coordinates": [
          [
            118.706041,
            32.040715
          ],
          [
            118.708143,
            32.039603
          ]
        ]
      },
      "properties": {
        "id": "road-13-11-sidewalk-left",
        "kind": "sidewalk",
        "roadId": "road-13-11",
        "side": "left",
        "widthM": 1.8,
        "offsetM": 6.4,
        "sourceRefs": [
          "osm",
          "amap",
          "nanjing-official"
        ],
        "confidence": "estimated"
      }
    },
    {
      "type": "Feature",
      "id": "road-13-11-sidewalk-right",
      "geometry": {
        "type": "LineString",
        "coordinates": [
          [
            118.706041,
            32.040715
          ],
          [
            118.708143,
            32.039603
          ]
        ]
      },
      "properties": {
        "id": "road-13-11-sidewalk-right",
        "kind": "sidewalk",
        "roadId": "road-13-11",
        "side": "right",
        "widthM": 1.8,
        "offsetM": 6.4,
        "sourceRefs": [
          "osm",
          "amap",
          "baidu-route-reference"
        ],
        "confidence": "estimated"
      }
    },
    {
      "type": "Feature",
      "id": "road-13-11-center-marking",
      "geometry": {
        "type": "LineString",
        "coordinates": [
          [
            118.706041,
            32.040715
          ],
          [
            118.708143,
            32.039603
          ]
        ]
      },
      "properties": {
        "id": "road-13-11-center-marking",
        "kind": "centerline",
        "roadId": "road-13-11",
        "widthM": 0.16,
        "dashM": 2.5,
        "gapM": 6,
        "sourceRefs": [
          "osm",
          "amap",
          "nanjing-official"
        ],
        "confidence": "estimated"
      }
    },
    {
      "type": "Feature",
      "id": "road-13-12-sidewalk-left",
      "geometry": {
        "type": "LineString",
        "coordinates": [
          [
            118.70587,
            32.040804
          ],
          [
            118.706041,
            32.040715
          ]
        ]
      },
      "properties": {
        "id": "road-13-12-sidewalk-left",
        "kind": "sidewalk",
        "roadId": "road-13-12",
        "side": "left",
        "widthM": 1.8,
        "offsetM": 6.4,
        "sourceRefs": [
          "osm",
          "amap",
          "nanjing-official"
        ],
        "confidence": "estimated"
      }
    },
    {
      "type": "Feature",
      "id": "road-13-12-sidewalk-right",
      "geometry": {
        "type": "LineString",
        "coordinates": [
          [
            118.70587,
            32.040804
          ],
          [
            118.706041,
            32.040715
          ]
        ]
      },
      "properties": {
        "id": "road-13-12-sidewalk-right",
        "kind": "sidewalk",
        "roadId": "road-13-12",
        "side": "right",
        "widthM": 1.8,
        "offsetM": 6.4,
        "sourceRefs": [
          "osm",
          "amap",
          "baidu-route-reference"
        ],
        "confidence": "estimated"
      }
    },
    {
      "type": "Feature",
      "id": "road-13-12-center-marking",
      "geometry": {
        "type": "LineString",
        "coordinates": [
          [
            118.70587,
            32.040804
          ],
          [
            118.706041,
            32.040715
          ]
        ]
      },
      "properties": {
        "id": "road-13-12-center-marking",
        "kind": "centerline",
        "roadId": "road-13-12",
        "widthM": 0.16,
        "dashM": 2.5,
        "gapM": 6,
        "sourceRefs": [
          "osm",
          "amap",
          "nanjing-official"
        ],
        "confidence": "estimated"
      }
    },
    {
      "type": "Feature",
      "id": "road-13-13-sidewalk-left",
      "geometry": {
        "type": "LineString",
        "coordinates": [
          [
            118.708179,
            32.039666
          ],
          [
            118.706071,
            32.040779
          ]
        ]
      },
      "properties": {
        "id": "road-13-13-sidewalk-left",
        "kind": "sidewalk",
        "roadId": "road-13-13",
        "side": "left",
        "widthM": 1.8,
        "offsetM": 6.4,
        "sourceRefs": [
          "osm",
          "amap",
          "nanjing-official"
        ],
        "confidence": "estimated"
      }
    },
    {
      "type": "Feature",
      "id": "road-13-13-sidewalk-right",
      "geometry": {
        "type": "LineString",
        "coordinates": [
          [
            118.708179,
            32.039666
          ],
          [
            118.706071,
            32.040779
          ]
        ]
      },
      "properties": {
        "id": "road-13-13-sidewalk-right",
        "kind": "sidewalk",
        "roadId": "road-13-13",
        "side": "right",
        "widthM": 1.8,
        "offsetM": 6.4,
        "sourceRefs": [
          "osm",
          "amap",
          "baidu-route-reference"
        ],
        "confidence": "estimated"
      }
    },
    {
      "type": "Feature",
      "id": "road-13-13-center-marking",
      "geometry": {
        "type": "LineString",
        "coordinates": [
          [
            118.708179,
            32.039666
          ],
          [
            118.706071,
            32.040779
          ]
        ]
      },
      "properties": {
        "id": "road-13-13-center-marking",
        "kind": "centerline",
        "roadId": "road-13-13",
        "widthM": 0.16,
        "dashM": 2.5,
        "gapM": 6,
        "sourceRefs": [
          "osm",
          "amap",
          "nanjing-official"
        ],
        "confidence": "estimated"
      }
    },
    {
      "type": "Feature",
      "id": "road-13-14-sidewalk-left",
      "geometry": {
        "type": "LineString",
        "coordinates": [
          [
            118.706071,
            32.040779
          ],
          [
            118.705908,
            32.040866
          ]
        ]
      },
      "properties": {
        "id": "road-13-14-sidewalk-left",
        "kind": "sidewalk",
        "roadId": "road-13-14",
        "side": "left",
        "widthM": 1.8,
        "offsetM": 6.4,
        "sourceRefs": [
          "osm",
          "amap",
          "nanjing-official"
        ],
        "confidence": "estimated"
      }
    },
    {
      "type": "Feature",
      "id": "road-13-14-sidewalk-right",
      "geometry": {
        "type": "LineString",
        "coordinates": [
          [
            118.706071,
            32.040779
          ],
          [
            118.705908,
            32.040866
          ]
        ]
      },
      "properties": {
        "id": "road-13-14-sidewalk-right",
        "kind": "sidewalk",
        "roadId": "road-13-14",
        "side": "right",
        "widthM": 1.8,
        "offsetM": 6.4,
        "sourceRefs": [
          "osm",
          "amap",
          "baidu-route-reference"
        ],
        "confidence": "estimated"
      }
    },
    {
      "type": "Feature",
      "id": "road-13-14-center-marking",
      "geometry": {
        "type": "LineString",
        "coordinates": [
          [
            118.706071,
            32.040779
          ],
          [
            118.705908,
            32.040866
          ]
        ]
      },
      "properties": {
        "id": "road-13-14-center-marking",
        "kind": "centerline",
        "roadId": "road-13-14",
        "widthM": 0.16,
        "dashM": 2.5,
        "gapM": 6,
        "sourceRefs": [
          "osm",
          "amap",
          "nanjing-official"
        ],
        "confidence": "estimated"
      }
    },
    {
      "type": "Feature",
      "id": "road-14-0-sidewalk-left",
      "geometry": {
        "type": "LineString",
        "coordinates": [
          [
            118.709928,
            32.046414
          ],
          [
            118.706223,
            32.0407
          ],
          [
            118.705599,
            32.039534
          ],
          [
            118.704869,
            32.037793
          ],
          [
            118.703987,
            32.036678
          ]
        ]
      },
      "properties": {
        "id": "road-14-0-sidewalk-left",
        "kind": "sidewalk",
        "roadId": "road-14-0",
        "side": "left",
        "widthM": 1.8,
        "offsetM": 6.4,
        "sourceRefs": [
          "osm",
          "amap",
          "nanjing-official"
        ],
        "confidence": "estimated"
      }
    },
    {
      "type": "Feature",
      "id": "road-14-0-sidewalk-right",
      "geometry": {
        "type": "LineString",
        "coordinates": [
          [
            118.709928,
            32.046414
          ],
          [
            118.706223,
            32.0407
          ],
          [
            118.705599,
            32.039534
          ],
          [
            118.704869,
            32.037793
          ],
          [
            118.703987,
            32.036678
          ]
        ]
      },
      "properties": {
        "id": "road-14-0-sidewalk-right",
        "kind": "sidewalk",
        "roadId": "road-14-0",
        "side": "right",
        "widthM": 1.8,
        "offsetM": 6.4,
        "sourceRefs": [
          "osm",
          "amap",
          "baidu-route-reference"
        ],
        "confidence": "estimated"
      }
    },
    {
      "type": "Feature",
      "id": "road-14-0-center-marking",
      "geometry": {
        "type": "LineString",
        "coordinates": [
          [
            118.709928,
            32.046414
          ],
          [
            118.706223,
            32.0407
          ],
          [
            118.705599,
            32.039534
          ],
          [
            118.704869,
            32.037793
          ],
          [
            118.703987,
            32.036678
          ]
        ]
      },
      "properties": {
        "id": "road-14-0-center-marking",
        "kind": "centerline",
        "roadId": "road-14-0",
        "widthM": 0.16,
        "dashM": 2.5,
        "gapM": 6,
        "sourceRefs": [
          "osm",
          "amap",
          "nanjing-official"
        ],
        "confidence": "estimated"
      }
    },
    {
      "type": "Feature",
      "id": "road-14-1-sidewalk-left",
      "geometry": {
        "type": "LineString",
        "coordinates": [
          [
            118.709928,
            32.046414
          ],
          [
            118.710928,
            32.047966
          ]
        ]
      },
      "properties": {
        "id": "road-14-1-sidewalk-left",
        "kind": "sidewalk",
        "roadId": "road-14-1",
        "side": "left",
        "widthM": 1.8,
        "offsetM": 6.4,
        "sourceRefs": [
          "osm",
          "amap",
          "nanjing-official"
        ],
        "confidence": "estimated"
      }
    },
    {
      "type": "Feature",
      "id": "road-14-1-sidewalk-right",
      "geometry": {
        "type": "LineString",
        "coordinates": [
          [
            118.709928,
            32.046414
          ],
          [
            118.710928,
            32.047966
          ]
        ]
      },
      "properties": {
        "id": "road-14-1-sidewalk-right",
        "kind": "sidewalk",
        "roadId": "road-14-1",
        "side": "right",
        "widthM": 1.8,
        "offsetM": 6.4,
        "sourceRefs": [
          "osm",
          "amap",
          "baidu-route-reference"
        ],
        "confidence": "estimated"
      }
    },
    {
      "type": "Feature",
      "id": "road-14-1-center-marking",
      "geometry": {
        "type": "LineString",
        "coordinates": [
          [
            118.709928,
            32.046414
          ],
          [
            118.710928,
            32.047966
          ]
        ]
      },
      "properties": {
        "id": "road-14-1-center-marking",
        "kind": "centerline",
        "roadId": "road-14-1",
        "widthM": 0.16,
        "dashM": 2.5,
        "gapM": 6,
        "sourceRefs": [
          "osm",
          "amap",
          "nanjing-official"
        ],
        "confidence": "estimated"
      }
    },
    {
      "type": "Feature",
      "id": "road-15-0-sidewalk-left",
      "geometry": {
        "type": "LineString",
        "coordinates": [
          [
            118.691283,
            32.022644
          ],
          [
            118.687573,
            32.025092
          ]
        ]
      },
      "properties": {
        "id": "road-15-0-sidewalk-left",
        "kind": "sidewalk",
        "roadId": "road-15-0",
        "side": "left",
        "widthM": 1.8,
        "offsetM": 6.4,
        "sourceRefs": [
          "osm",
          "amap",
          "nanjing-official"
        ],
        "confidence": "estimated"
      }
    },
    {
      "type": "Feature",
      "id": "road-15-0-sidewalk-right",
      "geometry": {
        "type": "LineString",
        "coordinates": [
          [
            118.691283,
            32.022644
          ],
          [
            118.687573,
            32.025092
          ]
        ]
      },
      "properties": {
        "id": "road-15-0-sidewalk-right",
        "kind": "sidewalk",
        "roadId": "road-15-0",
        "side": "right",
        "widthM": 1.8,
        "offsetM": 6.4,
        "sourceRefs": [
          "osm",
          "amap",
          "baidu-route-reference"
        ],
        "confidence": "estimated"
      }
    },
    {
      "type": "Feature",
      "id": "road-15-0-center-marking",
      "geometry": {
        "type": "LineString",
        "coordinates": [
          [
            118.691283,
            32.022644
          ],
          [
            118.687573,
            32.025092
          ]
        ]
      },
      "properties": {
        "id": "road-15-0-center-marking",
        "kind": "centerline",
        "roadId": "road-15-0",
        "widthM": 0.16,
        "dashM": 2.5,
        "gapM": 6,
        "sourceRefs": [
          "osm",
          "amap",
          "nanjing-official"
        ],
        "confidence": "estimated"
      }
    },
    {
      "type": "Feature",
      "id": "road-15-1-sidewalk-left",
      "geometry": {
        "type": "LineString",
        "coordinates": [
          [
            118.691474,
            32.022562
          ],
          [
            118.691283,
            32.022644
          ]
        ]
      },
      "properties": {
        "id": "road-15-1-sidewalk-left",
        "kind": "sidewalk",
        "roadId": "road-15-1",
        "side": "left",
        "widthM": 1.8,
        "offsetM": 6.4,
        "sourceRefs": [
          "osm",
          "amap",
          "nanjing-official"
        ],
        "confidence": "estimated"
      }
    },
    {
      "type": "Feature",
      "id": "road-15-1-sidewalk-right",
      "geometry": {
        "type": "LineString",
        "coordinates": [
          [
            118.691474,
            32.022562
          ],
          [
            118.691283,
            32.022644
          ]
        ]
      },
      "properties": {
        "id": "road-15-1-sidewalk-right",
        "kind": "sidewalk",
        "roadId": "road-15-1",
        "side": "right",
        "widthM": 1.8,
        "offsetM": 6.4,
        "sourceRefs": [
          "osm",
          "amap",
          "baidu-route-reference"
        ],
        "confidence": "estimated"
      }
    },
    {
      "type": "Feature",
      "id": "road-15-1-center-marking",
      "geometry": {
        "type": "LineString",
        "coordinates": [
          [
            118.691474,
            32.022562
          ],
          [
            118.691283,
            32.022644
          ]
        ]
      },
      "properties": {
        "id": "road-15-1-center-marking",
        "kind": "centerline",
        "roadId": "road-15-1",
        "widthM": 0.16,
        "dashM": 2.5,
        "gapM": 6,
        "sourceRefs": [
          "osm",
          "amap",
          "nanjing-official"
        ],
        "confidence": "estimated"
      }
    },
    {
      "type": "Feature",
      "id": "road-15-2-sidewalk-left",
      "geometry": {
        "type": "LineString",
        "coordinates": [
          [
            118.687573,
            32.025092
          ],
          [
            118.690964,
            32.022738
          ],
          [
            118.69151,
            32.022463
          ]
        ]
      },
      "properties": {
        "id": "road-15-2-sidewalk-left",
        "kind": "sidewalk",
        "roadId": "road-15-2",
        "side": "left",
        "widthM": 1.8,
        "offsetM": 6.4,
        "sourceRefs": [
          "osm",
          "amap",
          "nanjing-official"
        ],
        "confidence": "estimated"
      }
    },
    {
      "type": "Feature",
      "id": "road-15-2-sidewalk-right",
      "geometry": {
        "type": "LineString",
        "coordinates": [
          [
            118.687573,
            32.025092
          ],
          [
            118.690964,
            32.022738
          ],
          [
            118.69151,
            32.022463
          ]
        ]
      },
      "properties": {
        "id": "road-15-2-sidewalk-right",
        "kind": "sidewalk",
        "roadId": "road-15-2",
        "side": "right",
        "widthM": 1.8,
        "offsetM": 6.4,
        "sourceRefs": [
          "osm",
          "amap",
          "baidu-route-reference"
        ],
        "confidence": "estimated"
      }
    },
    {
      "type": "Feature",
      "id": "road-15-2-center-marking",
      "geometry": {
        "type": "LineString",
        "coordinates": [
          [
            118.687573,
            32.025092
          ],
          [
            118.690964,
            32.022738
          ],
          [
            118.69151,
            32.022463
          ]
        ]
      },
      "properties": {
        "id": "road-15-2-center-marking",
        "kind": "centerline",
        "roadId": "road-15-2",
        "widthM": 0.16,
        "dashM": 2.5,
        "gapM": 6,
        "sourceRefs": [
          "osm",
          "amap",
          "nanjing-official"
        ],
        "confidence": "estimated"
      }
    },
    {
      "type": "Feature",
      "id": "road-16-0-sidewalk-left",
      "geometry": {
        "type": "LineString",
        "coordinates": [
          [
            118.641868,
            32.019244
          ],
          [
            118.644859,
            32.016936
          ],
          [
            118.647103,
            32.015472
          ],
          [
            118.650075,
            32.013808
          ],
          [
            118.653431,
            32.01226
          ],
          [
            118.657465,
            32.01072
          ],
          [
            118.663444,
            32.008601
          ],
          [
            118.68262,
            32.002087
          ]
        ]
      },
      "properties": {
        "id": "road-16-0-sidewalk-left",
        "kind": "sidewalk",
        "roadId": "road-16-0",
        "side": "left",
        "widthM": 1.8,
        "offsetM": 12.15,
        "sourceRefs": [
          "osm",
          "amap",
          "nanjing-official"
        ],
        "confidence": "estimated"
      }
    },
    {
      "type": "Feature",
      "id": "road-16-0-sidewalk-right",
      "geometry": {
        "type": "LineString",
        "coordinates": [
          [
            118.641868,
            32.019244
          ],
          [
            118.644859,
            32.016936
          ],
          [
            118.647103,
            32.015472
          ],
          [
            118.650075,
            32.013808
          ],
          [
            118.653431,
            32.01226
          ],
          [
            118.657465,
            32.01072
          ],
          [
            118.663444,
            32.008601
          ],
          [
            118.68262,
            32.002087
          ]
        ]
      },
      "properties": {
        "id": "road-16-0-sidewalk-right",
        "kind": "sidewalk",
        "roadId": "road-16-0",
        "side": "right",
        "widthM": 1.8,
        "offsetM": 12.15,
        "sourceRefs": [
          "osm",
          "amap",
          "baidu-route-reference"
        ],
        "confidence": "estimated"
      }
    },
    {
      "type": "Feature",
      "id": "road-16-0-center-marking",
      "geometry": {
        "type": "LineString",
        "coordinates": [
          [
            118.641868,
            32.019244
          ],
          [
            118.644859,
            32.016936
          ],
          [
            118.647103,
            32.015472
          ],
          [
            118.650075,
            32.013808
          ],
          [
            118.653431,
            32.01226
          ],
          [
            118.657465,
            32.01072
          ],
          [
            118.663444,
            32.008601
          ],
          [
            118.68262,
            32.002087
          ]
        ]
      },
      "properties": {
        "id": "road-16-0-center-marking",
        "kind": "centerline",
        "roadId": "road-16-0",
        "widthM": 0.16,
        "dashM": 4,
        "gapM": 8,
        "sourceRefs": [
          "osm",
          "amap",
          "nanjing-official"
        ],
        "confidence": "estimated"
      }
    },
    {
      "type": "Feature",
      "id": "road-16-1-sidewalk-left",
      "geometry": {
        "type": "LineString",
        "coordinates": [
          [
            118.682665,
            32.002226
          ],
          [
            118.659029,
            32.010342
          ],
          [
            118.65592,
            32.011446
          ],
          [
            118.652262,
            32.012898
          ],
          [
            118.649968,
            32.013994
          ],
          [
            118.646331,
            32.016098
          ],
          [
            118.644629,
            32.017291
          ],
          [
            118.641877,
            32.019468
          ]
        ]
      },
      "properties": {
        "id": "road-16-1-sidewalk-left",
        "kind": "sidewalk",
        "roadId": "road-16-1",
        "side": "left",
        "widthM": 1.8,
        "offsetM": 12.15,
        "sourceRefs": [
          "osm",
          "amap",
          "nanjing-official"
        ],
        "confidence": "estimated"
      }
    },
    {
      "type": "Feature",
      "id": "road-16-1-sidewalk-right",
      "geometry": {
        "type": "LineString",
        "coordinates": [
          [
            118.682665,
            32.002226
          ],
          [
            118.659029,
            32.010342
          ],
          [
            118.65592,
            32.011446
          ],
          [
            118.652262,
            32.012898
          ],
          [
            118.649968,
            32.013994
          ],
          [
            118.646331,
            32.016098
          ],
          [
            118.644629,
            32.017291
          ],
          [
            118.641877,
            32.019468
          ]
        ]
      },
      "properties": {
        "id": "road-16-1-sidewalk-right",
        "kind": "sidewalk",
        "roadId": "road-16-1",
        "side": "right",
        "widthM": 1.8,
        "offsetM": 12.15,
        "sourceRefs": [
          "osm",
          "amap",
          "baidu-route-reference"
        ],
        "confidence": "estimated"
      }
    },
    {
      "type": "Feature",
      "id": "road-16-1-center-marking",
      "geometry": {
        "type": "LineString",
        "coordinates": [
          [
            118.682665,
            32.002226
          ],
          [
            118.659029,
            32.010342
          ],
          [
            118.65592,
            32.011446
          ],
          [
            118.652262,
            32.012898
          ],
          [
            118.649968,
            32.013994
          ],
          [
            118.646331,
            32.016098
          ],
          [
            118.644629,
            32.017291
          ],
          [
            118.641877,
            32.019468
          ]
        ]
      },
      "properties": {
        "id": "road-16-1-center-marking",
        "kind": "centerline",
        "roadId": "road-16-1",
        "widthM": 0.16,
        "dashM": 4,
        "gapM": 8,
        "sourceRefs": [
          "osm",
          "amap",
          "nanjing-official"
        ],
        "confidence": "estimated"
      }
    },
    {
      "type": "Feature",
      "id": "road-17-0-sidewalk-left",
      "geometry": {
        "type": "LineString",
        "coordinates": [
          [
            118.686412,
            32.010884
          ],
          [
            118.692996,
            32.01764
          ]
        ]
      },
      "properties": {
        "id": "road-17-0-sidewalk-left",
        "kind": "sidewalk",
        "roadId": "road-17-0",
        "side": "left",
        "widthM": 1.8,
        "offsetM": 6.4,
        "sourceRefs": [
          "osm",
          "amap",
          "nanjing-official"
        ],
        "confidence": "estimated"
      }
    },
    {
      "type": "Feature",
      "id": "road-17-0-sidewalk-right",
      "geometry": {
        "type": "LineString",
        "coordinates": [
          [
            118.686412,
            32.010884
          ],
          [
            118.692996,
            32.01764
          ]
        ]
      },
      "properties": {
        "id": "road-17-0-sidewalk-right",
        "kind": "sidewalk",
        "roadId": "road-17-0",
        "side": "right",
        "widthM": 1.8,
        "offsetM": 6.4,
        "sourceRefs": [
          "osm",
          "amap",
          "baidu-route-reference"
        ],
        "confidence": "estimated"
      }
    },
    {
      "type": "Feature",
      "id": "road-17-0-center-marking",
      "geometry": {
        "type": "LineString",
        "coordinates": [
          [
            118.686412,
            32.010884
          ],
          [
            118.692996,
            32.01764
          ]
        ]
      },
      "properties": {
        "id": "road-17-0-center-marking",
        "kind": "centerline",
        "roadId": "road-17-0",
        "widthM": 0.16,
        "dashM": 2.5,
        "gapM": 6,
        "sourceRefs": [
          "osm",
          "amap",
          "nanjing-official"
        ],
        "confidence": "estimated"
      }
    },
    {
      "type": "Feature",
      "id": "road-17-1-sidewalk-left",
      "geometry": {
        "type": "LineString",
        "coordinates": [
          [
            118.679816,
            31.999138
          ],
          [
            118.679318,
            32.000098
          ],
          [
            118.679092,
            32.000937
          ],
          [
            118.679099,
            32.002159
          ],
          [
            118.679333,
            32.003102
          ]
        ]
      },
      "properties": {
        "id": "road-17-1-sidewalk-left",
        "kind": "sidewalk",
        "roadId": "road-17-1",
        "side": "left",
        "widthM": 1.8,
        "offsetM": 6.4,
        "sourceRefs": [
          "osm",
          "amap",
          "nanjing-official"
        ],
        "confidence": "estimated"
      }
    },
    {
      "type": "Feature",
      "id": "road-17-1-sidewalk-right",
      "geometry": {
        "type": "LineString",
        "coordinates": [
          [
            118.679816,
            31.999138
          ],
          [
            118.679318,
            32.000098
          ],
          [
            118.679092,
            32.000937
          ],
          [
            118.679099,
            32.002159
          ],
          [
            118.679333,
            32.003102
          ]
        ]
      },
      "properties": {
        "id": "road-17-1-sidewalk-right",
        "kind": "sidewalk",
        "roadId": "road-17-1",
        "side": "right",
        "widthM": 1.8,
        "offsetM": 6.4,
        "sourceRefs": [
          "osm",
          "amap",
          "baidu-route-reference"
        ],
        "confidence": "estimated"
      }
    },
    {
      "type": "Feature",
      "id": "road-17-1-center-marking",
      "geometry": {
        "type": "LineString",
        "coordinates": [
          [
            118.679816,
            31.999138
          ],
          [
            118.679318,
            32.000098
          ],
          [
            118.679092,
            32.000937
          ],
          [
            118.679099,
            32.002159
          ],
          [
            118.679333,
            32.003102
          ]
        ]
      },
      "properties": {
        "id": "road-17-1-center-marking",
        "kind": "centerline",
        "roadId": "road-17-1",
        "widthM": 0.16,
        "dashM": 2.5,
        "gapM": 6,
        "sourceRefs": [
          "osm",
          "amap",
          "nanjing-official"
        ],
        "confidence": "estimated"
      }
    },
    {
      "type": "Feature",
      "id": "road-17-2-sidewalk-left",
      "geometry": {
        "type": "LineString",
        "coordinates": [
          [
            118.686213,
            32.010687
          ],
          [
            118.686412,
            32.010884
          ]
        ]
      },
      "properties": {
        "id": "road-17-2-sidewalk-left",
        "kind": "sidewalk",
        "roadId": "road-17-2",
        "side": "left",
        "widthM": 1.8,
        "offsetM": 6.4,
        "sourceRefs": [
          "osm",
          "amap",
          "nanjing-official"
        ],
        "confidence": "estimated"
      }
    },
    {
      "type": "Feature",
      "id": "road-17-2-sidewalk-right",
      "geometry": {
        "type": "LineString",
        "coordinates": [
          [
            118.686213,
            32.010687
          ],
          [
            118.686412,
            32.010884
          ]
        ]
      },
      "properties": {
        "id": "road-17-2-sidewalk-right",
        "kind": "sidewalk",
        "roadId": "road-17-2",
        "side": "right",
        "widthM": 1.8,
        "offsetM": 6.4,
        "sourceRefs": [
          "osm",
          "amap",
          "baidu-route-reference"
        ],
        "confidence": "estimated"
      }
    },
    {
      "type": "Feature",
      "id": "road-17-2-center-marking",
      "geometry": {
        "type": "LineString",
        "coordinates": [
          [
            118.686213,
            32.010687
          ],
          [
            118.686412,
            32.010884
          ]
        ]
      },
      "properties": {
        "id": "road-17-2-center-marking",
        "kind": "centerline",
        "roadId": "road-17-2",
        "widthM": 0.16,
        "dashM": 2.5,
        "gapM": 6,
        "sourceRefs": [
          "osm",
          "amap",
          "nanjing-official"
        ],
        "confidence": "estimated"
      }
    },
    {
      "type": "Feature",
      "id": "road-17-3-sidewalk-left",
      "geometry": {
        "type": "LineString",
        "coordinates": [
          [
            118.681246,
            31.997287
          ],
          [
            118.683544,
            31.994499
          ]
        ]
      },
      "properties": {
        "id": "road-17-3-sidewalk-left",
        "kind": "sidewalk",
        "roadId": "road-17-3",
        "side": "left",
        "widthM": 1.8,
        "offsetM": 6.4,
        "sourceRefs": [
          "osm",
          "amap",
          "nanjing-official"
        ],
        "confidence": "estimated"
      }
    },
    {
      "type": "Feature",
      "id": "road-17-3-sidewalk-right",
      "geometry": {
        "type": "LineString",
        "coordinates": [
          [
            118.681246,
            31.997287
          ],
          [
            118.683544,
            31.994499
          ]
        ]
      },
      "properties": {
        "id": "road-17-3-sidewalk-right",
        "kind": "sidewalk",
        "roadId": "road-17-3",
        "side": "right",
        "widthM": 1.8,
        "offsetM": 6.4,
        "sourceRefs": [
          "osm",
          "amap",
          "baidu-route-reference"
        ],
        "confidence": "estimated"
      }
    },
    {
      "type": "Feature",
      "id": "road-17-3-center-marking",
      "geometry": {
        "type": "LineString",
        "coordinates": [
          [
            118.681246,
            31.997287
          ],
          [
            118.683544,
            31.994499
          ]
        ]
      },
      "properties": {
        "id": "road-17-3-center-marking",
        "kind": "centerline",
        "roadId": "road-17-3",
        "widthM": 0.16,
        "dashM": 2.5,
        "gapM": 6,
        "sourceRefs": [
          "osm",
          "amap",
          "nanjing-official"
        ],
        "confidence": "estimated"
      }
    },
    {
      "type": "Feature",
      "id": "road-17-4-sidewalk-left",
      "geometry": {
        "type": "LineString",
        "coordinates": [
          [
            118.679333,
            32.003102
          ],
          [
            118.679654,
            32.003771
          ],
          [
            118.680228,
            32.004573
          ],
          [
            118.686213,
            32.010687
          ]
        ]
      },
      "properties": {
        "id": "road-17-4-sidewalk-left",
        "kind": "sidewalk",
        "roadId": "road-17-4",
        "side": "left",
        "widthM": 1.8,
        "offsetM": 6.4,
        "sourceRefs": [
          "osm",
          "amap",
          "nanjing-official"
        ],
        "confidence": "estimated"
      }
    },
    {
      "type": "Feature",
      "id": "road-17-4-sidewalk-right",
      "geometry": {
        "type": "LineString",
        "coordinates": [
          [
            118.679333,
            32.003102
          ],
          [
            118.679654,
            32.003771
          ],
          [
            118.680228,
            32.004573
          ],
          [
            118.686213,
            32.010687
          ]
        ]
      },
      "properties": {
        "id": "road-17-4-sidewalk-right",
        "kind": "sidewalk",
        "roadId": "road-17-4",
        "side": "right",
        "widthM": 1.8,
        "offsetM": 6.4,
        "sourceRefs": [
          "osm",
          "amap",
          "baidu-route-reference"
        ],
        "confidence": "estimated"
      }
    },
    {
      "type": "Feature",
      "id": "road-17-4-center-marking",
      "geometry": {
        "type": "LineString",
        "coordinates": [
          [
            118.679333,
            32.003102
          ],
          [
            118.679654,
            32.003771
          ],
          [
            118.680228,
            32.004573
          ],
          [
            118.686213,
            32.010687
          ]
        ]
      },
      "properties": {
        "id": "road-17-4-center-marking",
        "kind": "centerline",
        "roadId": "road-17-4",
        "widthM": 0.16,
        "dashM": 2.5,
        "gapM": 6,
        "sourceRefs": [
          "osm",
          "amap",
          "nanjing-official"
        ],
        "confidence": "estimated"
      }
    },
    {
      "type": "Feature",
      "id": "road-17-5-sidewalk-left",
      "geometry": {
        "type": "LineString",
        "coordinates": [
          [
            118.683623,
            31.994529
          ],
          [
            118.681463,
            31.997179
          ],
          [
            118.681246,
            31.997287
          ]
        ]
      },
      "properties": {
        "id": "road-17-5-sidewalk-left",
        "kind": "sidewalk",
        "roadId": "road-17-5",
        "side": "left",
        "widthM": 1.8,
        "offsetM": 6.4,
        "sourceRefs": [
          "osm",
          "amap",
          "nanjing-official"
        ],
        "confidence": "estimated"
      }
    },
    {
      "type": "Feature",
      "id": "road-17-5-sidewalk-right",
      "geometry": {
        "type": "LineString",
        "coordinates": [
          [
            118.683623,
            31.994529
          ],
          [
            118.681463,
            31.997179
          ],
          [
            118.681246,
            31.997287
          ]
        ]
      },
      "properties": {
        "id": "road-17-5-sidewalk-right",
        "kind": "sidewalk",
        "roadId": "road-17-5",
        "side": "right",
        "widthM": 1.8,
        "offsetM": 6.4,
        "sourceRefs": [
          "osm",
          "amap",
          "baidu-route-reference"
        ],
        "confidence": "estimated"
      }
    },
    {
      "type": "Feature",
      "id": "road-17-5-center-marking",
      "geometry": {
        "type": "LineString",
        "coordinates": [
          [
            118.683623,
            31.994529
          ],
          [
            118.681463,
            31.997179
          ],
          [
            118.681246,
            31.997287
          ]
        ]
      },
      "properties": {
        "id": "road-17-5-center-marking",
        "kind": "centerline",
        "roadId": "road-17-5",
        "widthM": 0.16,
        "dashM": 2.5,
        "gapM": 6,
        "sourceRefs": [
          "osm",
          "amap",
          "nanjing-official"
        ],
        "confidence": "estimated"
      }
    },
    {
      "type": "Feature",
      "id": "road-17-6-sidewalk-left",
      "geometry": {
        "type": "LineString",
        "coordinates": [
          [
            118.681246,
            31.997287
          ],
          [
            118.67997,
            31.998923
          ]
        ]
      },
      "properties": {
        "id": "road-17-6-sidewalk-left",
        "kind": "sidewalk",
        "roadId": "road-17-6",
        "side": "left",
        "widthM": 1.8,
        "offsetM": 6.4,
        "sourceRefs": [
          "osm",
          "amap",
          "nanjing-official"
        ],
        "confidence": "estimated"
      }
    },
    {
      "type": "Feature",
      "id": "road-17-6-sidewalk-right",
      "geometry": {
        "type": "LineString",
        "coordinates": [
          [
            118.681246,
            31.997287
          ],
          [
            118.67997,
            31.998923
          ]
        ]
      },
      "properties": {
        "id": "road-17-6-sidewalk-right",
        "kind": "sidewalk",
        "roadId": "road-17-6",
        "side": "right",
        "widthM": 1.8,
        "offsetM": 6.4,
        "sourceRefs": [
          "osm",
          "amap",
          "baidu-route-reference"
        ],
        "confidence": "estimated"
      }
    },
    {
      "type": "Feature",
      "id": "road-17-6-center-marking",
      "geometry": {
        "type": "LineString",
        "coordinates": [
          [
            118.681246,
            31.997287
          ],
          [
            118.67997,
            31.998923
          ]
        ]
      },
      "properties": {
        "id": "road-17-6-center-marking",
        "kind": "centerline",
        "roadId": "road-17-6",
        "widthM": 0.16,
        "dashM": 2.5,
        "gapM": 6,
        "sourceRefs": [
          "osm",
          "amap",
          "nanjing-official"
        ],
        "confidence": "estimated"
      }
    },
    {
      "type": "Feature",
      "id": "road-17-7-sidewalk-left",
      "geometry": {
        "type": "LineString",
        "coordinates": [
          [
            118.67997,
            31.998923
          ],
          [
            118.679816,
            31.999138
          ]
        ]
      },
      "properties": {
        "id": "road-17-7-sidewalk-left",
        "kind": "sidewalk",
        "roadId": "road-17-7",
        "side": "left",
        "widthM": 1.8,
        "offsetM": 6.4,
        "sourceRefs": [
          "osm",
          "amap",
          "nanjing-official"
        ],
        "confidence": "estimated"
      }
    },
    {
      "type": "Feature",
      "id": "road-17-7-sidewalk-right",
      "geometry": {
        "type": "LineString",
        "coordinates": [
          [
            118.67997,
            31.998923
          ],
          [
            118.679816,
            31.999138
          ]
        ]
      },
      "properties": {
        "id": "road-17-7-sidewalk-right",
        "kind": "sidewalk",
        "roadId": "road-17-7",
        "side": "right",
        "widthM": 1.8,
        "offsetM": 6.4,
        "sourceRefs": [
          "osm",
          "amap",
          "baidu-route-reference"
        ],
        "confidence": "estimated"
      }
    },
    {
      "type": "Feature",
      "id": "road-17-7-center-marking",
      "geometry": {
        "type": "LineString",
        "coordinates": [
          [
            118.67997,
            31.998923
          ],
          [
            118.679816,
            31.999138
          ]
        ]
      },
      "properties": {
        "id": "road-17-7-center-marking",
        "kind": "centerline",
        "roadId": "road-17-7",
        "widthM": 0.16,
        "dashM": 2.5,
        "gapM": 6,
        "sourceRefs": [
          "osm",
          "amap",
          "nanjing-official"
        ],
        "confidence": "estimated"
      }
    },
    {
      "type": "Feature",
      "id": "road-18-0-sidewalk-left",
      "geometry": {
        "type": "LineString",
        "coordinates": [
          [
            118.691279,
            32.0032
          ],
          [
            118.687917,
            32.005534
          ],
          [
            118.686652,
            32.006289
          ]
        ]
      },
      "properties": {
        "id": "road-18-0-sidewalk-left",
        "kind": "sidewalk",
        "roadId": "road-18-0",
        "side": "left",
        "widthM": 1.8,
        "offsetM": 6.4,
        "sourceRefs": [
          "osm",
          "amap",
          "nanjing-official"
        ],
        "confidence": "estimated"
      }
    },
    {
      "type": "Feature",
      "id": "road-18-0-sidewalk-right",
      "geometry": {
        "type": "LineString",
        "coordinates": [
          [
            118.691279,
            32.0032
          ],
          [
            118.687917,
            32.005534
          ],
          [
            118.686652,
            32.006289
          ]
        ]
      },
      "properties": {
        "id": "road-18-0-sidewalk-right",
        "kind": "sidewalk",
        "roadId": "road-18-0",
        "side": "right",
        "widthM": 1.8,
        "offsetM": 6.4,
        "sourceRefs": [
          "osm",
          "amap",
          "baidu-route-reference"
        ],
        "confidence": "estimated"
      }
    },
    {
      "type": "Feature",
      "id": "road-18-0-center-marking",
      "geometry": {
        "type": "LineString",
        "coordinates": [
          [
            118.691279,
            32.0032
          ],
          [
            118.687917,
            32.005534
          ],
          [
            118.686652,
            32.006289
          ]
        ]
      },
      "properties": {
        "id": "road-18-0-center-marking",
        "kind": "centerline",
        "roadId": "road-18-0",
        "widthM": 0.16,
        "dashM": 2.5,
        "gapM": 6,
        "sourceRefs": [
          "osm",
          "amap",
          "nanjing-official"
        ],
        "confidence": "estimated"
      }
    },
    {
      "type": "Feature",
      "id": "road-18-1-sidewalk-left",
      "geometry": {
        "type": "LineString",
        "coordinates": [
          [
            118.682055,
            32.008834
          ],
          [
            118.678812,
            32.01027
          ]
        ]
      },
      "properties": {
        "id": "road-18-1-sidewalk-left",
        "kind": "sidewalk",
        "roadId": "road-18-1",
        "side": "left",
        "widthM": 1.8,
        "offsetM": 6.4,
        "sourceRefs": [
          "osm",
          "amap",
          "nanjing-official"
        ],
        "confidence": "estimated"
      }
    },
    {
      "type": "Feature",
      "id": "road-18-1-sidewalk-right",
      "geometry": {
        "type": "LineString",
        "coordinates": [
          [
            118.682055,
            32.008834
          ],
          [
            118.678812,
            32.01027
          ]
        ]
      },
      "properties": {
        "id": "road-18-1-sidewalk-right",
        "kind": "sidewalk",
        "roadId": "road-18-1",
        "side": "right",
        "widthM": 1.8,
        "offsetM": 6.4,
        "sourceRefs": [
          "osm",
          "amap",
          "baidu-route-reference"
        ],
        "confidence": "estimated"
      }
    },
    {
      "type": "Feature",
      "id": "road-18-1-center-marking",
      "geometry": {
        "type": "LineString",
        "coordinates": [
          [
            118.682055,
            32.008834
          ],
          [
            118.678812,
            32.01027
          ]
        ]
      },
      "properties": {
        "id": "road-18-1-center-marking",
        "kind": "centerline",
        "roadId": "road-18-1",
        "widthM": 0.16,
        "dashM": 2.5,
        "gapM": 6,
        "sourceRefs": [
          "osm",
          "amap",
          "nanjing-official"
        ],
        "confidence": "estimated"
      }
    },
    {
      "type": "Feature",
      "id": "road-18-2-sidewalk-left",
      "geometry": {
        "type": "LineString",
        "coordinates": [
          [
            118.696125,
            31.999793
          ],
          [
            118.693162,
            32.00189
          ]
        ]
      },
      "properties": {
        "id": "road-18-2-sidewalk-left",
        "kind": "sidewalk",
        "roadId": "road-18-2",
        "side": "left",
        "widthM": 1.8,
        "offsetM": 6.4,
        "sourceRefs": [
          "osm",
          "amap",
          "nanjing-official"
        ],
        "confidence": "estimated"
      }
    },
    {
      "type": "Feature",
      "id": "road-18-2-sidewalk-right",
      "geometry": {
        "type": "LineString",
        "coordinates": [
          [
            118.696125,
            31.999793
          ],
          [
            118.693162,
            32.00189
          ]
        ]
      },
      "properties": {
        "id": "road-18-2-sidewalk-right",
        "kind": "sidewalk",
        "roadId": "road-18-2",
        "side": "right",
        "widthM": 1.8,
        "offsetM": 6.4,
        "sourceRefs": [
          "osm",
          "amap",
          "baidu-route-reference"
        ],
        "confidence": "estimated"
      }
    },
    {
      "type": "Feature",
      "id": "road-18-2-center-marking",
      "geometry": {
        "type": "LineString",
        "coordinates": [
          [
            118.696125,
            31.999793
          ],
          [
            118.693162,
            32.00189
          ]
        ]
      },
      "properties": {
        "id": "road-18-2-center-marking",
        "kind": "centerline",
        "roadId": "road-18-2",
        "widthM": 0.16,
        "dashM": 2.5,
        "gapM": 6,
        "sourceRefs": [
          "osm",
          "amap",
          "nanjing-official"
        ],
        "confidence": "estimated"
      }
    },
    {
      "type": "Feature",
      "id": "road-18-3-sidewalk-left",
      "geometry": {
        "type": "LineString",
        "coordinates": [
          [
            118.69146,
            32.003073
          ],
          [
            118.691279,
            32.0032
          ]
        ]
      },
      "properties": {
        "id": "road-18-3-sidewalk-left",
        "kind": "sidewalk",
        "roadId": "road-18-3",
        "side": "left",
        "widthM": 1.8,
        "offsetM": 6.4,
        "sourceRefs": [
          "osm",
          "amap",
          "nanjing-official"
        ],
        "confidence": "estimated"
      }
    },
    {
      "type": "Feature",
      "id": "road-18-3-sidewalk-right",
      "geometry": {
        "type": "LineString",
        "coordinates": [
          [
            118.69146,
            32.003073
          ],
          [
            118.691279,
            32.0032
          ]
        ]
      },
      "properties": {
        "id": "road-18-3-sidewalk-right",
        "kind": "sidewalk",
        "roadId": "road-18-3",
        "side": "right",
        "widthM": 1.8,
        "offsetM": 6.4,
        "sourceRefs": [
          "osm",
          "amap",
          "baidu-route-reference"
        ],
        "confidence": "estimated"
      }
    },
    {
      "type": "Feature",
      "id": "road-18-3-center-marking",
      "geometry": {
        "type": "LineString",
        "coordinates": [
          [
            118.69146,
            32.003073
          ],
          [
            118.691279,
            32.0032
          ]
        ]
      },
      "properties": {
        "id": "road-18-3-center-marking",
        "kind": "centerline",
        "roadId": "road-18-3",
        "widthM": 0.16,
        "dashM": 2.5,
        "gapM": 6,
        "sourceRefs": [
          "osm",
          "amap",
          "nanjing-official"
        ],
        "confidence": "estimated"
      }
    },
    {
      "type": "Feature",
      "id": "road-18-4-sidewalk-left",
      "geometry": {
        "type": "LineString",
        "coordinates": [
          [
            118.682405,
            32.008644
          ],
          [
            118.682055,
            32.008834
          ]
        ]
      },
      "properties": {
        "id": "road-18-4-sidewalk-left",
        "kind": "sidewalk",
        "roadId": "road-18-4",
        "side": "left",
        "widthM": 1.8,
        "offsetM": 6.4,
        "sourceRefs": [
          "osm",
          "amap",
          "nanjing-official"
        ],
        "confidence": "estimated"
      }
    },
    {
      "type": "Feature",
      "id": "road-18-4-sidewalk-right",
      "geometry": {
        "type": "LineString",
        "coordinates": [
          [
            118.682405,
            32.008644
          ],
          [
            118.682055,
            32.008834
          ]
        ]
      },
      "properties": {
        "id": "road-18-4-sidewalk-right",
        "kind": "sidewalk",
        "roadId": "road-18-4",
        "side": "right",
        "widthM": 1.8,
        "offsetM": 6.4,
        "sourceRefs": [
          "osm",
          "amap",
          "baidu-route-reference"
        ],
        "confidence": "estimated"
      }
    },
    {
      "type": "Feature",
      "id": "road-18-4-center-marking",
      "geometry": {
        "type": "LineString",
        "coordinates": [
          [
            118.682405,
            32.008644
          ],
          [
            118.682055,
            32.008834
          ]
        ]
      },
      "properties": {
        "id": "road-18-4-center-marking",
        "kind": "centerline",
        "roadId": "road-18-4",
        "widthM": 0.16,
        "dashM": 2.5,
        "gapM": 6,
        "sourceRefs": [
          "osm",
          "amap",
          "nanjing-official"
        ],
        "confidence": "estimated"
      }
    },
    {
      "type": "Feature",
      "id": "road-18-5-sidewalk-left",
      "geometry": {
        "type": "LineString",
        "coordinates": [
          [
            118.686434,
            32.006409
          ],
          [
            118.682405,
            32.008644
          ]
        ]
      },
      "properties": {
        "id": "road-18-5-sidewalk-left",
        "kind": "sidewalk",
        "roadId": "road-18-5",
        "side": "left",
        "widthM": 1.8,
        "offsetM": 6.4,
        "sourceRefs": [
          "osm",
          "amap",
          "nanjing-official"
        ],
        "confidence": "estimated"
      }
    },
    {
      "type": "Feature",
      "id": "road-18-5-sidewalk-right",
      "geometry": {
        "type": "LineString",
        "coordinates": [
          [
            118.686434,
            32.006409
          ],
          [
            118.682405,
            32.008644
          ]
        ]
      },
      "properties": {
        "id": "road-18-5-sidewalk-right",
        "kind": "sidewalk",
        "roadId": "road-18-5",
        "side": "right",
        "widthM": 1.8,
        "offsetM": 6.4,
        "sourceRefs": [
          "osm",
          "amap",
          "baidu-route-reference"
        ],
        "confidence": "estimated"
      }
    },
    {
      "type": "Feature",
      "id": "road-18-5-center-marking",
      "geometry": {
        "type": "LineString",
        "coordinates": [
          [
            118.686434,
            32.006409
          ],
          [
            118.682405,
            32.008644
          ]
        ]
      },
      "properties": {
        "id": "road-18-5-center-marking",
        "kind": "centerline",
        "roadId": "road-18-5",
        "widthM": 0.16,
        "dashM": 2.5,
        "gapM": 6,
        "sourceRefs": [
          "osm",
          "amap",
          "nanjing-official"
        ],
        "confidence": "estimated"
      }
    },
    {
      "type": "Feature",
      "id": "road-18-6-sidewalk-left",
      "geometry": {
        "type": "LineString",
        "coordinates": [
          [
            118.686652,
            32.006289
          ],
          [
            118.686434,
            32.006409
          ]
        ]
      },
      "properties": {
        "id": "road-18-6-sidewalk-left",
        "kind": "sidewalk",
        "roadId": "road-18-6",
        "side": "left",
        "widthM": 1.8,
        "offsetM": 6.4,
        "sourceRefs": [
          "osm",
          "amap",
          "nanjing-official"
        ],
        "confidence": "estimated"
      }
    },
    {
      "type": "Feature",
      "id": "road-18-6-sidewalk-right",
      "geometry": {
        "type": "LineString",
        "coordinates": [
          [
            118.686652,
            32.006289
          ],
          [
            118.686434,
            32.006409
          ]
        ]
      },
      "properties": {
        "id": "road-18-6-sidewalk-right",
        "kind": "sidewalk",
        "roadId": "road-18-6",
        "side": "right",
        "widthM": 1.8,
        "offsetM": 6.4,
        "sourceRefs": [
          "osm",
          "amap",
          "baidu-route-reference"
        ],
        "confidence": "estimated"
      }
    },
    {
      "type": "Feature",
      "id": "road-18-6-center-marking",
      "geometry": {
        "type": "LineString",
        "coordinates": [
          [
            118.686652,
            32.006289
          ],
          [
            118.686434,
            32.006409
          ]
        ]
      },
      "properties": {
        "id": "road-18-6-center-marking",
        "kind": "centerline",
        "roadId": "road-18-6",
        "widthM": 0.16,
        "dashM": 2.5,
        "gapM": 6,
        "sourceRefs": [
          "osm",
          "amap",
          "nanjing-official"
        ],
        "confidence": "estimated"
      }
    },
    {
      "type": "Feature",
      "id": "road-18-7-sidewalk-left",
      "geometry": {
        "type": "LineString",
        "coordinates": [
          [
            118.678534,
            32.010394
          ],
          [
            118.676441,
            32.011327
          ]
        ]
      },
      "properties": {
        "id": "road-18-7-sidewalk-left",
        "kind": "sidewalk",
        "roadId": "road-18-7",
        "side": "left",
        "widthM": 1.8,
        "offsetM": 6.4,
        "sourceRefs": [
          "osm",
          "amap",
          "nanjing-official"
        ],
        "confidence": "estimated"
      }
    },
    {
      "type": "Feature",
      "id": "road-18-7-sidewalk-right",
      "geometry": {
        "type": "LineString",
        "coordinates": [
          [
            118.678534,
            32.010394
          ],
          [
            118.676441,
            32.011327
          ]
        ]
      },
      "properties": {
        "id": "road-18-7-sidewalk-right",
        "kind": "sidewalk",
        "roadId": "road-18-7",
        "side": "right",
        "widthM": 1.8,
        "offsetM": 6.4,
        "sourceRefs": [
          "osm",
          "amap",
          "baidu-route-reference"
        ],
        "confidence": "estimated"
      }
    },
    {
      "type": "Feature",
      "id": "road-18-7-center-marking",
      "geometry": {
        "type": "LineString",
        "coordinates": [
          [
            118.678534,
            32.010394
          ],
          [
            118.676441,
            32.011327
          ]
        ]
      },
      "properties": {
        "id": "road-18-7-center-marking",
        "kind": "centerline",
        "roadId": "road-18-7",
        "widthM": 0.16,
        "dashM": 2.5,
        "gapM": 6,
        "sourceRefs": [
          "osm",
          "amap",
          "nanjing-official"
        ],
        "confidence": "estimated"
      }
    },
    {
      "type": "Feature",
      "id": "road-18-8-sidewalk-left",
      "geometry": {
        "type": "LineString",
        "coordinates": [
          [
            118.678812,
            32.01027
          ],
          [
            118.678534,
            32.010394
          ]
        ]
      },
      "properties": {
        "id": "road-18-8-sidewalk-left",
        "kind": "sidewalk",
        "roadId": "road-18-8",
        "side": "left",
        "widthM": 1.8,
        "offsetM": 6.4,
        "sourceRefs": [
          "osm",
          "amap",
          "nanjing-official"
        ],
        "confidence": "estimated"
      }
    },
    {
      "type": "Feature",
      "id": "road-18-8-sidewalk-right",
      "geometry": {
        "type": "LineString",
        "coordinates": [
          [
            118.678812,
            32.01027
          ],
          [
            118.678534,
            32.010394
          ]
        ]
      },
      "properties": {
        "id": "road-18-8-sidewalk-right",
        "kind": "sidewalk",
        "roadId": "road-18-8",
        "side": "right",
        "widthM": 1.8,
        "offsetM": 6.4,
        "sourceRefs": [
          "osm",
          "amap",
          "baidu-route-reference"
        ],
        "confidence": "estimated"
      }
    },
    {
      "type": "Feature",
      "id": "road-18-8-center-marking",
      "geometry": {
        "type": "LineString",
        "coordinates": [
          [
            118.678812,
            32.01027
          ],
          [
            118.678534,
            32.010394
          ]
        ]
      },
      "properties": {
        "id": "road-18-8-center-marking",
        "kind": "centerline",
        "roadId": "road-18-8",
        "widthM": 0.16,
        "dashM": 2.5,
        "gapM": 6,
        "sourceRefs": [
          "osm",
          "amap",
          "nanjing-official"
        ],
        "confidence": "estimated"
      }
    },
    {
      "type": "Feature",
      "id": "road-18-9-sidewalk-left",
      "geometry": {
        "type": "LineString",
        "coordinates": [
          [
            118.693162,
            32.00189
          ],
          [
            118.69146,
            32.003073
          ]
        ]
      },
      "properties": {
        "id": "road-18-9-sidewalk-left",
        "kind": "sidewalk",
        "roadId": "road-18-9",
        "side": "left",
        "widthM": 1.8,
        "offsetM": 6.4,
        "sourceRefs": [
          "osm",
          "amap",
          "nanjing-official"
        ],
        "confidence": "estimated"
      }
    },
    {
      "type": "Feature",
      "id": "road-18-9-sidewalk-right",
      "geometry": {
        "type": "LineString",
        "coordinates": [
          [
            118.693162,
            32.00189
          ],
          [
            118.69146,
            32.003073
          ]
        ]
      },
      "properties": {
        "id": "road-18-9-sidewalk-right",
        "kind": "sidewalk",
        "roadId": "road-18-9",
        "side": "right",
        "widthM": 1.8,
        "offsetM": 6.4,
        "sourceRefs": [
          "osm",
          "amap",
          "baidu-route-reference"
        ],
        "confidence": "estimated"
      }
    },
    {
      "type": "Feature",
      "id": "road-18-9-center-marking",
      "geometry": {
        "type": "LineString",
        "coordinates": [
          [
            118.693162,
            32.00189
          ],
          [
            118.69146,
            32.003073
          ]
        ]
      },
      "properties": {
        "id": "road-18-9-center-marking",
        "kind": "centerline",
        "roadId": "road-18-9",
        "widthM": 0.16,
        "dashM": 2.5,
        "gapM": 6,
        "sourceRefs": [
          "osm",
          "amap",
          "nanjing-official"
        ],
        "confidence": "estimated"
      }
    },
    {
      "type": "Feature",
      "id": "road-19-0-sidewalk-left",
      "geometry": {
        "type": "LineString",
        "coordinates": [
          [
            118.683556,
            32.010188
          ],
          [
            118.692795,
            32.005378
          ]
        ]
      },
      "properties": {
        "id": "road-19-0-sidewalk-left",
        "kind": "sidewalk",
        "roadId": "road-19-0",
        "side": "left",
        "widthM": 1.8,
        "offsetM": 6.4,
        "sourceRefs": [
          "osm",
          "amap",
          "nanjing-official"
        ],
        "confidence": "estimated"
      }
    },
    {
      "type": "Feature",
      "id": "road-19-0-sidewalk-right",
      "geometry": {
        "type": "LineString",
        "coordinates": [
          [
            118.683556,
            32.010188
          ],
          [
            118.692795,
            32.005378
          ]
        ]
      },
      "properties": {
        "id": "road-19-0-sidewalk-right",
        "kind": "sidewalk",
        "roadId": "road-19-0",
        "side": "right",
        "widthM": 1.8,
        "offsetM": 6.4,
        "sourceRefs": [
          "osm",
          "amap",
          "baidu-route-reference"
        ],
        "confidence": "estimated"
      }
    },
    {
      "type": "Feature",
      "id": "road-19-0-center-marking",
      "geometry": {
        "type": "LineString",
        "coordinates": [
          [
            118.683556,
            32.010188
          ],
          [
            118.692795,
            32.005378
          ]
        ]
      },
      "properties": {
        "id": "road-19-0-center-marking",
        "kind": "centerline",
        "roadId": "road-19-0",
        "widthM": 0.16,
        "dashM": 2.5,
        "gapM": 6,
        "sourceRefs": [
          "osm",
          "amap",
          "nanjing-official"
        ],
        "confidence": "estimated"
      }
    },
    {
      "type": "Feature",
      "id": "road-19-1-sidewalk-left",
      "geometry": {
        "type": "LineString",
        "coordinates": [
          [
            118.678444,
            32.012447
          ],
          [
            118.683197,
            32.010368
          ]
        ]
      },
      "properties": {
        "id": "road-19-1-sidewalk-left",
        "kind": "sidewalk",
        "roadId": "road-19-1",
        "side": "left",
        "widthM": 1.8,
        "offsetM": 6.4,
        "sourceRefs": [
          "osm",
          "amap",
          "nanjing-official"
        ],
        "confidence": "estimated"
      }
    },
    {
      "type": "Feature",
      "id": "road-19-1-sidewalk-right",
      "geometry": {
        "type": "LineString",
        "coordinates": [
          [
            118.678444,
            32.012447
          ],
          [
            118.683197,
            32.010368
          ]
        ]
      },
      "properties": {
        "id": "road-19-1-sidewalk-right",
        "kind": "sidewalk",
        "roadId": "road-19-1",
        "side": "right",
        "widthM": 1.8,
        "offsetM": 6.4,
        "sourceRefs": [
          "osm",
          "amap",
          "baidu-route-reference"
        ],
        "confidence": "estimated"
      }
    },
    {
      "type": "Feature",
      "id": "road-19-1-center-marking",
      "geometry": {
        "type": "LineString",
        "coordinates": [
          [
            118.678444,
            32.012447
          ],
          [
            118.683197,
            32.010368
          ]
        ]
      },
      "properties": {
        "id": "road-19-1-center-marking",
        "kind": "centerline",
        "roadId": "road-19-1",
        "widthM": 0.16,
        "dashM": 2.5,
        "gapM": 6,
        "sourceRefs": [
          "osm",
          "amap",
          "nanjing-official"
        ],
        "confidence": "estimated"
      }
    },
    {
      "type": "Feature",
      "id": "road-19-2-sidewalk-left",
      "geometry": {
        "type": "LineString",
        "coordinates": [
          [
            118.683197,
            32.010368
          ],
          [
            118.683556,
            32.010188
          ]
        ]
      },
      "properties": {
        "id": "road-19-2-sidewalk-left",
        "kind": "sidewalk",
        "roadId": "road-19-2",
        "side": "left",
        "widthM": 1.8,
        "offsetM": 6.4,
        "sourceRefs": [
          "osm",
          "amap",
          "nanjing-official"
        ],
        "confidence": "estimated"
      }
    },
    {
      "type": "Feature",
      "id": "road-19-2-sidewalk-right",
      "geometry": {
        "type": "LineString",
        "coordinates": [
          [
            118.683197,
            32.010368
          ],
          [
            118.683556,
            32.010188
          ]
        ]
      },
      "properties": {
        "id": "road-19-2-sidewalk-right",
        "kind": "sidewalk",
        "roadId": "road-19-2",
        "side": "right",
        "widthM": 1.8,
        "offsetM": 6.4,
        "sourceRefs": [
          "osm",
          "amap",
          "baidu-route-reference"
        ],
        "confidence": "estimated"
      }
    },
    {
      "type": "Feature",
      "id": "road-19-2-center-marking",
      "geometry": {
        "type": "LineString",
        "coordinates": [
          [
            118.683197,
            32.010368
          ],
          [
            118.683556,
            32.010188
          ]
        ]
      },
      "properties": {
        "id": "road-19-2-center-marking",
        "kind": "centerline",
        "roadId": "road-19-2",
        "widthM": 0.16,
        "dashM": 2.5,
        "gapM": 6,
        "sourceRefs": [
          "osm",
          "amap",
          "nanjing-official"
        ],
        "confidence": "estimated"
      }
    },
    {
      "type": "Feature",
      "id": "road-19-3-sidewalk-left",
      "geometry": {
        "type": "LineString",
        "coordinates": [
          [
            118.693171,
            32.005184
          ],
          [
            118.696424,
            32.003502
          ]
        ]
      },
      "properties": {
        "id": "road-19-3-sidewalk-left",
        "kind": "sidewalk",
        "roadId": "road-19-3",
        "side": "left",
        "widthM": 1.8,
        "offsetM": 6.4,
        "sourceRefs": [
          "osm",
          "amap",
          "nanjing-official"
        ],
        "confidence": "estimated"
      }
    },
    {
      "type": "Feature",
      "id": "road-19-3-sidewalk-right",
      "geometry": {
        "type": "LineString",
        "coordinates": [
          [
            118.693171,
            32.005184
          ],
          [
            118.696424,
            32.003502
          ]
        ]
      },
      "properties": {
        "id": "road-19-3-sidewalk-right",
        "kind": "sidewalk",
        "roadId": "road-19-3",
        "side": "right",
        "widthM": 1.8,
        "offsetM": 6.4,
        "sourceRefs": [
          "osm",
          "amap",
          "baidu-route-reference"
        ],
        "confidence": "estimated"
      }
    },
    {
      "type": "Feature",
      "id": "road-19-3-center-marking",
      "geometry": {
        "type": "LineString",
        "coordinates": [
          [
            118.693171,
            32.005184
          ],
          [
            118.696424,
            32.003502
          ]
        ]
      },
      "properties": {
        "id": "road-19-3-center-marking",
        "kind": "centerline",
        "roadId": "road-19-3",
        "widthM": 0.16,
        "dashM": 2.5,
        "gapM": 6,
        "sourceRefs": [
          "osm",
          "amap",
          "nanjing-official"
        ],
        "confidence": "estimated"
      }
    },
    {
      "type": "Feature",
      "id": "road-19-4-sidewalk-left",
      "geometry": {
        "type": "LineString",
        "coordinates": [
          [
            118.692795,
            32.005378
          ],
          [
            118.693082,
            32.00523
          ]
        ]
      },
      "properties": {
        "id": "road-19-4-sidewalk-left",
        "kind": "sidewalk",
        "roadId": "road-19-4",
        "side": "left",
        "widthM": 1.8,
        "offsetM": 6.4,
        "sourceRefs": [
          "osm",
          "amap",
          "nanjing-official"
        ],
        "confidence": "estimated"
      }
    },
    {
      "type": "Feature",
      "id": "road-19-4-sidewalk-right",
      "geometry": {
        "type": "LineString",
        "coordinates": [
          [
            118.692795,
            32.005378
          ],
          [
            118.693082,
            32.00523
          ]
        ]
      },
      "properties": {
        "id": "road-19-4-sidewalk-right",
        "kind": "sidewalk",
        "roadId": "road-19-4",
        "side": "right",
        "widthM": 1.8,
        "offsetM": 6.4,
        "sourceRefs": [
          "osm",
          "amap",
          "baidu-route-reference"
        ],
        "confidence": "estimated"
      }
    },
    {
      "type": "Feature",
      "id": "road-19-4-center-marking",
      "geometry": {
        "type": "LineString",
        "coordinates": [
          [
            118.692795,
            32.005378
          ],
          [
            118.693082,
            32.00523
          ]
        ]
      },
      "properties": {
        "id": "road-19-4-center-marking",
        "kind": "centerline",
        "roadId": "road-19-4",
        "widthM": 0.16,
        "dashM": 2.5,
        "gapM": 6,
        "sourceRefs": [
          "osm",
          "amap",
          "nanjing-official"
        ],
        "confidence": "estimated"
      }
    },
    {
      "type": "Feature",
      "id": "road-19-5-sidewalk-left",
      "geometry": {
        "type": "LineString",
        "coordinates": [
          [
            118.693082,
            32.00523
          ],
          [
            118.693171,
            32.005184
          ]
        ]
      },
      "properties": {
        "id": "road-19-5-sidewalk-left",
        "kind": "sidewalk",
        "roadId": "road-19-5",
        "side": "left",
        "widthM": 1.8,
        "offsetM": 6.4,
        "sourceRefs": [
          "osm",
          "amap",
          "nanjing-official"
        ],
        "confidence": "estimated"
      }
    },
    {
      "type": "Feature",
      "id": "road-19-5-sidewalk-right",
      "geometry": {
        "type": "LineString",
        "coordinates": [
          [
            118.693082,
            32.00523
          ],
          [
            118.693171,
            32.005184
          ]
        ]
      },
      "properties": {
        "id": "road-19-5-sidewalk-right",
        "kind": "sidewalk",
        "roadId": "road-19-5",
        "side": "right",
        "widthM": 1.8,
        "offsetM": 6.4,
        "sourceRefs": [
          "osm",
          "amap",
          "baidu-route-reference"
        ],
        "confidence": "estimated"
      }
    },
    {
      "type": "Feature",
      "id": "road-19-5-center-marking",
      "geometry": {
        "type": "LineString",
        "coordinates": [
          [
            118.693082,
            32.00523
          ],
          [
            118.693171,
            32.005184
          ]
        ]
      },
      "properties": {
        "id": "road-19-5-center-marking",
        "kind": "centerline",
        "roadId": "road-19-5",
        "widthM": 0.16,
        "dashM": 2.5,
        "gapM": 6,
        "sourceRefs": [
          "osm",
          "amap",
          "nanjing-official"
        ],
        "confidence": "estimated"
      }
    },
    {
      "type": "Feature",
      "id": "road-20-0-sidewalk-left",
      "geometry": {
        "type": "LineString",
        "coordinates": [
          [
            118.696125,
            31.999793
          ],
          [
            118.695783,
            31.999477
          ],
          [
            118.693456,
            31.99813
          ],
          [
            118.678711,
            31.99273
          ],
          [
            118.676824,
            31.991961
          ]
        ]
      },
      "properties": {
        "id": "road-20-0-sidewalk-left",
        "kind": "sidewalk",
        "roadId": "road-20-0",
        "side": "left",
        "widthM": 1.8,
        "offsetM": 6.4,
        "sourceRefs": [
          "osm",
          "amap",
          "nanjing-official"
        ],
        "confidence": "estimated"
      }
    },
    {
      "type": "Feature",
      "id": "road-20-0-sidewalk-right",
      "geometry": {
        "type": "LineString",
        "coordinates": [
          [
            118.696125,
            31.999793
          ],
          [
            118.695783,
            31.999477
          ],
          [
            118.693456,
            31.99813
          ],
          [
            118.678711,
            31.99273
          ],
          [
            118.676824,
            31.991961
          ]
        ]
      },
      "properties": {
        "id": "road-20-0-sidewalk-right",
        "kind": "sidewalk",
        "roadId": "road-20-0",
        "side": "right",
        "widthM": 1.8,
        "offsetM": 6.4,
        "sourceRefs": [
          "osm",
          "amap",
          "baidu-route-reference"
        ],
        "confidence": "estimated"
      }
    },
    {
      "type": "Feature",
      "id": "road-20-0-center-marking",
      "geometry": {
        "type": "LineString",
        "coordinates": [
          [
            118.696125,
            31.999793
          ],
          [
            118.695783,
            31.999477
          ],
          [
            118.693456,
            31.99813
          ],
          [
            118.678711,
            31.99273
          ],
          [
            118.676824,
            31.991961
          ]
        ]
      },
      "properties": {
        "id": "road-20-0-center-marking",
        "kind": "centerline",
        "roadId": "road-20-0",
        "widthM": 0.16,
        "dashM": 2.5,
        "gapM": 6,
        "sourceRefs": [
          "osm",
          "amap",
          "nanjing-official"
        ],
        "confidence": "estimated"
      }
    },
    {
      "type": "Feature",
      "id": "road-20-1-sidewalk-left",
      "geometry": {
        "type": "LineString",
        "coordinates": [
          [
            118.69032,
            32.014901
          ],
          [
            118.692618,
            32.014541
          ]
        ]
      },
      "properties": {
        "id": "road-20-1-sidewalk-left",
        "kind": "sidewalk",
        "roadId": "road-20-1",
        "side": "left",
        "widthM": 1.8,
        "offsetM": 6.4,
        "sourceRefs": [
          "osm",
          "amap",
          "nanjing-official"
        ],
        "confidence": "estimated"
      }
    },
    {
      "type": "Feature",
      "id": "road-20-1-sidewalk-right",
      "geometry": {
        "type": "LineString",
        "coordinates": [
          [
            118.69032,
            32.014901
          ],
          [
            118.692618,
            32.014541
          ]
        ]
      },
      "properties": {
        "id": "road-20-1-sidewalk-right",
        "kind": "sidewalk",
        "roadId": "road-20-1",
        "side": "right",
        "widthM": 1.8,
        "offsetM": 6.4,
        "sourceRefs": [
          "osm",
          "amap",
          "baidu-route-reference"
        ],
        "confidence": "estimated"
      }
    },
    {
      "type": "Feature",
      "id": "road-20-1-center-marking",
      "geometry": {
        "type": "LineString",
        "coordinates": [
          [
            118.69032,
            32.014901
          ],
          [
            118.692618,
            32.014541
          ]
        ]
      },
      "properties": {
        "id": "road-20-1-center-marking",
        "kind": "centerline",
        "roadId": "road-20-1",
        "widthM": 0.16,
        "dashM": 2.5,
        "gapM": 6,
        "sourceRefs": [
          "osm",
          "amap",
          "nanjing-official"
        ],
        "confidence": "estimated"
      }
    },
    {
      "type": "Feature",
      "id": "road-20-2-sidewalk-left",
      "geometry": {
        "type": "LineString",
        "coordinates": [
          [
            118.692897,
            32.01451
          ],
          [
            118.695146,
            32.014202
          ],
          [
            118.695611,
            32.014028
          ],
          [
            118.695868,
            32.013771
          ],
          [
            118.696083,
            32.01267
          ],
          [
            118.696194,
            32.010221
          ]
        ]
      },
      "properties": {
        "id": "road-20-2-sidewalk-left",
        "kind": "sidewalk",
        "roadId": "road-20-2",
        "side": "left",
        "widthM": 1.8,
        "offsetM": 6.4,
        "sourceRefs": [
          "osm",
          "amap",
          "nanjing-official"
        ],
        "confidence": "estimated"
      }
    },
    {
      "type": "Feature",
      "id": "road-20-2-sidewalk-right",
      "geometry": {
        "type": "LineString",
        "coordinates": [
          [
            118.692897,
            32.01451
          ],
          [
            118.695146,
            32.014202
          ],
          [
            118.695611,
            32.014028
          ],
          [
            118.695868,
            32.013771
          ],
          [
            118.696083,
            32.01267
          ],
          [
            118.696194,
            32.010221
          ]
        ]
      },
      "properties": {
        "id": "road-20-2-sidewalk-right",
        "kind": "sidewalk",
        "roadId": "road-20-2",
        "side": "right",
        "widthM": 1.8,
        "offsetM": 6.4,
        "sourceRefs": [
          "osm",
          "amap",
          "baidu-route-reference"
        ],
        "confidence": "estimated"
      }
    },
    {
      "type": "Feature",
      "id": "road-20-2-center-marking",
      "geometry": {
        "type": "LineString",
        "coordinates": [
          [
            118.692897,
            32.01451
          ],
          [
            118.695146,
            32.014202
          ],
          [
            118.695611,
            32.014028
          ],
          [
            118.695868,
            32.013771
          ],
          [
            118.696083,
            32.01267
          ],
          [
            118.696194,
            32.010221
          ]
        ]
      },
      "properties": {
        "id": "road-20-2-center-marking",
        "kind": "centerline",
        "roadId": "road-20-2",
        "widthM": 0.16,
        "dashM": 2.5,
        "gapM": 6,
        "sourceRefs": [
          "osm",
          "amap",
          "nanjing-official"
        ],
        "confidence": "estimated"
      }
    },
    {
      "type": "Feature",
      "id": "road-20-3-sidewalk-left",
      "geometry": {
        "type": "LineString",
        "coordinates": [
          [
            118.696424,
            32.003502
          ],
          [
            118.696496,
            32.000714
          ],
          [
            118.696377,
            32.000209
          ],
          [
            118.696125,
            31.999793
          ]
        ]
      },
      "properties": {
        "id": "road-20-3-sidewalk-left",
        "kind": "sidewalk",
        "roadId": "road-20-3",
        "side": "left",
        "widthM": 1.8,
        "offsetM": 6.4,
        "sourceRefs": [
          "osm",
          "amap",
          "nanjing-official"
        ],
        "confidence": "estimated"
      }
    },
    {
      "type": "Feature",
      "id": "road-20-3-sidewalk-right",
      "geometry": {
        "type": "LineString",
        "coordinates": [
          [
            118.696424,
            32.003502
          ],
          [
            118.696496,
            32.000714
          ],
          [
            118.696377,
            32.000209
          ],
          [
            118.696125,
            31.999793
          ]
        ]
      },
      "properties": {
        "id": "road-20-3-sidewalk-right",
        "kind": "sidewalk",
        "roadId": "road-20-3",
        "side": "right",
        "widthM": 1.8,
        "offsetM": 6.4,
        "sourceRefs": [
          "osm",
          "amap",
          "baidu-route-reference"
        ],
        "confidence": "estimated"
      }
    },
    {
      "type": "Feature",
      "id": "road-20-3-center-marking",
      "geometry": {
        "type": "LineString",
        "coordinates": [
          [
            118.696424,
            32.003502
          ],
          [
            118.696496,
            32.000714
          ],
          [
            118.696377,
            32.000209
          ],
          [
            118.696125,
            31.999793
          ]
        ]
      },
      "properties": {
        "id": "road-20-3-center-marking",
        "kind": "centerline",
        "roadId": "road-20-3",
        "widthM": 0.16,
        "dashM": 2.5,
        "gapM": 6,
        "sourceRefs": [
          "osm",
          "amap",
          "nanjing-official"
        ],
        "confidence": "estimated"
      }
    },
    {
      "type": "Feature",
      "id": "road-20-4-sidewalk-left",
      "geometry": {
        "type": "LineString",
        "coordinates": [
          [
            118.717297,
            32.056346
          ],
          [
            118.705972,
            32.035859
          ],
          [
            118.705409,
            32.034985
          ],
          [
            118.70368,
            32.032771
          ]
        ]
      },
      "properties": {
        "id": "road-20-4-sidewalk-left",
        "kind": "sidewalk",
        "roadId": "road-20-4",
        "side": "left",
        "widthM": 1.8,
        "offsetM": 6.4,
        "sourceRefs": [
          "osm",
          "amap",
          "nanjing-official"
        ],
        "confidence": "estimated"
      }
    },
    {
      "type": "Feature",
      "id": "road-20-4-sidewalk-right",
      "geometry": {
        "type": "LineString",
        "coordinates": [
          [
            118.717297,
            32.056346
          ],
          [
            118.705972,
            32.035859
          ],
          [
            118.705409,
            32.034985
          ],
          [
            118.70368,
            32.032771
          ]
        ]
      },
      "properties": {
        "id": "road-20-4-sidewalk-right",
        "kind": "sidewalk",
        "roadId": "road-20-4",
        "side": "right",
        "widthM": 1.8,
        "offsetM": 6.4,
        "sourceRefs": [
          "osm",
          "amap",
          "baidu-route-reference"
        ],
        "confidence": "estimated"
      }
    },
    {
      "type": "Feature",
      "id": "road-20-4-center-marking",
      "geometry": {
        "type": "LineString",
        "coordinates": [
          [
            118.717297,
            32.056346
          ],
          [
            118.705972,
            32.035859
          ],
          [
            118.705409,
            32.034985
          ],
          [
            118.70368,
            32.032771
          ]
        ]
      },
      "properties": {
        "id": "road-20-4-center-marking",
        "kind": "centerline",
        "roadId": "road-20-4",
        "widthM": 0.16,
        "dashM": 2.5,
        "gapM": 6,
        "sourceRefs": [
          "osm",
          "amap",
          "nanjing-official"
        ],
        "confidence": "estimated"
      }
    },
    {
      "type": "Feature",
      "id": "road-20-5-sidewalk-left",
      "geometry": {
        "type": "LineString",
        "coordinates": [
          [
            118.692618,
            32.014541
          ],
          [
            118.692897,
            32.01451
          ]
        ]
      },
      "properties": {
        "id": "road-20-5-sidewalk-left",
        "kind": "sidewalk",
        "roadId": "road-20-5",
        "side": "left",
        "widthM": 1.8,
        "offsetM": 6.4,
        "sourceRefs": [
          "osm",
          "amap",
          "nanjing-official"
        ],
        "confidence": "estimated"
      }
    },
    {
      "type": "Feature",
      "id": "road-20-5-sidewalk-right",
      "geometry": {
        "type": "LineString",
        "coordinates": [
          [
            118.692618,
            32.014541
          ],
          [
            118.692897,
            32.01451
          ]
        ]
      },
      "properties": {
        "id": "road-20-5-sidewalk-right",
        "kind": "sidewalk",
        "roadId": "road-20-5",
        "side": "right",
        "widthM": 1.8,
        "offsetM": 6.4,
        "sourceRefs": [
          "osm",
          "amap",
          "baidu-route-reference"
        ],
        "confidence": "estimated"
      }
    },
    {
      "type": "Feature",
      "id": "road-20-5-center-marking",
      "geometry": {
        "type": "LineString",
        "coordinates": [
          [
            118.692618,
            32.014541
          ],
          [
            118.692897,
            32.01451
          ]
        ]
      },
      "properties": {
        "id": "road-20-5-center-marking",
        "kind": "centerline",
        "roadId": "road-20-5",
        "widthM": 0.16,
        "dashM": 2.5,
        "gapM": 6,
        "sourceRefs": [
          "osm",
          "amap",
          "nanjing-official"
        ],
        "confidence": "estimated"
      }
    },
    {
      "type": "Feature",
      "id": "road-20-6-sidewalk-left",
      "geometry": {
        "type": "LineString",
        "coordinates": [
          [
            118.69563,
            32.020528
          ],
          [
            118.697218,
            32.023659
          ],
          [
            118.697787,
            32.024541
          ],
          [
            118.699157,
            32.026279
          ],
          [
            118.701137,
            32.029283
          ],
          [
            118.7024,
            32.030627
          ],
          [
            118.70368,
            32.032771
          ],
          [
            118.704487,
            32.03363
          ],
          [
            118.706091,
            32.035921
          ],
          [
            118.716071,
            32.053856
          ]
        ]
      },
      "properties": {
        "id": "road-20-6-sidewalk-left",
        "kind": "sidewalk",
        "roadId": "road-20-6",
        "side": "left",
        "widthM": 1.8,
        "offsetM": 6.4,
        "sourceRefs": [
          "osm",
          "amap",
          "nanjing-official"
        ],
        "confidence": "estimated"
      }
    },
    {
      "type": "Feature",
      "id": "road-20-6-sidewalk-right",
      "geometry": {
        "type": "LineString",
        "coordinates": [
          [
            118.69563,
            32.020528
          ],
          [
            118.697218,
            32.023659
          ],
          [
            118.697787,
            32.024541
          ],
          [
            118.699157,
            32.026279
          ],
          [
            118.701137,
            32.029283
          ],
          [
            118.7024,
            32.030627
          ],
          [
            118.70368,
            32.032771
          ],
          [
            118.704487,
            32.03363
          ],
          [
            118.706091,
            32.035921
          ],
          [
            118.716071,
            32.053856
          ]
        ]
      },
      "properties": {
        "id": "road-20-6-sidewalk-right",
        "kind": "sidewalk",
        "roadId": "road-20-6",
        "side": "right",
        "widthM": 1.8,
        "offsetM": 6.4,
        "sourceRefs": [
          "osm",
          "amap",
          "baidu-route-reference"
        ],
        "confidence": "estimated"
      }
    },
    {
      "type": "Feature",
      "id": "road-20-6-center-marking",
      "geometry": {
        "type": "LineString",
        "coordinates": [
          [
            118.69563,
            32.020528
          ],
          [
            118.697218,
            32.023659
          ],
          [
            118.697787,
            32.024541
          ],
          [
            118.699157,
            32.026279
          ],
          [
            118.701137,
            32.029283
          ],
          [
            118.7024,
            32.030627
          ],
          [
            118.70368,
            32.032771
          ],
          [
            118.704487,
            32.03363
          ],
          [
            118.706091,
            32.035921
          ],
          [
            118.716071,
            32.053856
          ]
        ]
      },
      "properties": {
        "id": "road-20-6-center-marking",
        "kind": "centerline",
        "roadId": "road-20-6",
        "widthM": 0.16,
        "dashM": 2.5,
        "gapM": 6,
        "sourceRefs": [
          "osm",
          "amap",
          "nanjing-official"
        ],
        "confidence": "estimated"
      }
    },
    {
      "type": "Feature",
      "id": "road-20-7-sidewalk-left",
      "geometry": {
        "type": "LineString",
        "coordinates": [
          [
            118.716071,
            32.053856
          ],
          [
            118.717371,
            32.056321
          ]
        ]
      },
      "properties": {
        "id": "road-20-7-sidewalk-left",
        "kind": "sidewalk",
        "roadId": "road-20-7",
        "side": "left",
        "widthM": 1.8,
        "offsetM": 6.4,
        "sourceRefs": [
          "osm",
          "amap",
          "nanjing-official"
        ],
        "confidence": "estimated"
      }
    },
    {
      "type": "Feature",
      "id": "road-20-7-sidewalk-right",
      "geometry": {
        "type": "LineString",
        "coordinates": [
          [
            118.716071,
            32.053856
          ],
          [
            118.717371,
            32.056321
          ]
        ]
      },
      "properties": {
        "id": "road-20-7-sidewalk-right",
        "kind": "sidewalk",
        "roadId": "road-20-7",
        "side": "right",
        "widthM": 1.8,
        "offsetM": 6.4,
        "sourceRefs": [
          "osm",
          "amap",
          "baidu-route-reference"
        ],
        "confidence": "estimated"
      }
    },
    {
      "type": "Feature",
      "id": "road-20-7-center-marking",
      "geometry": {
        "type": "LineString",
        "coordinates": [
          [
            118.716071,
            32.053856
          ],
          [
            118.717371,
            32.056321
          ]
        ]
      },
      "properties": {
        "id": "road-20-7-center-marking",
        "kind": "centerline",
        "roadId": "road-20-7",
        "widthM": 0.16,
        "dashM": 2.5,
        "gapM": 6,
        "sourceRefs": [
          "osm",
          "amap",
          "nanjing-official"
        ],
        "confidence": "estimated"
      }
    },
    {
      "type": "Feature",
      "id": "road-20-8-sidewalk-left",
      "geometry": {
        "type": "LineString",
        "coordinates": [
          [
            118.693167,
            32.017847
          ],
          [
            118.694789,
            32.019477
          ],
          [
            118.695434,
            32.020265
          ]
        ]
      },
      "properties": {
        "id": "road-20-8-sidewalk-left",
        "kind": "sidewalk",
        "roadId": "road-20-8",
        "side": "left",
        "widthM": 1.8,
        "offsetM": 6.4,
        "sourceRefs": [
          "osm",
          "amap",
          "nanjing-official"
        ],
        "confidence": "estimated"
      }
    },
    {
      "type": "Feature",
      "id": "road-20-8-sidewalk-right",
      "geometry": {
        "type": "LineString",
        "coordinates": [
          [
            118.693167,
            32.017847
          ],
          [
            118.694789,
            32.019477
          ],
          [
            118.695434,
            32.020265
          ]
        ]
      },
      "properties": {
        "id": "road-20-8-sidewalk-right",
        "kind": "sidewalk",
        "roadId": "road-20-8",
        "side": "right",
        "widthM": 1.8,
        "offsetM": 6.4,
        "sourceRefs": [
          "osm",
          "amap",
          "baidu-route-reference"
        ],
        "confidence": "estimated"
      }
    },
    {
      "type": "Feature",
      "id": "road-20-8-center-marking",
      "geometry": {
        "type": "LineString",
        "coordinates": [
          [
            118.693167,
            32.017847
          ],
          [
            118.694789,
            32.019477
          ],
          [
            118.695434,
            32.020265
          ]
        ]
      },
      "properties": {
        "id": "road-20-8-center-marking",
        "kind": "centerline",
        "roadId": "road-20-8",
        "widthM": 0.16,
        "dashM": 2.5,
        "gapM": 6,
        "sourceRefs": [
          "osm",
          "amap",
          "nanjing-official"
        ],
        "confidence": "estimated"
      }
    },
    {
      "type": "Feature",
      "id": "road-20-9-sidewalk-left",
      "geometry": {
        "type": "LineString",
        "coordinates": [
          [
            118.695434,
            32.020265
          ],
          [
            118.69563,
            32.020528
          ]
        ]
      },
      "properties": {
        "id": "road-20-9-sidewalk-left",
        "kind": "sidewalk",
        "roadId": "road-20-9",
        "side": "left",
        "widthM": 1.8,
        "offsetM": 6.4,
        "sourceRefs": [
          "osm",
          "amap",
          "nanjing-official"
        ],
        "confidence": "estimated"
      }
    },
    {
      "type": "Feature",
      "id": "road-20-9-sidewalk-right",
      "geometry": {
        "type": "LineString",
        "coordinates": [
          [
            118.695434,
            32.020265
          ],
          [
            118.69563,
            32.020528
          ]
        ]
      },
      "properties": {
        "id": "road-20-9-sidewalk-right",
        "kind": "sidewalk",
        "roadId": "road-20-9",
        "side": "right",
        "widthM": 1.8,
        "offsetM": 6.4,
        "sourceRefs": [
          "osm",
          "amap",
          "baidu-route-reference"
        ],
        "confidence": "estimated"
      }
    },
    {
      "type": "Feature",
      "id": "road-20-9-center-marking",
      "geometry": {
        "type": "LineString",
        "coordinates": [
          [
            118.695434,
            32.020265
          ],
          [
            118.69563,
            32.020528
          ]
        ]
      },
      "properties": {
        "id": "road-20-9-center-marking",
        "kind": "centerline",
        "roadId": "road-20-9",
        "widthM": 0.16,
        "dashM": 2.5,
        "gapM": 6,
        "sourceRefs": [
          "osm",
          "amap",
          "nanjing-official"
        ],
        "confidence": "estimated"
      }
    },
    {
      "type": "Feature",
      "id": "road-20-10-sidewalk-left",
      "geometry": {
        "type": "LineString",
        "coordinates": [
          [
            118.676824,
            31.991961
          ],
          [
            118.674072,
            31.990583
          ],
          [
            118.671906,
            31.989276
          ],
          [
            118.671003,
            31.988977
          ],
          [
            118.670317,
            31.989002
          ],
          [
            118.669612,
            31.989236
          ],
          [
            118.668935,
            31.989795
          ],
          [
            118.668405,
            31.990612
          ]
        ]
      },
      "properties": {
        "id": "road-20-10-sidewalk-left",
        "kind": "sidewalk",
        "roadId": "road-20-10",
        "side": "left",
        "widthM": 1.8,
        "offsetM": 6.4,
        "sourceRefs": [
          "osm",
          "amap",
          "nanjing-official"
        ],
        "confidence": "estimated"
      }
    },
    {
      "type": "Feature",
      "id": "road-20-10-sidewalk-right",
      "geometry": {
        "type": "LineString",
        "coordinates": [
          [
            118.676824,
            31.991961
          ],
          [
            118.674072,
            31.990583
          ],
          [
            118.671906,
            31.989276
          ],
          [
            118.671003,
            31.988977
          ],
          [
            118.670317,
            31.989002
          ],
          [
            118.669612,
            31.989236
          ],
          [
            118.668935,
            31.989795
          ],
          [
            118.668405,
            31.990612
          ]
        ]
      },
      "properties": {
        "id": "road-20-10-sidewalk-right",
        "kind": "sidewalk",
        "roadId": "road-20-10",
        "side": "right",
        "widthM": 1.8,
        "offsetM": 6.4,
        "sourceRefs": [
          "osm",
          "amap",
          "baidu-route-reference"
        ],
        "confidence": "estimated"
      }
    },
    {
      "type": "Feature",
      "id": "road-20-10-center-marking",
      "geometry": {
        "type": "LineString",
        "coordinates": [
          [
            118.676824,
            31.991961
          ],
          [
            118.674072,
            31.990583
          ],
          [
            118.671906,
            31.989276
          ],
          [
            118.671003,
            31.988977
          ],
          [
            118.670317,
            31.989002
          ],
          [
            118.669612,
            31.989236
          ],
          [
            118.668935,
            31.989795
          ],
          [
            118.668405,
            31.990612
          ]
        ]
      },
      "properties": {
        "id": "road-20-10-center-marking",
        "kind": "centerline",
        "roadId": "road-20-10",
        "widthM": 0.16,
        "dashM": 2.5,
        "gapM": 6,
        "sourceRefs": [
          "osm",
          "amap",
          "nanjing-official"
        ],
        "confidence": "estimated"
      }
    },
    {
      "type": "Feature",
      "id": "road-20-11-sidewalk-left",
      "geometry": {
        "type": "LineString",
        "coordinates": [
          [
            118.696309,
            32.005883
          ],
          [
            118.696194,
            32.010221
          ]
        ]
      },
      "properties": {
        "id": "road-20-11-sidewalk-left",
        "kind": "sidewalk",
        "roadId": "road-20-11",
        "side": "left",
        "widthM": 1.8,
        "offsetM": 6.4,
        "sourceRefs": [
          "osm",
          "amap",
          "nanjing-official"
        ],
        "confidence": "estimated"
      }
    },
    {
      "type": "Feature",
      "id": "road-20-11-sidewalk-right",
      "geometry": {
        "type": "LineString",
        "coordinates": [
          [
            118.696309,
            32.005883
          ],
          [
            118.696194,
            32.010221
          ]
        ]
      },
      "properties": {
        "id": "road-20-11-sidewalk-right",
        "kind": "sidewalk",
        "roadId": "road-20-11",
        "side": "right",
        "widthM": 1.8,
        "offsetM": 6.4,
        "sourceRefs": [
          "osm",
          "amap",
          "baidu-route-reference"
        ],
        "confidence": "estimated"
      }
    },
    {
      "type": "Feature",
      "id": "road-20-11-center-marking",
      "geometry": {
        "type": "LineString",
        "coordinates": [
          [
            118.696309,
            32.005883
          ],
          [
            118.696194,
            32.010221
          ]
        ]
      },
      "properties": {
        "id": "road-20-11-center-marking",
        "kind": "centerline",
        "roadId": "road-20-11",
        "widthM": 0.16,
        "dashM": 2.5,
        "gapM": 6,
        "sourceRefs": [
          "osm",
          "amap",
          "nanjing-official"
        ],
        "confidence": "estimated"
      }
    },
    {
      "type": "Feature",
      "id": "road-20-12-sidewalk-left",
      "geometry": {
        "type": "LineString",
        "coordinates": [
          [
            118.696309,
            32.005883
          ],
          [
            118.696424,
            32.003502
          ]
        ]
      },
      "properties": {
        "id": "road-20-12-sidewalk-left",
        "kind": "sidewalk",
        "roadId": "road-20-12",
        "side": "left",
        "widthM": 1.8,
        "offsetM": 6.4,
        "sourceRefs": [
          "osm",
          "amap",
          "nanjing-official"
        ],
        "confidence": "estimated"
      }
    },
    {
      "type": "Feature",
      "id": "road-20-12-sidewalk-right",
      "geometry": {
        "type": "LineString",
        "coordinates": [
          [
            118.696309,
            32.005883
          ],
          [
            118.696424,
            32.003502
          ]
        ]
      },
      "properties": {
        "id": "road-20-12-sidewalk-right",
        "kind": "sidewalk",
        "roadId": "road-20-12",
        "side": "right",
        "widthM": 1.8,
        "offsetM": 6.4,
        "sourceRefs": [
          "osm",
          "amap",
          "baidu-route-reference"
        ],
        "confidence": "estimated"
      }
    },
    {
      "type": "Feature",
      "id": "road-20-12-center-marking",
      "geometry": {
        "type": "LineString",
        "coordinates": [
          [
            118.696309,
            32.005883
          ],
          [
            118.696424,
            32.003502
          ]
        ]
      },
      "properties": {
        "id": "road-20-12-center-marking",
        "kind": "centerline",
        "roadId": "road-20-12",
        "widthM": 0.16,
        "dashM": 2.5,
        "gapM": 6,
        "sourceRefs": [
          "osm",
          "amap",
          "nanjing-official"
        ],
        "confidence": "estimated"
      }
    },
    {
      "type": "Feature",
      "id": "road-21-0-sidewalk-left",
      "geometry": {
        "type": "LineString",
        "coordinates": [
          [
            118.711494,
            32.04562
          ],
          [
            118.704765,
            32.049174
          ]
        ]
      },
      "properties": {
        "id": "road-21-0-sidewalk-left",
        "kind": "sidewalk",
        "roadId": "road-21-0",
        "side": "left",
        "widthM": 1.8,
        "offsetM": 6.4,
        "sourceRefs": [
          "osm",
          "amap",
          "nanjing-official"
        ],
        "confidence": "estimated"
      }
    },
    {
      "type": "Feature",
      "id": "road-21-0-sidewalk-right",
      "geometry": {
        "type": "LineString",
        "coordinates": [
          [
            118.711494,
            32.04562
          ],
          [
            118.704765,
            32.049174
          ]
        ]
      },
      "properties": {
        "id": "road-21-0-sidewalk-right",
        "kind": "sidewalk",
        "roadId": "road-21-0",
        "side": "right",
        "widthM": 1.8,
        "offsetM": 6.4,
        "sourceRefs": [
          "osm",
          "amap",
          "baidu-route-reference"
        ],
        "confidence": "estimated"
      }
    },
    {
      "type": "Feature",
      "id": "road-21-0-center-marking",
      "geometry": {
        "type": "LineString",
        "coordinates": [
          [
            118.711494,
            32.04562
          ],
          [
            118.704765,
            32.049174
          ]
        ]
      },
      "properties": {
        "id": "road-21-0-center-marking",
        "kind": "centerline",
        "roadId": "road-21-0",
        "widthM": 0.16,
        "dashM": 2.5,
        "gapM": 6,
        "sourceRefs": [
          "osm",
          "amap",
          "nanjing-official"
        ],
        "confidence": "estimated"
      }
    },
    {
      "type": "Feature",
      "id": "road-22-0-sidewalk-left",
      "geometry": {
        "type": "LineString",
        "coordinates": [
          [
            118.705416,
            32.046552
          ],
          [
            118.71054,
            32.043911
          ]
        ]
      },
      "properties": {
        "id": "road-22-0-sidewalk-left",
        "kind": "sidewalk",
        "roadId": "road-22-0",
        "side": "left",
        "widthM": 1.8,
        "offsetM": 6.4,
        "sourceRefs": [
          "osm",
          "amap",
          "nanjing-official"
        ],
        "confidence": "estimated"
      }
    },
    {
      "type": "Feature",
      "id": "road-22-0-sidewalk-right",
      "geometry": {
        "type": "LineString",
        "coordinates": [
          [
            118.705416,
            32.046552
          ],
          [
            118.71054,
            32.043911
          ]
        ]
      },
      "properties": {
        "id": "road-22-0-sidewalk-right",
        "kind": "sidewalk",
        "roadId": "road-22-0",
        "side": "right",
        "widthM": 1.8,
        "offsetM": 6.4,
        "sourceRefs": [
          "osm",
          "amap",
          "baidu-route-reference"
        ],
        "confidence": "estimated"
      }
    },
    {
      "type": "Feature",
      "id": "road-22-0-center-marking",
      "geometry": {
        "type": "LineString",
        "coordinates": [
          [
            118.705416,
            32.046552
          ],
          [
            118.71054,
            32.043911
          ]
        ]
      },
      "properties": {
        "id": "road-22-0-center-marking",
        "kind": "centerline",
        "roadId": "road-22-0",
        "widthM": 0.16,
        "dashM": 2.5,
        "gapM": 6,
        "sourceRefs": [
          "osm",
          "amap",
          "nanjing-official"
        ],
        "confidence": "estimated"
      }
    },
    {
      "type": "Feature",
      "id": "road-23-0-sidewalk-left",
      "geometry": {
        "type": "LineString",
        "coordinates": [
          [
            118.707183,
            32.037898
          ],
          [
            118.701512,
            32.041359
          ]
        ]
      },
      "properties": {
        "id": "road-23-0-sidewalk-left",
        "kind": "sidewalk",
        "roadId": "road-23-0",
        "side": "left",
        "widthM": 1.8,
        "offsetM": 6.4,
        "sourceRefs": [
          "osm",
          "amap",
          "nanjing-official"
        ],
        "confidence": "estimated"
      }
    },
    {
      "type": "Feature",
      "id": "road-23-0-sidewalk-right",
      "geometry": {
        "type": "LineString",
        "coordinates": [
          [
            118.707183,
            32.037898
          ],
          [
            118.701512,
            32.041359
          ]
        ]
      },
      "properties": {
        "id": "road-23-0-sidewalk-right",
        "kind": "sidewalk",
        "roadId": "road-23-0",
        "side": "right",
        "widthM": 1.8,
        "offsetM": 6.4,
        "sourceRefs": [
          "osm",
          "amap",
          "baidu-route-reference"
        ],
        "confidence": "estimated"
      }
    },
    {
      "type": "Feature",
      "id": "road-23-0-center-marking",
      "geometry": {
        "type": "LineString",
        "coordinates": [
          [
            118.707183,
            32.037898
          ],
          [
            118.701512,
            32.041359
          ]
        ]
      },
      "properties": {
        "id": "road-23-0-center-marking",
        "kind": "centerline",
        "roadId": "road-23-0",
        "widthM": 0.16,
        "dashM": 2.5,
        "gapM": 6,
        "sourceRefs": [
          "osm",
          "amap",
          "nanjing-official"
        ],
        "confidence": "estimated"
      }
    },
    {
      "type": "Feature",
      "id": "road-23-1-sidewalk-left",
      "geometry": {
        "type": "LineString",
        "coordinates": [
          [
            118.701138,
            32.041586
          ],
          [
            118.701282,
            32.041504
          ]
        ]
      },
      "properties": {
        "id": "road-23-1-sidewalk-left",
        "kind": "sidewalk",
        "roadId": "road-23-1",
        "side": "left",
        "widthM": 1.8,
        "offsetM": 6.4,
        "sourceRefs": [
          "osm",
          "amap",
          "nanjing-official"
        ],
        "confidence": "estimated"
      }
    },
    {
      "type": "Feature",
      "id": "road-23-1-sidewalk-right",
      "geometry": {
        "type": "LineString",
        "coordinates": [
          [
            118.701138,
            32.041586
          ],
          [
            118.701282,
            32.041504
          ]
        ]
      },
      "properties": {
        "id": "road-23-1-sidewalk-right",
        "kind": "sidewalk",
        "roadId": "road-23-1",
        "side": "right",
        "widthM": 1.8,
        "offsetM": 6.4,
        "sourceRefs": [
          "osm",
          "amap",
          "baidu-route-reference"
        ],
        "confidence": "estimated"
      }
    },
    {
      "type": "Feature",
      "id": "road-23-1-center-marking",
      "geometry": {
        "type": "LineString",
        "coordinates": [
          [
            118.701138,
            32.041586
          ],
          [
            118.701282,
            32.041504
          ]
        ]
      },
      "properties": {
        "id": "road-23-1-center-marking",
        "kind": "centerline",
        "roadId": "road-23-1",
        "widthM": 0.16,
        "dashM": 2.5,
        "gapM": 6,
        "sourceRefs": [
          "osm",
          "amap",
          "nanjing-official"
        ],
        "confidence": "estimated"
      }
    },
    {
      "type": "Feature",
      "id": "road-23-2-sidewalk-left",
      "geometry": {
        "type": "LineString",
        "coordinates": [
          [
            118.701282,
            32.041504
          ],
          [
            118.701512,
            32.041359
          ]
        ]
      },
      "properties": {
        "id": "road-23-2-sidewalk-left",
        "kind": "sidewalk",
        "roadId": "road-23-2",
        "side": "left",
        "widthM": 1.8,
        "offsetM": 6.4,
        "sourceRefs": [
          "osm",
          "amap",
          "nanjing-official"
        ],
        "confidence": "estimated"
      }
    },
    {
      "type": "Feature",
      "id": "road-23-2-sidewalk-right",
      "geometry": {
        "type": "LineString",
        "coordinates": [
          [
            118.701282,
            32.041504
          ],
          [
            118.701512,
            32.041359
          ]
        ]
      },
      "properties": {
        "id": "road-23-2-sidewalk-right",
        "kind": "sidewalk",
        "roadId": "road-23-2",
        "side": "right",
        "widthM": 1.8,
        "offsetM": 6.4,
        "sourceRefs": [
          "osm",
          "amap",
          "baidu-route-reference"
        ],
        "confidence": "estimated"
      }
    },
    {
      "type": "Feature",
      "id": "road-23-2-center-marking",
      "geometry": {
        "type": "LineString",
        "coordinates": [
          [
            118.701282,
            32.041504
          ],
          [
            118.701512,
            32.041359
          ]
        ]
      },
      "properties": {
        "id": "road-23-2-center-marking",
        "kind": "centerline",
        "roadId": "road-23-2",
        "widthM": 0.16,
        "dashM": 2.5,
        "gapM": 6,
        "sourceRefs": [
          "osm",
          "amap",
          "nanjing-official"
        ],
        "confidence": "estimated"
      }
    },
    {
      "type": "Feature",
      "id": "road-24-0-sidewalk-left",
      "geometry": {
        "type": "LineString",
        "coordinates": [
          [
            118.691699,
            32.029211
          ],
          [
            118.690552,
            32.030003
          ],
          [
            118.690447,
            32.030367
          ],
          [
            118.694919,
            32.038546
          ]
        ]
      },
      "properties": {
        "id": "road-24-0-sidewalk-left",
        "kind": "sidewalk",
        "roadId": "road-24-0",
        "side": "left",
        "widthM": 1.8,
        "offsetM": 6.4,
        "sourceRefs": [
          "osm",
          "amap",
          "nanjing-official"
        ],
        "confidence": "estimated"
      }
    },
    {
      "type": "Feature",
      "id": "road-24-0-sidewalk-right",
      "geometry": {
        "type": "LineString",
        "coordinates": [
          [
            118.691699,
            32.029211
          ],
          [
            118.690552,
            32.030003
          ],
          [
            118.690447,
            32.030367
          ],
          [
            118.694919,
            32.038546
          ]
        ]
      },
      "properties": {
        "id": "road-24-0-sidewalk-right",
        "kind": "sidewalk",
        "roadId": "road-24-0",
        "side": "right",
        "widthM": 1.8,
        "offsetM": 6.4,
        "sourceRefs": [
          "osm",
          "amap",
          "baidu-route-reference"
        ],
        "confidence": "estimated"
      }
    },
    {
      "type": "Feature",
      "id": "road-24-0-center-marking",
      "geometry": {
        "type": "LineString",
        "coordinates": [
          [
            118.691699,
            32.029211
          ],
          [
            118.690552,
            32.030003
          ],
          [
            118.690447,
            32.030367
          ],
          [
            118.694919,
            32.038546
          ]
        ]
      },
      "properties": {
        "id": "road-24-0-center-marking",
        "kind": "centerline",
        "roadId": "road-24-0",
        "widthM": 0.16,
        "dashM": 2.5,
        "gapM": 6,
        "sourceRefs": [
          "osm",
          "amap",
          "nanjing-official"
        ],
        "confidence": "estimated"
      }
    },
    {
      "type": "Feature",
      "id": "road-25-0-sidewalk-left",
      "geometry": {
        "type": "LineString",
        "coordinates": [
          [
            118.694715,
            32.032575
          ],
          [
            118.698527,
            32.029833
          ]
        ]
      },
      "properties": {
        "id": "road-25-0-sidewalk-left",
        "kind": "sidewalk",
        "roadId": "road-25-0",
        "side": "left",
        "widthM": 1.8,
        "offsetM": 6.4,
        "sourceRefs": [
          "osm",
          "amap",
          "nanjing-official"
        ],
        "confidence": "estimated"
      }
    },
    {
      "type": "Feature",
      "id": "road-25-0-sidewalk-right",
      "geometry": {
        "type": "LineString",
        "coordinates": [
          [
            118.694715,
            32.032575
          ],
          [
            118.698527,
            32.029833
          ]
        ]
      },
      "properties": {
        "id": "road-25-0-sidewalk-right",
        "kind": "sidewalk",
        "roadId": "road-25-0",
        "side": "right",
        "widthM": 1.8,
        "offsetM": 6.4,
        "sourceRefs": [
          "osm",
          "amap",
          "baidu-route-reference"
        ],
        "confidence": "estimated"
      }
    },
    {
      "type": "Feature",
      "id": "road-25-0-center-marking",
      "geometry": {
        "type": "LineString",
        "coordinates": [
          [
            118.694715,
            32.032575
          ],
          [
            118.698527,
            32.029833
          ]
        ]
      },
      "properties": {
        "id": "road-25-0-center-marking",
        "kind": "centerline",
        "roadId": "road-25-0",
        "widthM": 0.16,
        "dashM": 2.5,
        "gapM": 6,
        "sourceRefs": [
          "osm",
          "amap",
          "nanjing-official"
        ],
        "confidence": "estimated"
      }
    },
    {
      "type": "Feature",
      "id": "road-25-1-sidewalk-left",
      "geometry": {
        "type": "LineString",
        "coordinates": [
          [
            118.694498,
            32.032734
          ],
          [
            118.692502,
            32.034141
          ]
        ]
      },
      "properties": {
        "id": "road-25-1-sidewalk-left",
        "kind": "sidewalk",
        "roadId": "road-25-1",
        "side": "left",
        "widthM": 1.8,
        "offsetM": 6.4,
        "sourceRefs": [
          "osm",
          "amap",
          "nanjing-official"
        ],
        "confidence": "estimated"
      }
    },
    {
      "type": "Feature",
      "id": "road-25-1-sidewalk-right",
      "geometry": {
        "type": "LineString",
        "coordinates": [
          [
            118.694498,
            32.032734
          ],
          [
            118.692502,
            32.034141
          ]
        ]
      },
      "properties": {
        "id": "road-25-1-sidewalk-right",
        "kind": "sidewalk",
        "roadId": "road-25-1",
        "side": "right",
        "widthM": 1.8,
        "offsetM": 6.4,
        "sourceRefs": [
          "osm",
          "amap",
          "baidu-route-reference"
        ],
        "confidence": "estimated"
      }
    },
    {
      "type": "Feature",
      "id": "road-25-1-center-marking",
      "geometry": {
        "type": "LineString",
        "coordinates": [
          [
            118.694498,
            32.032734
          ],
          [
            118.692502,
            32.034141
          ]
        ]
      },
      "properties": {
        "id": "road-25-1-center-marking",
        "kind": "centerline",
        "roadId": "road-25-1",
        "widthM": 0.16,
        "dashM": 2.5,
        "gapM": 6,
        "sourceRefs": [
          "osm",
          "amap",
          "nanjing-official"
        ],
        "confidence": "estimated"
      }
    },
    {
      "type": "Feature",
      "id": "road-25-2-sidewalk-left",
      "geometry": {
        "type": "LineString",
        "coordinates": [
          [
            118.694498,
            32.032734
          ],
          [
            118.694671,
            32.032607
          ]
        ]
      },
      "properties": {
        "id": "road-25-2-sidewalk-left",
        "kind": "sidewalk",
        "roadId": "road-25-2",
        "side": "left",
        "widthM": 1.8,
        "offsetM": 6.4,
        "sourceRefs": [
          "osm",
          "amap",
          "nanjing-official"
        ],
        "confidence": "estimated"
      }
    },
    {
      "type": "Feature",
      "id": "road-25-2-sidewalk-right",
      "geometry": {
        "type": "LineString",
        "coordinates": [
          [
            118.694498,
            32.032734
          ],
          [
            118.694671,
            32.032607
          ]
        ]
      },
      "properties": {
        "id": "road-25-2-sidewalk-right",
        "kind": "sidewalk",
        "roadId": "road-25-2",
        "side": "right",
        "widthM": 1.8,
        "offsetM": 6.4,
        "sourceRefs": [
          "osm",
          "amap",
          "baidu-route-reference"
        ],
        "confidence": "estimated"
      }
    },
    {
      "type": "Feature",
      "id": "road-25-2-center-marking",
      "geometry": {
        "type": "LineString",
        "coordinates": [
          [
            118.694498,
            32.032734
          ],
          [
            118.694671,
            32.032607
          ]
        ]
      },
      "properties": {
        "id": "road-25-2-center-marking",
        "kind": "centerline",
        "roadId": "road-25-2",
        "widthM": 0.16,
        "dashM": 2.5,
        "gapM": 6,
        "sourceRefs": [
          "osm",
          "amap",
          "nanjing-official"
        ],
        "confidence": "estimated"
      }
    },
    {
      "type": "Feature",
      "id": "road-25-3-sidewalk-left",
      "geometry": {
        "type": "LineString",
        "coordinates": [
          [
            118.694671,
            32.032607
          ],
          [
            118.694715,
            32.032575
          ]
        ]
      },
      "properties": {
        "id": "road-25-3-sidewalk-left",
        "kind": "sidewalk",
        "roadId": "road-25-3",
        "side": "left",
        "widthM": 1.8,
        "offsetM": 6.4,
        "sourceRefs": [
          "osm",
          "amap",
          "nanjing-official"
        ],
        "confidence": "estimated"
      }
    },
    {
      "type": "Feature",
      "id": "road-25-3-sidewalk-right",
      "geometry": {
        "type": "LineString",
        "coordinates": [
          [
            118.694671,
            32.032607
          ],
          [
            118.694715,
            32.032575
          ]
        ]
      },
      "properties": {
        "id": "road-25-3-sidewalk-right",
        "kind": "sidewalk",
        "roadId": "road-25-3",
        "side": "right",
        "widthM": 1.8,
        "offsetM": 6.4,
        "sourceRefs": [
          "osm",
          "amap",
          "baidu-route-reference"
        ],
        "confidence": "estimated"
      }
    },
    {
      "type": "Feature",
      "id": "road-25-3-center-marking",
      "geometry": {
        "type": "LineString",
        "coordinates": [
          [
            118.694671,
            32.032607
          ],
          [
            118.694715,
            32.032575
          ]
        ]
      },
      "properties": {
        "id": "road-25-3-center-marking",
        "kind": "centerline",
        "roadId": "road-25-3",
        "widthM": 0.16,
        "dashM": 2.5,
        "gapM": 6,
        "sourceRefs": [
          "osm",
          "amap",
          "nanjing-official"
        ],
        "confidence": "estimated"
      }
    },
    {
      "type": "Feature",
      "id": "road-26-0-sidewalk-left",
      "geometry": {
        "type": "LineString",
        "coordinates": [
          [
            118.681448,
            32.011141
          ],
          [
            118.680493,
            32.009536
          ]
        ]
      },
      "properties": {
        "id": "road-26-0-sidewalk-left",
        "kind": "sidewalk",
        "roadId": "road-26-0",
        "side": "left",
        "widthM": 1.8,
        "offsetM": 6.4,
        "sourceRefs": [
          "osm",
          "amap",
          "nanjing-official"
        ],
        "confidence": "estimated"
      }
    },
    {
      "type": "Feature",
      "id": "road-26-0-sidewalk-right",
      "geometry": {
        "type": "LineString",
        "coordinates": [
          [
            118.681448,
            32.011141
          ],
          [
            118.680493,
            32.009536
          ]
        ]
      },
      "properties": {
        "id": "road-26-0-sidewalk-right",
        "kind": "sidewalk",
        "roadId": "road-26-0",
        "side": "right",
        "widthM": 1.8,
        "offsetM": 6.4,
        "sourceRefs": [
          "osm",
          "amap",
          "baidu-route-reference"
        ],
        "confidence": "estimated"
      }
    },
    {
      "type": "Feature",
      "id": "road-26-0-center-marking",
      "geometry": {
        "type": "LineString",
        "coordinates": [
          [
            118.681448,
            32.011141
          ],
          [
            118.680493,
            32.009536
          ]
        ]
      },
      "properties": {
        "id": "road-26-0-center-marking",
        "kind": "centerline",
        "roadId": "road-26-0",
        "widthM": 0.16,
        "dashM": 2.5,
        "gapM": 6,
        "sourceRefs": [
          "osm",
          "amap",
          "nanjing-official"
        ],
        "confidence": "estimated"
      }
    },
    {
      "type": "Feature",
      "id": "road-27-0-sidewalk-left",
      "geometry": {
        "type": "LineString",
        "coordinates": [
          [
            118.694727,
            32.024946
          ],
          [
            118.693013,
            32.022742
          ],
          [
            118.692303,
            32.02249
          ],
          [
            118.691474,
            32.022562
          ]
        ]
      },
      "properties": {
        "id": "road-27-0-sidewalk-left",
        "kind": "sidewalk",
        "roadId": "road-27-0",
        "side": "left",
        "widthM": 1.8,
        "offsetM": 6.4,
        "sourceRefs": [
          "osm",
          "amap",
          "nanjing-official"
        ],
        "confidence": "estimated"
      }
    },
    {
      "type": "Feature",
      "id": "road-27-0-sidewalk-right",
      "geometry": {
        "type": "LineString",
        "coordinates": [
          [
            118.694727,
            32.024946
          ],
          [
            118.693013,
            32.022742
          ],
          [
            118.692303,
            32.02249
          ],
          [
            118.691474,
            32.022562
          ]
        ]
      },
      "properties": {
        "id": "road-27-0-sidewalk-right",
        "kind": "sidewalk",
        "roadId": "road-27-0",
        "side": "right",
        "widthM": 1.8,
        "offsetM": 6.4,
        "sourceRefs": [
          "osm",
          "amap",
          "baidu-route-reference"
        ],
        "confidence": "estimated"
      }
    },
    {
      "type": "Feature",
      "id": "road-27-0-center-marking",
      "geometry": {
        "type": "LineString",
        "coordinates": [
          [
            118.694727,
            32.024946
          ],
          [
            118.693013,
            32.022742
          ],
          [
            118.692303,
            32.02249
          ],
          [
            118.691474,
            32.022562
          ]
        ]
      },
      "properties": {
        "id": "road-27-0-center-marking",
        "kind": "centerline",
        "roadId": "road-27-0",
        "widthM": 0.16,
        "dashM": 2.5,
        "gapM": 6,
        "sourceRefs": [
          "osm",
          "amap",
          "nanjing-official"
        ],
        "confidence": "estimated"
      }
    },
    {
      "type": "Feature",
      "id": "road-27-1-sidewalk-left",
      "geometry": {
        "type": "LineString",
        "coordinates": [
          [
            118.699883,
            32.031481
          ],
          [
            118.69717,
            32.028144
          ]
        ]
      },
      "properties": {
        "id": "road-27-1-sidewalk-left",
        "kind": "sidewalk",
        "roadId": "road-27-1",
        "side": "left",
        "widthM": 1.8,
        "offsetM": 6.4,
        "sourceRefs": [
          "osm",
          "amap",
          "nanjing-official"
        ],
        "confidence": "estimated"
      }
    },
    {
      "type": "Feature",
      "id": "road-27-1-sidewalk-right",
      "geometry": {
        "type": "LineString",
        "coordinates": [
          [
            118.699883,
            32.031481
          ],
          [
            118.69717,
            32.028144
          ]
        ]
      },
      "properties": {
        "id": "road-27-1-sidewalk-right",
        "kind": "sidewalk",
        "roadId": "road-27-1",
        "side": "right",
        "widthM": 1.8,
        "offsetM": 6.4,
        "sourceRefs": [
          "osm",
          "amap",
          "baidu-route-reference"
        ],
        "confidence": "estimated"
      }
    },
    {
      "type": "Feature",
      "id": "road-27-1-center-marking",
      "geometry": {
        "type": "LineString",
        "coordinates": [
          [
            118.699883,
            32.031481
          ],
          [
            118.69717,
            32.028144
          ]
        ]
      },
      "properties": {
        "id": "road-27-1-center-marking",
        "kind": "centerline",
        "roadId": "road-27-1",
        "widthM": 0.16,
        "dashM": 2.5,
        "gapM": 6,
        "sourceRefs": [
          "osm",
          "amap",
          "nanjing-official"
        ],
        "confidence": "estimated"
      }
    },
    {
      "type": "Feature",
      "id": "road-27-2-sidewalk-left",
      "geometry": {
        "type": "LineString",
        "coordinates": [
          [
            118.69718,
            32.028037
          ],
          [
            118.699883,
            32.031481
          ]
        ]
      },
      "properties": {
        "id": "road-27-2-sidewalk-left",
        "kind": "sidewalk",
        "roadId": "road-27-2",
        "side": "left",
        "widthM": 1.8,
        "offsetM": 6.4,
        "sourceRefs": [
          "osm",
          "amap",
          "nanjing-official"
        ],
        "confidence": "estimated"
      }
    },
    {
      "type": "Feature",
      "id": "road-27-2-sidewalk-right",
      "geometry": {
        "type": "LineString",
        "coordinates": [
          [
            118.69718,
            32.028037
          ],
          [
            118.699883,
            32.031481
          ]
        ]
      },
      "properties": {
        "id": "road-27-2-sidewalk-right",
        "kind": "sidewalk",
        "roadId": "road-27-2",
        "side": "right",
        "widthM": 1.8,
        "offsetM": 6.4,
        "sourceRefs": [
          "osm",
          "amap",
          "baidu-route-reference"
        ],
        "confidence": "estimated"
      }
    },
    {
      "type": "Feature",
      "id": "road-27-2-center-marking",
      "geometry": {
        "type": "LineString",
        "coordinates": [
          [
            118.69718,
            32.028037
          ],
          [
            118.699883,
            32.031481
          ]
        ]
      },
      "properties": {
        "id": "road-27-2-center-marking",
        "kind": "centerline",
        "roadId": "road-27-2",
        "widthM": 0.16,
        "dashM": 2.5,
        "gapM": 6,
        "sourceRefs": [
          "osm",
          "amap",
          "nanjing-official"
        ],
        "confidence": "estimated"
      }
    },
    {
      "type": "Feature",
      "id": "road-27-3-sidewalk-left",
      "geometry": {
        "type": "LineString",
        "coordinates": [
          [
            118.69151,
            32.022463
          ],
          [
            118.692341,
            32.022409
          ],
          [
            118.693124,
            32.02274
          ],
          [
            118.694796,
            32.024909
          ]
        ]
      },
      "properties": {
        "id": "road-27-3-sidewalk-left",
        "kind": "sidewalk",
        "roadId": "road-27-3",
        "side": "left",
        "widthM": 1.8,
        "offsetM": 6.4,
        "sourceRefs": [
          "osm",
          "amap",
          "nanjing-official"
        ],
        "confidence": "estimated"
      }
    },
    {
      "type": "Feature",
      "id": "road-27-3-sidewalk-right",
      "geometry": {
        "type": "LineString",
        "coordinates": [
          [
            118.69151,
            32.022463
          ],
          [
            118.692341,
            32.022409
          ],
          [
            118.693124,
            32.02274
          ],
          [
            118.694796,
            32.024909
          ]
        ]
      },
      "properties": {
        "id": "road-27-3-sidewalk-right",
        "kind": "sidewalk",
        "roadId": "road-27-3",
        "side": "right",
        "widthM": 1.8,
        "offsetM": 6.4,
        "sourceRefs": [
          "osm",
          "amap",
          "baidu-route-reference"
        ],
        "confidence": "estimated"
      }
    },
    {
      "type": "Feature",
      "id": "road-27-3-center-marking",
      "geometry": {
        "type": "LineString",
        "coordinates": [
          [
            118.69151,
            32.022463
          ],
          [
            118.692341,
            32.022409
          ],
          [
            118.693124,
            32.02274
          ],
          [
            118.694796,
            32.024909
          ]
        ]
      },
      "properties": {
        "id": "road-27-3-center-marking",
        "kind": "centerline",
        "roadId": "road-27-3",
        "widthM": 0.16,
        "dashM": 2.5,
        "gapM": 6,
        "sourceRefs": [
          "osm",
          "amap",
          "nanjing-official"
        ],
        "confidence": "estimated"
      }
    },
    {
      "type": "Feature",
      "id": "road-27-4-sidewalk-left",
      "geometry": {
        "type": "LineString",
        "coordinates": [
          [
            118.699883,
            32.031481
          ],
          [
            118.701741,
            32.033869
          ]
        ]
      },
      "properties": {
        "id": "road-27-4-sidewalk-left",
        "kind": "sidewalk",
        "roadId": "road-27-4",
        "side": "left",
        "widthM": 1.8,
        "offsetM": 6.4,
        "sourceRefs": [
          "osm",
          "amap",
          "nanjing-official"
        ],
        "confidence": "estimated"
      }
    },
    {
      "type": "Feature",
      "id": "road-27-4-sidewalk-right",
      "geometry": {
        "type": "LineString",
        "coordinates": [
          [
            118.699883,
            32.031481
          ],
          [
            118.701741,
            32.033869
          ]
        ]
      },
      "properties": {
        "id": "road-27-4-sidewalk-right",
        "kind": "sidewalk",
        "roadId": "road-27-4",
        "side": "right",
        "widthM": 1.8,
        "offsetM": 6.4,
        "sourceRefs": [
          "osm",
          "amap",
          "baidu-route-reference"
        ],
        "confidence": "estimated"
      }
    },
    {
      "type": "Feature",
      "id": "road-27-4-center-marking",
      "geometry": {
        "type": "LineString",
        "coordinates": [
          [
            118.699883,
            32.031481
          ],
          [
            118.701741,
            32.033869
          ]
        ]
      },
      "properties": {
        "id": "road-27-4-center-marking",
        "kind": "centerline",
        "roadId": "road-27-4",
        "widthM": 0.16,
        "dashM": 2.5,
        "gapM": 6,
        "sourceRefs": [
          "osm",
          "amap",
          "nanjing-official"
        ],
        "confidence": "estimated"
      }
    },
    {
      "type": "Feature",
      "id": "road-28-0-sidewalk-left",
      "geometry": {
        "type": "LineString",
        "coordinates": [
          [
            118.710556,
            32.047386
          ],
          [
            118.708887,
            32.048233
          ]
        ]
      },
      "properties": {
        "id": "road-28-0-sidewalk-left",
        "kind": "sidewalk",
        "roadId": "road-28-0",
        "side": "left",
        "widthM": 1.8,
        "offsetM": 6.4,
        "sourceRefs": [
          "osm",
          "amap",
          "nanjing-official"
        ],
        "confidence": "estimated"
      }
    },
    {
      "type": "Feature",
      "id": "road-28-0-sidewalk-right",
      "geometry": {
        "type": "LineString",
        "coordinates": [
          [
            118.710556,
            32.047386
          ],
          [
            118.708887,
            32.048233
          ]
        ]
      },
      "properties": {
        "id": "road-28-0-sidewalk-right",
        "kind": "sidewalk",
        "roadId": "road-28-0",
        "side": "right",
        "widthM": 1.8,
        "offsetM": 6.4,
        "sourceRefs": [
          "osm",
          "amap",
          "baidu-route-reference"
        ],
        "confidence": "estimated"
      }
    },
    {
      "type": "Feature",
      "id": "road-28-0-center-marking",
      "geometry": {
        "type": "LineString",
        "coordinates": [
          [
            118.710556,
            32.047386
          ],
          [
            118.708887,
            32.048233
          ]
        ]
      },
      "properties": {
        "id": "road-28-0-center-marking",
        "kind": "centerline",
        "roadId": "road-28-0",
        "widthM": 0.16,
        "dashM": 2.5,
        "gapM": 6,
        "sourceRefs": [
          "osm",
          "amap",
          "nanjing-official"
        ],
        "confidence": "estimated"
      }
    },
    {
      "type": "Feature",
      "id": "road-28-1-sidewalk-left",
      "geometry": {
        "type": "LineString",
        "coordinates": [
          [
            118.706775,
            32.049369
          ],
          [
            118.705437,
            32.050083
          ]
        ]
      },
      "properties": {
        "id": "road-28-1-sidewalk-left",
        "kind": "sidewalk",
        "roadId": "road-28-1",
        "side": "left",
        "widthM": 1.8,
        "offsetM": 6.4,
        "sourceRefs": [
          "osm",
          "amap",
          "nanjing-official"
        ],
        "confidence": "estimated"
      }
    },
    {
      "type": "Feature",
      "id": "road-28-1-sidewalk-right",
      "geometry": {
        "type": "LineString",
        "coordinates": [
          [
            118.706775,
            32.049369
          ],
          [
            118.705437,
            32.050083
          ]
        ]
      },
      "properties": {
        "id": "road-28-1-sidewalk-right",
        "kind": "sidewalk",
        "roadId": "road-28-1",
        "side": "right",
        "widthM": 1.8,
        "offsetM": 6.4,
        "sourceRefs": [
          "osm",
          "amap",
          "baidu-route-reference"
        ],
        "confidence": "estimated"
      }
    },
    {
      "type": "Feature",
      "id": "road-28-1-center-marking",
      "geometry": {
        "type": "LineString",
        "coordinates": [
          [
            118.706775,
            32.049369
          ],
          [
            118.705437,
            32.050083
          ]
        ]
      },
      "properties": {
        "id": "road-28-1-center-marking",
        "kind": "centerline",
        "roadId": "road-28-1",
        "widthM": 0.16,
        "dashM": 2.5,
        "gapM": 6,
        "sourceRefs": [
          "osm",
          "amap",
          "nanjing-official"
        ],
        "confidence": "estimated"
      }
    },
    {
      "type": "Feature",
      "id": "road-28-2-sidewalk-left",
      "geometry": {
        "type": "LineString",
        "coordinates": [
          [
            118.708738,
            32.048321
          ],
          [
            118.707273,
            32.049108
          ]
        ]
      },
      "properties": {
        "id": "road-28-2-sidewalk-left",
        "kind": "sidewalk",
        "roadId": "road-28-2",
        "side": "left",
        "widthM": 1.8,
        "offsetM": 6.4,
        "sourceRefs": [
          "osm",
          "amap",
          "nanjing-official"
        ],
        "confidence": "estimated"
      }
    },
    {
      "type": "Feature",
      "id": "road-28-2-sidewalk-right",
      "geometry": {
        "type": "LineString",
        "coordinates": [
          [
            118.708738,
            32.048321
          ],
          [
            118.707273,
            32.049108
          ]
        ]
      },
      "properties": {
        "id": "road-28-2-sidewalk-right",
        "kind": "sidewalk",
        "roadId": "road-28-2",
        "side": "right",
        "widthM": 1.8,
        "offsetM": 6.4,
        "sourceRefs": [
          "osm",
          "amap",
          "baidu-route-reference"
        ],
        "confidence": "estimated"
      }
    },
    {
      "type": "Feature",
      "id": "road-28-2-center-marking",
      "geometry": {
        "type": "LineString",
        "coordinates": [
          [
            118.708738,
            32.048321
          ],
          [
            118.707273,
            32.049108
          ]
        ]
      },
      "properties": {
        "id": "road-28-2-center-marking",
        "kind": "centerline",
        "roadId": "road-28-2",
        "widthM": 0.16,
        "dashM": 2.5,
        "gapM": 6,
        "sourceRefs": [
          "osm",
          "amap",
          "nanjing-official"
        ],
        "confidence": "estimated"
      }
    },
    {
      "type": "Feature",
      "id": "road-28-3-sidewalk-left",
      "geometry": {
        "type": "LineString",
        "coordinates": [
          [
            118.707273,
            32.049108
          ],
          [
            118.707023,
            32.049239
          ]
        ]
      },
      "properties": {
        "id": "road-28-3-sidewalk-left",
        "kind": "sidewalk",
        "roadId": "road-28-3",
        "side": "left",
        "widthM": 1.8,
        "offsetM": 6.4,
        "sourceRefs": [
          "osm",
          "amap",
          "nanjing-official"
        ],
        "confidence": "estimated"
      }
    },
    {
      "type": "Feature",
      "id": "road-28-3-sidewalk-right",
      "geometry": {
        "type": "LineString",
        "coordinates": [
          [
            118.707273,
            32.049108
          ],
          [
            118.707023,
            32.049239
          ]
        ]
      },
      "properties": {
        "id": "road-28-3-sidewalk-right",
        "kind": "sidewalk",
        "roadId": "road-28-3",
        "side": "right",
        "widthM": 1.8,
        "offsetM": 6.4,
        "sourceRefs": [
          "osm",
          "amap",
          "baidu-route-reference"
        ],
        "confidence": "estimated"
      }
    },
    {
      "type": "Feature",
      "id": "road-28-3-center-marking",
      "geometry": {
        "type": "LineString",
        "coordinates": [
          [
            118.707273,
            32.049108
          ],
          [
            118.707023,
            32.049239
          ]
        ]
      },
      "properties": {
        "id": "road-28-3-center-marking",
        "kind": "centerline",
        "roadId": "road-28-3",
        "widthM": 0.16,
        "dashM": 2.5,
        "gapM": 6,
        "sourceRefs": [
          "osm",
          "amap",
          "nanjing-official"
        ],
        "confidence": "estimated"
      }
    },
    {
      "type": "Feature",
      "id": "road-28-4-sidewalk-left",
      "geometry": {
        "type": "LineString",
        "coordinates": [
          [
            118.707023,
            32.049239
          ],
          [
            118.706775,
            32.049369
          ]
        ]
      },
      "properties": {
        "id": "road-28-4-sidewalk-left",
        "kind": "sidewalk",
        "roadId": "road-28-4",
        "side": "left",
        "widthM": 1.8,
        "offsetM": 6.4,
        "sourceRefs": [
          "osm",
          "amap",
          "nanjing-official"
        ],
        "confidence": "estimated"
      }
    },
    {
      "type": "Feature",
      "id": "road-28-4-sidewalk-right",
      "geometry": {
        "type": "LineString",
        "coordinates": [
          [
            118.707023,
            32.049239
          ],
          [
            118.706775,
            32.049369
          ]
        ]
      },
      "properties": {
        "id": "road-28-4-sidewalk-right",
        "kind": "sidewalk",
        "roadId": "road-28-4",
        "side": "right",
        "widthM": 1.8,
        "offsetM": 6.4,
        "sourceRefs": [
          "osm",
          "amap",
          "baidu-route-reference"
        ],
        "confidence": "estimated"
      }
    },
    {
      "type": "Feature",
      "id": "road-28-4-center-marking",
      "geometry": {
        "type": "LineString",
        "coordinates": [
          [
            118.707023,
            32.049239
          ],
          [
            118.706775,
            32.049369
          ]
        ]
      },
      "properties": {
        "id": "road-28-4-center-marking",
        "kind": "centerline",
        "roadId": "road-28-4",
        "widthM": 0.16,
        "dashM": 2.5,
        "gapM": 6,
        "sourceRefs": [
          "osm",
          "amap",
          "nanjing-official"
        ],
        "confidence": "estimated"
      }
    },
    {
      "type": "Feature",
      "id": "road-29-0-sidewalk-left",
      "geometry": {
        "type": "LineString",
        "coordinates": [
          [
            118.717741,
            32.060729
          ],
          [
            118.715809,
            32.057837
          ]
        ]
      },
      "properties": {
        "id": "road-29-0-sidewalk-left",
        "kind": "sidewalk",
        "roadId": "road-29-0",
        "side": "left",
        "widthM": 1.8,
        "offsetM": 4.15,
        "sourceRefs": [
          "osm",
          "amap",
          "nanjing-official"
        ],
        "confidence": "estimated"
      }
    },
    {
      "type": "Feature",
      "id": "road-29-0-sidewalk-right",
      "geometry": {
        "type": "LineString",
        "coordinates": [
          [
            118.717741,
            32.060729
          ],
          [
            118.715809,
            32.057837
          ]
        ]
      },
      "properties": {
        "id": "road-29-0-sidewalk-right",
        "kind": "sidewalk",
        "roadId": "road-29-0",
        "side": "right",
        "widthM": 1.8,
        "offsetM": 4.15,
        "sourceRefs": [
          "osm",
          "amap",
          "baidu-route-reference"
        ],
        "confidence": "estimated"
      }
    },
    {
      "type": "Feature",
      "id": "road-29-1-sidewalk-left",
      "geometry": {
        "type": "LineString",
        "coordinates": [
          [
            118.700883,
            32.032536
          ],
          [
            118.702548,
            32.031433
          ],
          [
            118.702619,
            32.031337
          ],
          [
            118.702494,
            32.031096
          ]
        ]
      },
      "properties": {
        "id": "road-29-1-sidewalk-left",
        "kind": "sidewalk",
        "roadId": "road-29-1",
        "side": "left",
        "widthM": 1.8,
        "offsetM": 4.15,
        "sourceRefs": [
          "osm",
          "amap",
          "nanjing-official"
        ],
        "confidence": "estimated"
      }
    },
    {
      "type": "Feature",
      "id": "road-29-1-sidewalk-right",
      "geometry": {
        "type": "LineString",
        "coordinates": [
          [
            118.700883,
            32.032536
          ],
          [
            118.702548,
            32.031433
          ],
          [
            118.702619,
            32.031337
          ],
          [
            118.702494,
            32.031096
          ]
        ]
      },
      "properties": {
        "id": "road-29-1-sidewalk-right",
        "kind": "sidewalk",
        "roadId": "road-29-1",
        "side": "right",
        "widthM": 1.8,
        "offsetM": 4.15,
        "sourceRefs": [
          "osm",
          "amap",
          "baidu-route-reference"
        ],
        "confidence": "estimated"
      }
    },
    {
      "type": "Feature",
      "id": "road-30-0-sidewalk-left",
      "geometry": {
        "type": "LineString",
        "coordinates": [
          [
            118.679807,
            32.017464
          ],
          [
            118.682029,
            32.020202
          ]
        ]
      },
      "properties": {
        "id": "road-30-0-sidewalk-left",
        "kind": "sidewalk",
        "roadId": "road-30-0",
        "side": "left",
        "widthM": 1.8,
        "offsetM": 4.15,
        "sourceRefs": [
          "osm",
          "amap",
          "nanjing-official"
        ],
        "confidence": "estimated"
      }
    },
    {
      "type": "Feature",
      "id": "road-30-0-sidewalk-right",
      "geometry": {
        "type": "LineString",
        "coordinates": [
          [
            118.679807,
            32.017464
          ],
          [
            118.682029,
            32.020202
          ]
        ]
      },
      "properties": {
        "id": "road-30-0-sidewalk-right",
        "kind": "sidewalk",
        "roadId": "road-30-0",
        "side": "right",
        "widthM": 1.8,
        "offsetM": 4.15,
        "sourceRefs": [
          "osm",
          "amap",
          "baidu-route-reference"
        ],
        "confidence": "estimated"
      }
    },
    {
      "type": "Feature",
      "id": "road-30-1-sidewalk-left",
      "geometry": {
        "type": "LineString",
        "coordinates": [
          [
            118.670075,
            31.998476
          ],
          [
            118.671727,
            32.001684
          ],
          [
            118.673448,
            32.005538
          ],
          [
            118.674281,
            32.006846
          ],
          [
            118.677454,
            32.013365
          ]
        ]
      },
      "properties": {
        "id": "road-30-1-sidewalk-left",
        "kind": "sidewalk",
        "roadId": "road-30-1",
        "side": "left",
        "widthM": 1.8,
        "offsetM": 4.15,
        "sourceRefs": [
          "osm",
          "amap",
          "nanjing-official"
        ],
        "confidence": "estimated"
      }
    },
    {
      "type": "Feature",
      "id": "road-30-1-sidewalk-right",
      "geometry": {
        "type": "LineString",
        "coordinates": [
          [
            118.670075,
            31.998476
          ],
          [
            118.671727,
            32.001684
          ],
          [
            118.673448,
            32.005538
          ],
          [
            118.674281,
            32.006846
          ],
          [
            118.677454,
            32.013365
          ]
        ]
      },
      "properties": {
        "id": "road-30-1-sidewalk-right",
        "kind": "sidewalk",
        "roadId": "road-30-1",
        "side": "right",
        "widthM": 1.8,
        "offsetM": 4.15,
        "sourceRefs": [
          "osm",
          "amap",
          "baidu-route-reference"
        ],
        "confidence": "estimated"
      }
    },
    {
      "type": "Feature",
      "id": "road-30-2-sidewalk-left",
      "geometry": {
        "type": "LineString",
        "coordinates": [
          [
            118.682029,
            32.020202
          ],
          [
            118.682809,
            32.020777
          ],
          [
            118.684183,
            32.022454
          ],
          [
            118.684864,
            32.023449
          ],
          [
            118.685859,
            32.025406
          ],
          [
            118.686272,
            32.025646
          ],
          [
            118.686682,
            32.025633
          ],
          [
            118.687573,
            32.025092
          ]
        ]
      },
      "properties": {
        "id": "road-30-2-sidewalk-left",
        "kind": "sidewalk",
        "roadId": "road-30-2",
        "side": "left",
        "widthM": 1.8,
        "offsetM": 4.15,
        "sourceRefs": [
          "osm",
          "amap",
          "nanjing-official"
        ],
        "confidence": "estimated"
      }
    },
    {
      "type": "Feature",
      "id": "road-30-2-sidewalk-right",
      "geometry": {
        "type": "LineString",
        "coordinates": [
          [
            118.682029,
            32.020202
          ],
          [
            118.682809,
            32.020777
          ],
          [
            118.684183,
            32.022454
          ],
          [
            118.684864,
            32.023449
          ],
          [
            118.685859,
            32.025406
          ],
          [
            118.686272,
            32.025646
          ],
          [
            118.686682,
            32.025633
          ],
          [
            118.687573,
            32.025092
          ]
        ]
      },
      "properties": {
        "id": "road-30-2-sidewalk-right",
        "kind": "sidewalk",
        "roadId": "road-30-2",
        "side": "right",
        "widthM": 1.8,
        "offsetM": 4.15,
        "sourceRefs": [
          "osm",
          "amap",
          "baidu-route-reference"
        ],
        "confidence": "estimated"
      }
    },
    {
      "type": "Feature",
      "id": "road-30-3-sidewalk-left",
      "geometry": {
        "type": "LineString",
        "coordinates": [
          [
            118.712841,
            32.060447
          ],
          [
            118.706053,
            32.053523
          ],
          [
            118.703832,
            32.051754
          ],
          [
            118.70307,
            32.051
          ],
          [
            118.697489,
            32.045208
          ]
        ]
      },
      "properties": {
        "id": "road-30-3-sidewalk-left",
        "kind": "sidewalk",
        "roadId": "road-30-3",
        "side": "left",
        "widthM": 1.8,
        "offsetM": 4.15,
        "sourceRefs": [
          "osm",
          "amap",
          "nanjing-official"
        ],
        "confidence": "estimated"
      }
    },
    {
      "type": "Feature",
      "id": "road-30-3-sidewalk-right",
      "geometry": {
        "type": "LineString",
        "coordinates": [
          [
            118.712841,
            32.060447
          ],
          [
            118.706053,
            32.053523
          ],
          [
            118.703832,
            32.051754
          ],
          [
            118.70307,
            32.051
          ],
          [
            118.697489,
            32.045208
          ]
        ]
      },
      "properties": {
        "id": "road-30-3-sidewalk-right",
        "kind": "sidewalk",
        "roadId": "road-30-3",
        "side": "right",
        "widthM": 1.8,
        "offsetM": 4.15,
        "sourceRefs": [
          "osm",
          "amap",
          "baidu-route-reference"
        ],
        "confidence": "estimated"
      }
    },
    {
      "type": "Feature",
      "id": "road-30-4-sidewalk-left",
      "geometry": {
        "type": "LineString",
        "coordinates": [
          [
            118.697564,
            32.045167
          ],
          [
            118.703219,
            32.051062
          ],
          [
            118.706105,
            32.053472
          ],
          [
            118.71291,
            32.060392
          ]
        ]
      },
      "properties": {
        "id": "road-30-4-sidewalk-left",
        "kind": "sidewalk",
        "roadId": "road-30-4",
        "side": "left",
        "widthM": 1.8,
        "offsetM": 4.15,
        "sourceRefs": [
          "osm",
          "amap",
          "nanjing-official"
        ],
        "confidence": "estimated"
      }
    },
    {
      "type": "Feature",
      "id": "road-30-4-sidewalk-right",
      "geometry": {
        "type": "LineString",
        "coordinates": [
          [
            118.697564,
            32.045167
          ],
          [
            118.703219,
            32.051062
          ],
          [
            118.706105,
            32.053472
          ],
          [
            118.71291,
            32.060392
          ]
        ]
      },
      "properties": {
        "id": "road-30-4-sidewalk-right",
        "kind": "sidewalk",
        "roadId": "road-30-4",
        "side": "right",
        "widthM": 1.8,
        "offsetM": 4.15,
        "sourceRefs": [
          "osm",
          "amap",
          "baidu-route-reference"
        ],
        "confidence": "estimated"
      }
    },
    {
      "type": "Feature",
      "id": "road-31-0-sidewalk-left",
      "geometry": {
        "type": "LineString",
        "coordinates": [
          [
            118.705968,
            32.035735
          ],
          [
            118.704018,
            32.036718
          ]
        ]
      },
      "properties": {
        "id": "road-31-0-sidewalk-left",
        "kind": "sidewalk",
        "roadId": "road-31-0",
        "side": "left",
        "widthM": 1.8,
        "offsetM": 6.4,
        "sourceRefs": [
          "osm",
          "amap",
          "nanjing-official"
        ],
        "confidence": "estimated"
      }
    },
    {
      "type": "Feature",
      "id": "road-31-0-sidewalk-right",
      "geometry": {
        "type": "LineString",
        "coordinates": [
          [
            118.705968,
            32.035735
          ],
          [
            118.704018,
            32.036718
          ]
        ]
      },
      "properties": {
        "id": "road-31-0-sidewalk-right",
        "kind": "sidewalk",
        "roadId": "road-31-0",
        "side": "right",
        "widthM": 1.8,
        "offsetM": 6.4,
        "sourceRefs": [
          "osm",
          "amap",
          "baidu-route-reference"
        ],
        "confidence": "estimated"
      }
    },
    {
      "type": "Feature",
      "id": "road-31-0-center-marking",
      "geometry": {
        "type": "LineString",
        "coordinates": [
          [
            118.705968,
            32.035735
          ],
          [
            118.704018,
            32.036718
          ]
        ]
      },
      "properties": {
        "id": "road-31-0-center-marking",
        "kind": "centerline",
        "roadId": "road-31-0",
        "widthM": 0.16,
        "dashM": 2.5,
        "gapM": 6,
        "sourceRefs": [
          "osm",
          "amap",
          "nanjing-official"
        ],
        "confidence": "estimated"
      }
    },
    {
      "type": "Feature",
      "id": "road-32-0-sidewalk-left",
      "geometry": {
        "type": "LineString",
        "coordinates": [
          [
            118.696309,
            32.005883
          ],
          [
            118.694112,
            32.007026
          ]
        ]
      },
      "properties": {
        "id": "road-32-0-sidewalk-left",
        "kind": "sidewalk",
        "roadId": "road-32-0",
        "side": "left",
        "widthM": 1.8,
        "offsetM": 4.15,
        "sourceRefs": [
          "osm",
          "amap",
          "nanjing-official"
        ],
        "confidence": "estimated"
      }
    },
    {
      "type": "Feature",
      "id": "road-32-0-sidewalk-right",
      "geometry": {
        "type": "LineString",
        "coordinates": [
          [
            118.696309,
            32.005883
          ],
          [
            118.694112,
            32.007026
          ]
        ]
      },
      "properties": {
        "id": "road-32-0-sidewalk-right",
        "kind": "sidewalk",
        "roadId": "road-32-0",
        "side": "right",
        "widthM": 1.8,
        "offsetM": 4.15,
        "sourceRefs": [
          "osm",
          "amap",
          "baidu-route-reference"
        ],
        "confidence": "estimated"
      }
    },
    {
      "type": "Feature",
      "id": "road-33-0-sidewalk-left",
      "geometry": {
        "type": "LineString",
        "coordinates": [
          [
            118.694218,
            32.007656
          ],
          [
            118.694073,
            32.006792
          ],
          [
            118.69376,
            32.006087
          ],
          [
            118.691564,
            32.002895
          ]
        ]
      },
      "properties": {
        "id": "road-33-0-sidewalk-left",
        "kind": "sidewalk",
        "roadId": "road-33-0",
        "side": "left",
        "widthM": 1.8,
        "offsetM": 6.4,
        "sourceRefs": [
          "osm",
          "amap",
          "nanjing-official"
        ],
        "confidence": "estimated"
      }
    },
    {
      "type": "Feature",
      "id": "road-33-0-sidewalk-right",
      "geometry": {
        "type": "LineString",
        "coordinates": [
          [
            118.694218,
            32.007656
          ],
          [
            118.694073,
            32.006792
          ],
          [
            118.69376,
            32.006087
          ],
          [
            118.691564,
            32.002895
          ]
        ]
      },
      "properties": {
        "id": "road-33-0-sidewalk-right",
        "kind": "sidewalk",
        "roadId": "road-33-0",
        "side": "right",
        "widthM": 1.8,
        "offsetM": 6.4,
        "sourceRefs": [
          "osm",
          "amap",
          "baidu-route-reference"
        ],
        "confidence": "estimated"
      }
    },
    {
      "type": "Feature",
      "id": "road-33-0-center-marking",
      "geometry": {
        "type": "LineString",
        "coordinates": [
          [
            118.694218,
            32.007656
          ],
          [
            118.694073,
            32.006792
          ],
          [
            118.69376,
            32.006087
          ],
          [
            118.691564,
            32.002895
          ]
        ]
      },
      "properties": {
        "id": "road-33-0-center-marking",
        "kind": "centerline",
        "roadId": "road-33-0",
        "widthM": 0.16,
        "dashM": 2.5,
        "gapM": 6,
        "sourceRefs": [
          "osm",
          "amap",
          "nanjing-official"
        ],
        "confidence": "estimated"
      }
    },
    {
      "type": "Feature",
      "id": "road-33-1-sidewalk-left",
      "geometry": {
        "type": "LineString",
        "coordinates": [
          [
            118.694933,
            32.014233
          ],
          [
            118.694537,
            32.010824
          ]
        ]
      },
      "properties": {
        "id": "road-33-1-sidewalk-left",
        "kind": "sidewalk",
        "roadId": "road-33-1",
        "side": "left",
        "widthM": 1.8,
        "offsetM": 6.4,
        "sourceRefs": [
          "osm",
          "amap",
          "nanjing-official"
        ],
        "confidence": "estimated"
      }
    },
    {
      "type": "Feature",
      "id": "road-33-1-sidewalk-right",
      "geometry": {
        "type": "LineString",
        "coordinates": [
          [
            118.694933,
            32.014233
          ],
          [
            118.694537,
            32.010824
          ]
        ]
      },
      "properties": {
        "id": "road-33-1-sidewalk-right",
        "kind": "sidewalk",
        "roadId": "road-33-1",
        "side": "right",
        "widthM": 1.8,
        "offsetM": 6.4,
        "sourceRefs": [
          "osm",
          "amap",
          "baidu-route-reference"
        ],
        "confidence": "estimated"
      }
    },
    {
      "type": "Feature",
      "id": "road-33-1-center-marking",
      "geometry": {
        "type": "LineString",
        "coordinates": [
          [
            118.694933,
            32.014233
          ],
          [
            118.694537,
            32.010824
          ]
        ]
      },
      "properties": {
        "id": "road-33-1-center-marking",
        "kind": "centerline",
        "roadId": "road-33-1",
        "widthM": 0.16,
        "dashM": 2.5,
        "gapM": 6,
        "sourceRefs": [
          "osm",
          "amap",
          "nanjing-official"
        ],
        "confidence": "estimated"
      }
    },
    {
      "type": "Feature",
      "id": "road-34-0-shared-greenway",
      "geometry": {
        "type": "LineString",
        "coordinates": [
          [
            118.696048,
            32.024401
          ],
          [
            118.700214,
            32.02866
          ]
        ]
      },
      "properties": {
        "id": "road-34-0-shared-greenway",
        "kind": "greenway",
        "roadId": "road-34-0",
        "side": "center",
        "widthM": 3.5,
        "offsetM": 0,
        "sourceRefs": [
          "osm",
          "amap",
          "nanjing-official"
        ],
        "confidence": "triangulated"
      }
    },
    {
      "type": "Feature",
      "id": "road-34-1-shared-greenway",
      "geometry": {
        "type": "LineString",
        "coordinates": [
          [
            118.69545,
            32.023797
          ],
          [
            118.695713,
            32.024063
          ]
        ]
      },
      "properties": {
        "id": "road-34-1-shared-greenway",
        "kind": "greenway",
        "roadId": "road-34-1",
        "side": "center",
        "widthM": 3.5,
        "offsetM": 0,
        "sourceRefs": [
          "osm",
          "amap",
          "nanjing-official"
        ],
        "confidence": "triangulated"
      }
    },
    {
      "type": "Feature",
      "id": "road-35-0-sidewalk-left",
      "geometry": {
        "type": "LineString",
        "coordinates": [
          [
            118.712737,
            32.060343
          ],
          [
            118.717308,
            32.056644
          ],
          [
            118.717297,
            32.056346
          ]
        ]
      },
      "properties": {
        "id": "road-35-0-sidewalk-left",
        "kind": "sidewalk",
        "roadId": "road-35-0",
        "side": "left",
        "widthM": 1.8,
        "offsetM": 6.4,
        "sourceRefs": [
          "osm",
          "amap",
          "nanjing-official"
        ],
        "confidence": "estimated"
      }
    },
    {
      "type": "Feature",
      "id": "road-35-0-sidewalk-right",
      "geometry": {
        "type": "LineString",
        "coordinates": [
          [
            118.712737,
            32.060343
          ],
          [
            118.717308,
            32.056644
          ],
          [
            118.717297,
            32.056346
          ]
        ]
      },
      "properties": {
        "id": "road-35-0-sidewalk-right",
        "kind": "sidewalk",
        "roadId": "road-35-0",
        "side": "right",
        "widthM": 1.8,
        "offsetM": 6.4,
        "sourceRefs": [
          "osm",
          "amap",
          "baidu-route-reference"
        ],
        "confidence": "estimated"
      }
    },
    {
      "type": "Feature",
      "id": "road-35-0-center-marking",
      "geometry": {
        "type": "LineString",
        "coordinates": [
          [
            118.712737,
            32.060343
          ],
          [
            118.717308,
            32.056644
          ],
          [
            118.717297,
            32.056346
          ]
        ]
      },
      "properties": {
        "id": "road-35-0-center-marking",
        "kind": "centerline",
        "roadId": "road-35-0",
        "widthM": 0.16,
        "dashM": 2.5,
        "gapM": 6,
        "sourceRefs": [
          "osm",
          "amap",
          "nanjing-official"
        ],
        "confidence": "estimated"
      }
    },
    {
      "type": "Feature",
      "id": "road-35-1-sidewalk-left",
      "geometry": {
        "type": "LineString",
        "coordinates": [
          [
            118.717371,
            32.056321
          ],
          [
            118.717433,
            32.056535
          ],
          [
            118.717308,
            32.056844
          ],
          [
            118.712841,
            32.060447
          ]
        ]
      },
      "properties": {
        "id": "road-35-1-sidewalk-left",
        "kind": "sidewalk",
        "roadId": "road-35-1",
        "side": "left",
        "widthM": 1.8,
        "offsetM": 6.4,
        "sourceRefs": [
          "osm",
          "amap",
          "nanjing-official"
        ],
        "confidence": "estimated"
      }
    },
    {
      "type": "Feature",
      "id": "road-35-1-sidewalk-right",
      "geometry": {
        "type": "LineString",
        "coordinates": [
          [
            118.717371,
            32.056321
          ],
          [
            118.717433,
            32.056535
          ],
          [
            118.717308,
            32.056844
          ],
          [
            118.712841,
            32.060447
          ]
        ]
      },
      "properties": {
        "id": "road-35-1-sidewalk-right",
        "kind": "sidewalk",
        "roadId": "road-35-1",
        "side": "right",
        "widthM": 1.8,
        "offsetM": 6.4,
        "sourceRefs": [
          "osm",
          "amap",
          "baidu-route-reference"
        ],
        "confidence": "estimated"
      }
    },
    {
      "type": "Feature",
      "id": "road-35-1-center-marking",
      "geometry": {
        "type": "LineString",
        "coordinates": [
          [
            118.717371,
            32.056321
          ],
          [
            118.717433,
            32.056535
          ],
          [
            118.717308,
            32.056844
          ],
          [
            118.712841,
            32.060447
          ]
        ]
      },
      "properties": {
        "id": "road-35-1-center-marking",
        "kind": "centerline",
        "roadId": "road-35-1",
        "widthM": 0.16,
        "dashM": 2.5,
        "gapM": 6,
        "sourceRefs": [
          "osm",
          "amap",
          "nanjing-official"
        ],
        "confidence": "estimated"
      }
    },
    {
      "type": "Feature",
      "id": "local-96674404-0-sidewalk-left",
      "geometry": {
        "type": "LineString",
        "coordinates": [
          [
            118.698254,
            32.03736
          ],
          [
            118.701643,
            32.034851
          ]
        ]
      },
      "properties": {
        "id": "local-96674404-0-sidewalk-left",
        "kind": "sidewalk",
        "roadId": "local-96674404-0",
        "side": "left",
        "widthM": 1.8,
        "offsetM": 12.15,
        "sourceRefs": [
          "osm"
        ],
        "confidence": "estimated"
      }
    },
    {
      "type": "Feature",
      "id": "local-96674404-0-sidewalk-right",
      "geometry": {
        "type": "LineString",
        "coordinates": [
          [
            118.698254,
            32.03736
          ],
          [
            118.701643,
            32.034851
          ]
        ]
      },
      "properties": {
        "id": "local-96674404-0-sidewalk-right",
        "kind": "sidewalk",
        "roadId": "local-96674404-0",
        "side": "right",
        "widthM": 1.8,
        "offsetM": 12.15,
        "sourceRefs": [
          "osm",
          "amap",
          "baidu-route-reference"
        ],
        "confidence": "estimated"
      }
    },
    {
      "type": "Feature",
      "id": "local-96674404-0-center-marking",
      "geometry": {
        "type": "LineString",
        "coordinates": [
          [
            118.698254,
            32.03736
          ],
          [
            118.701643,
            32.034851
          ]
        ]
      },
      "properties": {
        "id": "local-96674404-0-center-marking",
        "kind": "centerline",
        "roadId": "local-96674404-0",
        "widthM": 0.16,
        "dashM": 4,
        "gapM": 8,
        "sourceRefs": [
          "osm"
        ],
        "confidence": "estimated"
      }
    },
    {
      "type": "Feature",
      "id": "local-137693212-0-sidewalk-left",
      "geometry": {
        "type": "LineString",
        "coordinates": [
          [
            118.690688,
            32.011973
          ],
          [
            118.692541,
            32.014283
          ]
        ]
      },
      "properties": {
        "id": "local-137693212-0-sidewalk-left",
        "kind": "sidewalk",
        "roadId": "local-137693212-0",
        "side": "left",
        "widthM": 1.8,
        "offsetM": 4.15,
        "sourceRefs": [
          "osm"
        ],
        "confidence": "estimated"
      }
    },
    {
      "type": "Feature",
      "id": "local-137693212-0-sidewalk-right",
      "geometry": {
        "type": "LineString",
        "coordinates": [
          [
            118.690688,
            32.011973
          ],
          [
            118.692541,
            32.014283
          ]
        ]
      },
      "properties": {
        "id": "local-137693212-0-sidewalk-right",
        "kind": "sidewalk",
        "roadId": "local-137693212-0",
        "side": "right",
        "widthM": 1.8,
        "offsetM": 4.15,
        "sourceRefs": [
          "osm",
          "amap",
          "baidu-route-reference"
        ],
        "confidence": "estimated"
      }
    },
    {
      "type": "Feature",
      "id": "local-137693216-0-sidewalk-left",
      "geometry": {
        "type": "LineString",
        "coordinates": [
          [
            118.684316,
            32.011741
          ],
          [
            118.672359,
            31.995841
          ]
        ]
      },
      "properties": {
        "id": "local-137693216-0-sidewalk-left",
        "kind": "sidewalk",
        "roadId": "local-137693216-0",
        "side": "left",
        "widthM": 1.8,
        "offsetM": 4.15,
        "sourceRefs": [
          "osm"
        ],
        "confidence": "estimated"
      }
    },
    {
      "type": "Feature",
      "id": "local-137693216-0-sidewalk-right",
      "geometry": {
        "type": "LineString",
        "coordinates": [
          [
            118.684316,
            32.011741
          ],
          [
            118.672359,
            31.995841
          ]
        ]
      },
      "properties": {
        "id": "local-137693216-0-sidewalk-right",
        "kind": "sidewalk",
        "roadId": "local-137693216-0",
        "side": "right",
        "widthM": 1.8,
        "offsetM": 4.15,
        "sourceRefs": [
          "osm",
          "amap",
          "baidu-route-reference"
        ],
        "confidence": "estimated"
      }
    },
    {
      "type": "Feature",
      "id": "local-137978977-0-sidewalk-left",
      "geometry": {
        "type": "LineString",
        "coordinates": [
          [
            118.699592,
            32.036494
          ],
          [
            118.698383,
            32.037478
          ]
        ]
      },
      "properties": {
        "id": "local-137978977-0-sidewalk-left",
        "kind": "sidewalk",
        "roadId": "local-137978977-0",
        "side": "left",
        "widthM": 1.8,
        "offsetM": 12.15,
        "sourceRefs": [
          "osm"
        ],
        "confidence": "estimated"
      }
    },
    {
      "type": "Feature",
      "id": "local-137978977-0-sidewalk-right",
      "geometry": {
        "type": "LineString",
        "coordinates": [
          [
            118.699592,
            32.036494
          ],
          [
            118.698383,
            32.037478
          ]
        ]
      },
      "properties": {
        "id": "local-137978977-0-sidewalk-right",
        "kind": "sidewalk",
        "roadId": "local-137978977-0",
        "side": "right",
        "widthM": 1.8,
        "offsetM": 12.15,
        "sourceRefs": [
          "osm",
          "amap",
          "baidu-route-reference"
        ],
        "confidence": "estimated"
      }
    },
    {
      "type": "Feature",
      "id": "local-137978977-0-center-marking",
      "geometry": {
        "type": "LineString",
        "coordinates": [
          [
            118.699592,
            32.036494
          ],
          [
            118.698383,
            32.037478
          ]
        ]
      },
      "properties": {
        "id": "local-137978977-0-center-marking",
        "kind": "centerline",
        "roadId": "local-137978977-0",
        "widthM": 0.16,
        "dashM": 4,
        "gapM": 8,
        "sourceRefs": [
          "osm"
        ],
        "confidence": "estimated"
      }
    },
    {
      "type": "Feature",
      "id": "local-138390138-0-sidewalk-left",
      "geometry": {
        "type": "LineString",
        "coordinates": [
          [
            118.67596,
            31.992512
          ],
          [
            118.672517,
            31.996018
          ]
        ]
      },
      "properties": {
        "id": "local-138390138-0-sidewalk-left",
        "kind": "sidewalk",
        "roadId": "local-138390138-0",
        "side": "left",
        "widthM": 1.8,
        "offsetM": 4.15,
        "sourceRefs": [
          "osm"
        ],
        "confidence": "estimated"
      }
    },
    {
      "type": "Feature",
      "id": "local-138390138-0-sidewalk-right",
      "geometry": {
        "type": "LineString",
        "coordinates": [
          [
            118.67596,
            31.992512
          ],
          [
            118.672517,
            31.996018
          ]
        ]
      },
      "properties": {
        "id": "local-138390138-0-sidewalk-right",
        "kind": "sidewalk",
        "roadId": "local-138390138-0",
        "side": "right",
        "widthM": 1.8,
        "offsetM": 4.15,
        "sourceRefs": [
          "osm",
          "amap",
          "baidu-route-reference"
        ],
        "confidence": "estimated"
      }
    },
    {
      "type": "Feature",
      "id": "local-138390142-0-sidewalk-left",
      "geometry": {
        "type": "LineString",
        "coordinates": [
          [
            118.677635,
            31.993893
          ],
          [
            118.679265,
            31.992158
          ]
        ]
      },
      "properties": {
        "id": "local-138390142-0-sidewalk-left",
        "kind": "sidewalk",
        "roadId": "local-138390142-0",
        "side": "left",
        "widthM": 1.8,
        "offsetM": 4.15,
        "sourceRefs": [
          "osm"
        ],
        "confidence": "estimated"
      }
    },
    {
      "type": "Feature",
      "id": "local-138390142-0-sidewalk-right",
      "geometry": {
        "type": "LineString",
        "coordinates": [
          [
            118.677635,
            31.993893
          ],
          [
            118.679265,
            31.992158
          ]
        ]
      },
      "properties": {
        "id": "local-138390142-0-sidewalk-right",
        "kind": "sidewalk",
        "roadId": "local-138390142-0",
        "side": "right",
        "widthM": 1.8,
        "offsetM": 4.15,
        "sourceRefs": [
          "osm",
          "amap",
          "baidu-route-reference"
        ],
        "confidence": "estimated"
      }
    },
    {
      "type": "Feature",
      "id": "local-138390145-0-sidewalk-left",
      "geometry": {
        "type": "LineString",
        "coordinates": [
          [
            118.672359,
            31.995841
          ],
          [
            118.675799,
            31.992386
          ]
        ]
      },
      "properties": {
        "id": "local-138390145-0-sidewalk-left",
        "kind": "sidewalk",
        "roadId": "local-138390145-0",
        "side": "left",
        "widthM": 1.8,
        "offsetM": 4.15,
        "sourceRefs": [
          "osm"
        ],
        "confidence": "estimated"
      }
    },
    {
      "type": "Feature",
      "id": "local-138390145-0-sidewalk-right",
      "geometry": {
        "type": "LineString",
        "coordinates": [
          [
            118.672359,
            31.995841
          ],
          [
            118.675799,
            31.992386
          ]
        ]
      },
      "properties": {
        "id": "local-138390145-0-sidewalk-right",
        "kind": "sidewalk",
        "roadId": "local-138390145-0",
        "side": "right",
        "widthM": 1.8,
        "offsetM": 4.15,
        "sourceRefs": [
          "osm",
          "amap",
          "baidu-route-reference"
        ],
        "confidence": "estimated"
      }
    },
    {
      "type": "Feature",
      "id": "local-138390840-0-sidewalk-left",
      "geometry": {
        "type": "LineString",
        "coordinates": [
          [
            118.698606,
            32.03704
          ],
          [
            118.699519,
            32.036135
          ],
          [
            118.699628,
            32.035784
          ],
          [
            118.698442,
            32.03421
          ]
        ]
      },
      "properties": {
        "id": "local-138390840-0-sidewalk-left",
        "kind": "sidewalk",
        "roadId": "local-138390840-0",
        "side": "left",
        "widthM": 1.8,
        "offsetM": 9.15,
        "sourceRefs": [
          "osm"
        ],
        "confidence": "estimated"
      }
    },
    {
      "type": "Feature",
      "id": "local-138390840-0-sidewalk-right",
      "geometry": {
        "type": "LineString",
        "coordinates": [
          [
            118.698606,
            32.03704
          ],
          [
            118.699519,
            32.036135
          ],
          [
            118.699628,
            32.035784
          ],
          [
            118.698442,
            32.03421
          ]
        ]
      },
      "properties": {
        "id": "local-138390840-0-sidewalk-right",
        "kind": "sidewalk",
        "roadId": "local-138390840-0",
        "side": "right",
        "widthM": 1.8,
        "offsetM": 9.15,
        "sourceRefs": [
          "osm",
          "amap",
          "baidu-route-reference"
        ],
        "confidence": "estimated"
      }
    },
    {
      "type": "Feature",
      "id": "local-138390840-0-center-marking",
      "geometry": {
        "type": "LineString",
        "coordinates": [
          [
            118.698606,
            32.03704
          ],
          [
            118.699519,
            32.036135
          ],
          [
            118.699628,
            32.035784
          ],
          [
            118.698442,
            32.03421
          ]
        ]
      },
      "properties": {
        "id": "local-138390840-0-center-marking",
        "kind": "centerline",
        "roadId": "local-138390840-0",
        "widthM": 0.16,
        "dashM": 4,
        "gapM": 8,
        "sourceRefs": [
          "osm"
        ],
        "confidence": "estimated"
      }
    },
    {
      "type": "Feature",
      "id": "local-138390841-0-sidewalk-left",
      "geometry": {
        "type": "LineString",
        "coordinates": [
          [
            118.702071,
            32.034421
          ],
          [
            118.704201,
            32.033275
          ]
        ]
      },
      "properties": {
        "id": "local-138390841-0-sidewalk-left",
        "kind": "sidewalk",
        "roadId": "local-138390841-0",
        "side": "left",
        "widthM": 1.8,
        "offsetM": 6.4,
        "sourceRefs": [
          "osm"
        ],
        "confidence": "estimated"
      }
    },
    {
      "type": "Feature",
      "id": "local-138390841-0-sidewalk-right",
      "geometry": {
        "type": "LineString",
        "coordinates": [
          [
            118.702071,
            32.034421
          ],
          [
            118.704201,
            32.033275
          ]
        ]
      },
      "properties": {
        "id": "local-138390841-0-sidewalk-right",
        "kind": "sidewalk",
        "roadId": "local-138390841-0",
        "side": "right",
        "widthM": 1.8,
        "offsetM": 6.4,
        "sourceRefs": [
          "osm",
          "amap",
          "baidu-route-reference"
        ],
        "confidence": "estimated"
      }
    },
    {
      "type": "Feature",
      "id": "local-138390841-0-center-marking",
      "geometry": {
        "type": "LineString",
        "coordinates": [
          [
            118.702071,
            32.034421
          ],
          [
            118.704201,
            32.033275
          ]
        ]
      },
      "properties": {
        "id": "local-138390841-0-center-marking",
        "kind": "centerline",
        "roadId": "local-138390841-0",
        "widthM": 0.16,
        "dashM": 2.5,
        "gapM": 6,
        "sourceRefs": [
          "osm"
        ],
        "confidence": "estimated"
      }
    },
    {
      "type": "Feature",
      "id": "local-138390842-0-sidewalk-left",
      "geometry": {
        "type": "LineString",
        "coordinates": [
          [
            118.700682,
            32.037029
          ],
          [
            118.700298,
            32.03673
          ],
          [
            118.699756,
            32.036683
          ],
          [
            118.699235,
            32.036965
          ],
          [
            118.69794,
            32.038039
          ],
          [
            118.697735,
            32.038059
          ],
          [
            118.697608,
            32.037944
          ],
          [
            118.697628,
            32.037776
          ],
          [
            118.699454,
            32.036025
          ],
          [
            118.699508,
            32.03563
          ],
          [
            118.699217,
            32.035118
          ]
        ]
      },
      "properties": {
        "id": "local-138390842-0-sidewalk-left",
        "kind": "sidewalk",
        "roadId": "local-138390842-0",
        "side": "left",
        "widthM": 1.8,
        "offsetM": 6.4,
        "sourceRefs": [
          "osm"
        ],
        "confidence": "estimated"
      }
    },
    {
      "type": "Feature",
      "id": "local-138390842-0-sidewalk-right",
      "geometry": {
        "type": "LineString",
        "coordinates": [
          [
            118.700682,
            32.037029
          ],
          [
            118.700298,
            32.03673
          ],
          [
            118.699756,
            32.036683
          ],
          [
            118.699235,
            32.036965
          ],
          [
            118.69794,
            32.038039
          ],
          [
            118.697735,
            32.038059
          ],
          [
            118.697608,
            32.037944
          ],
          [
            118.697628,
            32.037776
          ],
          [
            118.699454,
            32.036025
          ],
          [
            118.699508,
            32.03563
          ],
          [
            118.699217,
            32.035118
          ]
        ]
      },
      "properties": {
        "id": "local-138390842-0-sidewalk-right",
        "kind": "sidewalk",
        "roadId": "local-138390842-0",
        "side": "right",
        "widthM": 1.8,
        "offsetM": 6.4,
        "sourceRefs": [
          "osm",
          "amap",
          "baidu-route-reference"
        ],
        "confidence": "estimated"
      }
    },
    {
      "type": "Feature",
      "id": "local-138390842-0-center-marking",
      "geometry": {
        "type": "LineString",
        "coordinates": [
          [
            118.700682,
            32.037029
          ],
          [
            118.700298,
            32.03673
          ],
          [
            118.699756,
            32.036683
          ],
          [
            118.699235,
            32.036965
          ],
          [
            118.69794,
            32.038039
          ],
          [
            118.697735,
            32.038059
          ],
          [
            118.697608,
            32.037944
          ],
          [
            118.697628,
            32.037776
          ],
          [
            118.699454,
            32.036025
          ],
          [
            118.699508,
            32.03563
          ],
          [
            118.699217,
            32.035118
          ]
        ]
      },
      "properties": {
        "id": "local-138390842-0-center-marking",
        "kind": "centerline",
        "roadId": "local-138390842-0",
        "widthM": 0.16,
        "dashM": 2.5,
        "gapM": 6,
        "sourceRefs": [
          "osm"
        ],
        "confidence": "estimated"
      }
    },
    {
      "type": "Feature",
      "id": "local-138390843-0-sidewalk-left",
      "geometry": {
        "type": "LineString",
        "coordinates": [
          [
            118.698692,
            32.034165
          ],
          [
            118.69974,
            32.035391
          ],
          [
            118.700068,
            32.035549
          ],
          [
            118.700421,
            32.035516
          ],
          [
            118.701643,
            32.034851
          ]
        ]
      },
      "properties": {
        "id": "local-138390843-0-sidewalk-left",
        "kind": "sidewalk",
        "roadId": "local-138390843-0",
        "side": "left",
        "widthM": 1.8,
        "offsetM": 12.15,
        "sourceRefs": [
          "osm"
        ],
        "confidence": "estimated"
      }
    },
    {
      "type": "Feature",
      "id": "local-138390843-0-sidewalk-right",
      "geometry": {
        "type": "LineString",
        "coordinates": [
          [
            118.698692,
            32.034165
          ],
          [
            118.69974,
            32.035391
          ],
          [
            118.700068,
            32.035549
          ],
          [
            118.700421,
            32.035516
          ],
          [
            118.701643,
            32.034851
          ]
        ]
      },
      "properties": {
        "id": "local-138390843-0-sidewalk-right",
        "kind": "sidewalk",
        "roadId": "local-138390843-0",
        "side": "right",
        "widthM": 1.8,
        "offsetM": 12.15,
        "sourceRefs": [
          "osm",
          "amap",
          "baidu-route-reference"
        ],
        "confidence": "estimated"
      }
    },
    {
      "type": "Feature",
      "id": "local-138390843-0-center-marking",
      "geometry": {
        "type": "LineString",
        "coordinates": [
          [
            118.698692,
            32.034165
          ],
          [
            118.69974,
            32.035391
          ],
          [
            118.700068,
            32.035549
          ],
          [
            118.700421,
            32.035516
          ],
          [
            118.701643,
            32.034851
          ]
        ]
      },
      "properties": {
        "id": "local-138390843-0-center-marking",
        "kind": "centerline",
        "roadId": "local-138390843-0",
        "widthM": 0.16,
        "dashM": 4,
        "gapM": 8,
        "sourceRefs": [
          "osm"
        ],
        "confidence": "estimated"
      }
    },
    {
      "type": "Feature",
      "id": "local-157046172-0-sidewalk-left",
      "geometry": {
        "type": "LineString",
        "coordinates": [
          [
            118.701852,
            32.034947
          ],
          [
            118.699592,
            32.036494
          ]
        ]
      },
      "properties": {
        "id": "local-157046172-0-sidewalk-left",
        "kind": "sidewalk",
        "roadId": "local-157046172-0",
        "side": "left",
        "widthM": 1.8,
        "offsetM": 12.15,
        "sourceRefs": [
          "osm"
        ],
        "confidence": "estimated"
      }
    },
    {
      "type": "Feature",
      "id": "local-157046172-0-sidewalk-right",
      "geometry": {
        "type": "LineString",
        "coordinates": [
          [
            118.701852,
            32.034947
          ],
          [
            118.699592,
            32.036494
          ]
        ]
      },
      "properties": {
        "id": "local-157046172-0-sidewalk-right",
        "kind": "sidewalk",
        "roadId": "local-157046172-0",
        "side": "right",
        "widthM": 1.8,
        "offsetM": 12.15,
        "sourceRefs": [
          "osm",
          "amap",
          "baidu-route-reference"
        ],
        "confidence": "estimated"
      }
    },
    {
      "type": "Feature",
      "id": "local-157046172-0-center-marking",
      "geometry": {
        "type": "LineString",
        "coordinates": [
          [
            118.701852,
            32.034947
          ],
          [
            118.699592,
            32.036494
          ]
        ]
      },
      "properties": {
        "id": "local-157046172-0-center-marking",
        "kind": "centerline",
        "roadId": "local-157046172-0",
        "widthM": 0.16,
        "dashM": 4,
        "gapM": 8,
        "sourceRefs": [
          "osm"
        ],
        "confidence": "estimated"
      }
    },
    {
      "type": "Feature",
      "id": "local-157046173-0-sidewalk-left",
      "geometry": {
        "type": "LineString",
        "coordinates": [
          [
            118.699211,
            32.034989
          ],
          [
            118.698499,
            32.034169
          ]
        ]
      },
      "properties": {
        "id": "local-157046173-0-sidewalk-left",
        "kind": "sidewalk",
        "roadId": "local-157046173-0",
        "side": "left",
        "widthM": 1.8,
        "offsetM": 9.15,
        "sourceRefs": [
          "osm"
        ],
        "confidence": "estimated"
      }
    },
    {
      "type": "Feature",
      "id": "local-157046173-0-sidewalk-right",
      "geometry": {
        "type": "LineString",
        "coordinates": [
          [
            118.699211,
            32.034989
          ],
          [
            118.698499,
            32.034169
          ]
        ]
      },
      "properties": {
        "id": "local-157046173-0-sidewalk-right",
        "kind": "sidewalk",
        "roadId": "local-157046173-0",
        "side": "right",
        "widthM": 1.8,
        "offsetM": 9.15,
        "sourceRefs": [
          "osm",
          "amap",
          "baidu-route-reference"
        ],
        "confidence": "estimated"
      }
    },
    {
      "type": "Feature",
      "id": "local-157046173-0-center-marking",
      "geometry": {
        "type": "LineString",
        "coordinates": [
          [
            118.699211,
            32.034989
          ],
          [
            118.698499,
            32.034169
          ]
        ]
      },
      "properties": {
        "id": "local-157046173-0-center-marking",
        "kind": "centerline",
        "roadId": "local-157046173-0",
        "widthM": 0.16,
        "dashM": 4,
        "gapM": 8,
        "sourceRefs": [
          "osm"
        ],
        "confidence": "estimated"
      }
    },
    {
      "type": "Feature",
      "id": "local-157046180-0-sidewalk-left",
      "geometry": {
        "type": "LineString",
        "coordinates": [
          [
            118.701852,
            32.034947
          ],
          [
            118.700722,
            32.035839
          ],
          [
            118.700538,
            32.03617
          ],
          [
            118.700599,
            32.036493
          ],
          [
            118.701421,
            32.037656
          ]
        ]
      },
      "properties": {
        "id": "local-157046180-0-sidewalk-left",
        "kind": "sidewalk",
        "roadId": "local-157046180-0",
        "side": "left",
        "widthM": 1.8,
        "offsetM": 12.15,
        "sourceRefs": [
          "osm"
        ],
        "confidence": "estimated"
      }
    },
    {
      "type": "Feature",
      "id": "local-157046180-0-sidewalk-right",
      "geometry": {
        "type": "LineString",
        "coordinates": [
          [
            118.701852,
            32.034947
          ],
          [
            118.700722,
            32.035839
          ],
          [
            118.700538,
            32.03617
          ],
          [
            118.700599,
            32.036493
          ],
          [
            118.701421,
            32.037656
          ]
        ]
      },
      "properties": {
        "id": "local-157046180-0-sidewalk-right",
        "kind": "sidewalk",
        "roadId": "local-157046180-0",
        "side": "right",
        "widthM": 1.8,
        "offsetM": 12.15,
        "sourceRefs": [
          "osm",
          "amap",
          "baidu-route-reference"
        ],
        "confidence": "estimated"
      }
    },
    {
      "type": "Feature",
      "id": "local-157046180-0-center-marking",
      "geometry": {
        "type": "LineString",
        "coordinates": [
          [
            118.701852,
            32.034947
          ],
          [
            118.700722,
            32.035839
          ],
          [
            118.700538,
            32.03617
          ],
          [
            118.700599,
            32.036493
          ],
          [
            118.701421,
            32.037656
          ]
        ]
      },
      "properties": {
        "id": "local-157046180-0-center-marking",
        "kind": "centerline",
        "roadId": "local-157046180-0",
        "widthM": 0.16,
        "dashM": 4,
        "gapM": 8,
        "sourceRefs": [
          "osm"
        ],
        "confidence": "estimated"
      }
    },
    {
      "type": "Feature",
      "id": "local-157046181-0-sidewalk-left",
      "geometry": {
        "type": "LineString",
        "coordinates": [
          [
            118.701268,
            32.037757
          ],
          [
            118.700205,
            32.036577
          ],
          [
            118.699681,
            32.036595
          ],
          [
            118.698862,
            32.037103
          ]
        ]
      },
      "properties": {
        "id": "local-157046181-0-sidewalk-left",
        "kind": "sidewalk",
        "roadId": "local-157046181-0",
        "side": "left",
        "widthM": 1.8,
        "offsetM": 12.15,
        "sourceRefs": [
          "osm"
        ],
        "confidence": "estimated"
      }
    },
    {
      "type": "Feature",
      "id": "local-157046181-0-sidewalk-right",
      "geometry": {
        "type": "LineString",
        "coordinates": [
          [
            118.701268,
            32.037757
          ],
          [
            118.700205,
            32.036577
          ],
          [
            118.699681,
            32.036595
          ],
          [
            118.698862,
            32.037103
          ]
        ]
      },
      "properties": {
        "id": "local-157046181-0-sidewalk-right",
        "kind": "sidewalk",
        "roadId": "local-157046181-0",
        "side": "right",
        "widthM": 1.8,
        "offsetM": 12.15,
        "sourceRefs": [
          "osm",
          "amap",
          "baidu-route-reference"
        ],
        "confidence": "estimated"
      }
    },
    {
      "type": "Feature",
      "id": "local-157046181-0-center-marking",
      "geometry": {
        "type": "LineString",
        "coordinates": [
          [
            118.701268,
            32.037757
          ],
          [
            118.700205,
            32.036577
          ],
          [
            118.699681,
            32.036595
          ],
          [
            118.698862,
            32.037103
          ]
        ]
      },
      "properties": {
        "id": "local-157046181-0-center-marking",
        "kind": "centerline",
        "roadId": "local-157046181-0",
        "widthM": 0.16,
        "dashM": 4,
        "gapM": 8,
        "sourceRefs": [
          "osm"
        ],
        "confidence": "estimated"
      }
    },
    {
      "type": "Feature",
      "id": "local-429546944-0-sidewalk-left",
      "geometry": {
        "type": "LineString",
        "coordinates": [
          [
            118.692098,
            32.009043
          ],
          [
            118.691163,
            32.009574
          ],
          [
            118.691047,
            32.009412
          ]
        ]
      },
      "properties": {
        "id": "local-429546944-0-sidewalk-left",
        "kind": "sidewalk",
        "roadId": "local-429546944-0",
        "side": "left",
        "widthM": 1.8,
        "offsetM": 4.15,
        "sourceRefs": [
          "osm"
        ],
        "confidence": "estimated"
      }
    },
    {
      "type": "Feature",
      "id": "local-429546944-0-sidewalk-right",
      "geometry": {
        "type": "LineString",
        "coordinates": [
          [
            118.692098,
            32.009043
          ],
          [
            118.691163,
            32.009574
          ],
          [
            118.691047,
            32.009412
          ]
        ]
      },
      "properties": {
        "id": "local-429546944-0-sidewalk-right",
        "kind": "sidewalk",
        "roadId": "local-429546944-0",
        "side": "right",
        "widthM": 1.8,
        "offsetM": 4.15,
        "sourceRefs": [
          "osm",
          "amap",
          "baidu-route-reference"
        ],
        "confidence": "estimated"
      }
    },
    {
      "type": "Feature",
      "id": "local-445724788-0-shared-greenway",
      "geometry": {
        "type": "LineString",
        "coordinates": [
          [
            118.693481,
            31.999665
          ],
          [
            118.693481,
            31.999665
          ]
        ]
      },
      "properties": {
        "id": "local-445724788-0-shared-greenway",
        "kind": "greenway",
        "roadId": "local-445724788-0",
        "side": "center",
        "widthM": 3.5,
        "offsetM": 0,
        "sourceRefs": [
          "osm"
        ],
        "confidence": "estimated"
      }
    },
    {
      "type": "Feature",
      "id": "local-445724797-0-shared-greenway",
      "geometry": {
        "type": "LineString",
        "coordinates": [
          [
            118.694921,
            31.998086
          ],
          [
            118.694626,
            31.997596
          ],
          [
            118.695194,
            31.997825
          ]
        ]
      },
      "properties": {
        "id": "local-445724797-0-shared-greenway",
        "kind": "greenway",
        "roadId": "local-445724797-0",
        "side": "center",
        "widthM": 3.5,
        "offsetM": 0,
        "sourceRefs": [
          "osm"
        ],
        "confidence": "estimated"
      }
    },
    {
      "type": "Feature",
      "id": "local-445725618-0-shared-greenway",
      "geometry": {
        "type": "LineString",
        "coordinates": [
          [
            118.691962,
            31.998529
          ],
          [
            118.69245,
            31.998469
          ],
          [
            118.692708,
            31.998555
          ],
          [
            118.692936,
            31.998751
          ],
          [
            118.693376,
            31.99884
          ]
        ]
      },
      "properties": {
        "id": "local-445725618-0-shared-greenway",
        "kind": "greenway",
        "roadId": "local-445725618-0",
        "side": "center",
        "widthM": 3.5,
        "offsetM": 0,
        "sourceRefs": [
          "osm"
        ],
        "confidence": "estimated"
      }
    },
    {
      "type": "Feature",
      "id": "local-656704323-0-sidewalk-left",
      "geometry": {
        "type": "LineString",
        "coordinates": [
          [
            118.693776,
            32.023674
          ],
          [
            118.694198,
            32.023016
          ],
          [
            118.696095,
            32.021824
          ]
        ]
      },
      "properties": {
        "id": "local-656704323-0-sidewalk-left",
        "kind": "sidewalk",
        "roadId": "local-656704323-0",
        "side": "left",
        "widthM": 1.8,
        "offsetM": 4.15,
        "sourceRefs": [
          "osm"
        ],
        "confidence": "estimated"
      }
    },
    {
      "type": "Feature",
      "id": "local-656704323-0-sidewalk-right",
      "geometry": {
        "type": "LineString",
        "coordinates": [
          [
            118.693776,
            32.023674
          ],
          [
            118.694198,
            32.023016
          ],
          [
            118.696095,
            32.021824
          ]
        ]
      },
      "properties": {
        "id": "local-656704323-0-sidewalk-right",
        "kind": "sidewalk",
        "roadId": "local-656704323-0",
        "side": "right",
        "widthM": 1.8,
        "offsetM": 4.15,
        "sourceRefs": [
          "osm",
          "amap",
          "baidu-route-reference"
        ],
        "confidence": "estimated"
      }
    },
    {
      "type": "Feature",
      "id": "local-656709505-0-sidewalk-left",
      "geometry": {
        "type": "LineString",
        "coordinates": [
          [
            118.704433,
            32.033563
          ],
          [
            118.703345,
            32.034144
          ],
          [
            118.700626,
            32.035951
          ]
        ]
      },
      "properties": {
        "id": "local-656709505-0-sidewalk-left",
        "kind": "sidewalk",
        "roadId": "local-656709505-0",
        "side": "left",
        "widthM": 1.8,
        "offsetM": 6.4,
        "sourceRefs": [
          "osm"
        ],
        "confidence": "estimated"
      }
    },
    {
      "type": "Feature",
      "id": "local-656709505-0-sidewalk-right",
      "geometry": {
        "type": "LineString",
        "coordinates": [
          [
            118.704433,
            32.033563
          ],
          [
            118.703345,
            32.034144
          ],
          [
            118.700626,
            32.035951
          ]
        ]
      },
      "properties": {
        "id": "local-656709505-0-sidewalk-right",
        "kind": "sidewalk",
        "roadId": "local-656709505-0",
        "side": "right",
        "widthM": 1.8,
        "offsetM": 6.4,
        "sourceRefs": [
          "osm",
          "amap",
          "baidu-route-reference"
        ],
        "confidence": "estimated"
      }
    },
    {
      "type": "Feature",
      "id": "local-656709505-0-center-marking",
      "geometry": {
        "type": "LineString",
        "coordinates": [
          [
            118.704433,
            32.033563
          ],
          [
            118.703345,
            32.034144
          ],
          [
            118.700626,
            32.035951
          ]
        ]
      },
      "properties": {
        "id": "local-656709505-0-center-marking",
        "kind": "centerline",
        "roadId": "local-656709505-0",
        "widthM": 0.16,
        "dashM": 2.5,
        "gapM": 6,
        "sourceRefs": [
          "osm"
        ],
        "confidence": "estimated"
      }
    },
    {
      "type": "Feature",
      "id": "local-759959736-0-sidewalk-left",
      "geometry": {
        "type": "LineString",
        "coordinates": [
          [
            118.677707,
            32.013872
          ],
          [
            118.67889,
            32.016134
          ],
          [
            118.679807,
            32.017464
          ]
        ]
      },
      "properties": {
        "id": "local-759959736-0-sidewalk-left",
        "kind": "sidewalk",
        "roadId": "local-759959736-0",
        "side": "left",
        "widthM": 1.8,
        "offsetM": 6.4,
        "sourceRefs": [
          "osm"
        ],
        "confidence": "estimated"
      }
    },
    {
      "type": "Feature",
      "id": "local-759959736-0-sidewalk-right",
      "geometry": {
        "type": "LineString",
        "coordinates": [
          [
            118.677707,
            32.013872
          ],
          [
            118.67889,
            32.016134
          ],
          [
            118.679807,
            32.017464
          ]
        ]
      },
      "properties": {
        "id": "local-759959736-0-sidewalk-right",
        "kind": "sidewalk",
        "roadId": "local-759959736-0",
        "side": "right",
        "widthM": 1.8,
        "offsetM": 6.4,
        "sourceRefs": [
          "osm",
          "amap",
          "baidu-route-reference"
        ],
        "confidence": "estimated"
      }
    },
    {
      "type": "Feature",
      "id": "local-759959736-0-center-marking",
      "geometry": {
        "type": "LineString",
        "coordinates": [
          [
            118.677707,
            32.013872
          ],
          [
            118.67889,
            32.016134
          ],
          [
            118.679807,
            32.017464
          ]
        ]
      },
      "properties": {
        "id": "local-759959736-0-center-marking",
        "kind": "centerline",
        "roadId": "local-759959736-0",
        "widthM": 0.16,
        "dashM": 2.5,
        "gapM": 6,
        "sourceRefs": [
          "osm"
        ],
        "confidence": "estimated"
      }
    },
    {
      "type": "Feature",
      "id": "local-759960751-0-sidewalk-left",
      "geometry": {
        "type": "LineString",
        "coordinates": [
          [
            118.694225,
            32.041727
          ],
          [
            118.696337,
            32.040661
          ]
        ]
      },
      "properties": {
        "id": "local-759960751-0-sidewalk-left",
        "kind": "sidewalk",
        "roadId": "local-759960751-0",
        "side": "left",
        "widthM": 1.8,
        "offsetM": 4.15,
        "sourceRefs": [
          "osm"
        ],
        "confidence": "estimated"
      }
    },
    {
      "type": "Feature",
      "id": "local-759960751-0-sidewalk-right",
      "geometry": {
        "type": "LineString",
        "coordinates": [
          [
            118.694225,
            32.041727
          ],
          [
            118.696337,
            32.040661
          ]
        ]
      },
      "properties": {
        "id": "local-759960751-0-sidewalk-right",
        "kind": "sidewalk",
        "roadId": "local-759960751-0",
        "side": "right",
        "widthM": 1.8,
        "offsetM": 4.15,
        "sourceRefs": [
          "osm",
          "amap",
          "baidu-route-reference"
        ],
        "confidence": "estimated"
      }
    },
    {
      "type": "Feature",
      "id": "local-759961909-0-sidewalk-left",
      "geometry": {
        "type": "LineString",
        "coordinates": [
          [
            118.718366,
            32.060281
          ],
          [
            118.717741,
            32.060729
          ],
          [
            118.719306,
            32.063132
          ]
        ]
      },
      "properties": {
        "id": "local-759961909-0-sidewalk-left",
        "kind": "sidewalk",
        "roadId": "local-759961909-0",
        "side": "left",
        "widthM": 1.8,
        "offsetM": 4.15,
        "sourceRefs": [
          "osm"
        ],
        "confidence": "estimated"
      }
    },
    {
      "type": "Feature",
      "id": "local-759961909-0-sidewalk-right",
      "geometry": {
        "type": "LineString",
        "coordinates": [
          [
            118.718366,
            32.060281
          ],
          [
            118.717741,
            32.060729
          ],
          [
            118.719306,
            32.063132
          ]
        ]
      },
      "properties": {
        "id": "local-759961909-0-sidewalk-right",
        "kind": "sidewalk",
        "roadId": "local-759961909-0",
        "side": "right",
        "widthM": 1.8,
        "offsetM": 4.15,
        "sourceRefs": [
          "osm",
          "amap",
          "baidu-route-reference"
        ],
        "confidence": "estimated"
      }
    },
    {
      "type": "Feature",
      "id": "local-795362441-0-sidewalk-left",
      "geometry": {
        "type": "LineString",
        "coordinates": [
          [
            118.678444,
            32.012447
          ],
          [
            118.679144,
            32.013998
          ]
        ]
      },
      "properties": {
        "id": "local-795362441-0-sidewalk-left",
        "kind": "sidewalk",
        "roadId": "local-795362441-0",
        "side": "left",
        "widthM": 1.8,
        "offsetM": 4.15,
        "sourceRefs": [
          "osm"
        ],
        "confidence": "estimated"
      }
    },
    {
      "type": "Feature",
      "id": "local-795362441-0-sidewalk-right",
      "geometry": {
        "type": "LineString",
        "coordinates": [
          [
            118.678444,
            32.012447
          ],
          [
            118.679144,
            32.013998
          ]
        ]
      },
      "properties": {
        "id": "local-795362441-0-sidewalk-right",
        "kind": "sidewalk",
        "roadId": "local-795362441-0",
        "side": "right",
        "widthM": 1.8,
        "offsetM": 4.15,
        "sourceRefs": [
          "osm",
          "amap",
          "baidu-route-reference"
        ],
        "confidence": "estimated"
      }
    },
    {
      "type": "Feature",
      "id": "local-883774195-0-shared-greenway",
      "geometry": {
        "type": "LineString",
        "coordinates": [
          [
            118.693421,
            31.999653
          ],
          [
            118.693381,
            31.999879
          ],
          [
            118.693581,
            32.00017
          ],
          [
            118.693852,
            32.000539
          ],
          [
            118.694101,
            32.000596
          ],
          [
            118.694391,
            32.000471
          ],
          [
            118.694575,
            32.000066
          ],
          [
            118.695181,
            31.999799
          ],
          [
            118.695217,
            31.999445
          ]
        ]
      },
      "properties": {
        "id": "local-883774195-0-shared-greenway",
        "kind": "greenway",
        "roadId": "local-883774195-0",
        "side": "center",
        "widthM": 3.5,
        "offsetM": 0,
        "sourceRefs": [
          "osm"
        ],
        "confidence": "estimated"
      }
    },
    {
      "type": "Feature",
      "id": "local-883774197-0-shared-greenway",
      "geometry": {
        "type": "LineString",
        "coordinates": [
          [
            118.689731,
            32.001975
          ],
          [
            118.690243,
            32.001985
          ],
          [
            118.690535,
            32.00208
          ],
          [
            118.691004,
            32.002451
          ],
          [
            118.691404,
            32.002477
          ],
          [
            118.691768,
            32.002375
          ],
          [
            118.692422,
            32.001741
          ],
          [
            118.693385,
            32.001375
          ],
          [
            118.693751,
            32.001037
          ],
          [
            118.693946,
            32.000583
          ],
          [
            118.693945,
            32.000153
          ],
          [
            118.693684,
            31.999682
          ],
          [
            118.693677,
            31.999433
          ]
        ]
      },
      "properties": {
        "id": "local-883774197-0-shared-greenway",
        "kind": "greenway",
        "roadId": "local-883774197-0",
        "side": "center",
        "widthM": 3.5,
        "offsetM": 0,
        "sourceRefs": [
          "osm"
        ],
        "confidence": "estimated"
      }
    },
    {
      "type": "Feature",
      "id": "local-883774198-0-shared-greenway",
      "geometry": {
        "type": "LineString",
        "coordinates": [
          [
            118.688826,
            32.003251
          ],
          [
            118.689023,
            32.003592
          ],
          [
            118.689312,
            32.003749
          ],
          [
            118.689722,
            32.003676
          ],
          [
            118.690043,
            32.003331
          ],
          [
            118.6902,
            32.002827
          ],
          [
            118.690079,
            32.002644
          ],
          [
            118.689233,
            32.002601
          ]
        ]
      },
      "properties": {
        "id": "local-883774198-0-shared-greenway",
        "kind": "greenway",
        "roadId": "local-883774198-0",
        "side": "center",
        "widthM": 3.5,
        "offsetM": 0,
        "sourceRefs": [
          "osm"
        ],
        "confidence": "estimated"
      }
    },
    {
      "type": "Feature",
      "id": "local-883774220-0-shared-greenway",
      "geometry": {
        "type": "LineString",
        "coordinates": [
          [
            118.689012,
            32.002085
          ],
          [
            118.689072,
            32.001814
          ],
          [
            118.688997,
            32.001455
          ],
          [
            118.689146,
            32.001072
          ],
          [
            118.689272,
            32.000934
          ],
          [
            118.690061,
            32.00063
          ],
          [
            118.69036,
            32.000144
          ],
          [
            118.690622,
            31.999912
          ],
          [
            118.691019,
            31.999899
          ],
          [
            118.691297,
            32.000024
          ],
          [
            118.691537,
            32.000249
          ],
          [
            118.691411,
            32.000748
          ],
          [
            118.691503,
            32.000894
          ],
          [
            118.692224,
            32.000996
          ],
          [
            118.69272,
            32.001171
          ],
          [
            118.693105,
            32.001015
          ],
          [
            118.693188,
            32.000612
          ],
          [
            118.69349,
            32.000367
          ],
          [
            118.693031,
            32.000246
          ],
          [
            118.692609,
            32.000286
          ],
          [
            118.692557,
            31.999747
          ],
          [
            118.692027,
            31.999285
          ],
          [
            118.6919,
            31.998877
          ]
        ]
      },
      "properties": {
        "id": "local-883774220-0-shared-greenway",
        "kind": "greenway",
        "roadId": "local-883774220-0",
        "side": "center",
        "widthM": 3.5,
        "offsetM": 0,
        "sourceRefs": [
          "osm"
        ],
        "confidence": "estimated"
      }
    },
    {
      "type": "Feature",
      "id": "local-883774222-0-shared-greenway",
      "geometry": {
        "type": "LineString",
        "coordinates": [
          [
            118.692808,
            31.999001
          ],
          [
            118.692449,
            31.998948
          ],
          [
            118.692093,
            31.998479
          ]
        ]
      },
      "properties": {
        "id": "local-883774222-0-shared-greenway",
        "kind": "greenway",
        "roadId": "local-883774222-0",
        "side": "center",
        "widthM": 3.5,
        "offsetM": 0,
        "sourceRefs": [
          "osm"
        ],
        "confidence": "estimated"
      }
    },
    {
      "type": "Feature",
      "id": "local-883774223-0-shared-greenway",
      "geometry": {
        "type": "LineString",
        "coordinates": [
          [
            118.689891,
            32.001978
          ],
          [
            118.68966,
            32.001767
          ],
          [
            118.689844,
            32.001405
          ],
          [
            118.69054,
            32.001361
          ],
          [
            118.690979,
            32.001145
          ],
          [
            118.691432,
            32.00125
          ],
          [
            118.691899,
            32.001516
          ],
          [
            118.692537,
            32.001547
          ],
          [
            118.693004,
            32.001905
          ]
        ]
      },
      "properties": {
        "id": "local-883774223-0-shared-greenway",
        "kind": "greenway",
        "roadId": "local-883774223-0",
        "side": "center",
        "widthM": 3.5,
        "offsetM": 0,
        "sourceRefs": [
          "osm"
        ],
        "confidence": "estimated"
      }
    },
    {
      "type": "Feature",
      "id": "local-883774237-0-shared-greenway",
      "geometry": {
        "type": "LineString",
        "coordinates": [
          [
            118.694981,
            31.99803
          ],
          [
            118.69554,
            31.998638
          ],
          [
            118.696443,
            31.998811
          ],
          [
            118.696691,
            31.999345
          ],
          [
            118.696927,
            31.999421
          ],
          [
            118.697443,
            31.999352
          ],
          [
            118.697553,
            31.999487
          ],
          [
            118.697528,
            31.999904
          ],
          [
            118.698077,
            32.000004
          ]
        ]
      },
      "properties": {
        "id": "local-883774237-0-shared-greenway",
        "kind": "greenway",
        "roadId": "local-883774237-0",
        "side": "center",
        "widthM": 3.5,
        "offsetM": 0,
        "sourceRefs": [
          "osm"
        ],
        "confidence": "estimated"
      }
    },
    {
      "type": "Feature",
      "id": "local-883782295-0-sidewalk-left",
      "geometry": {
        "type": "LineString",
        "coordinates": [
          [
            118.691755,
            32.039893
          ],
          [
            118.692953,
            32.039312
          ],
          [
            118.696056,
            32.045658
          ]
        ]
      },
      "properties": {
        "id": "local-883782295-0-sidewalk-left",
        "kind": "sidewalk",
        "roadId": "local-883782295-0",
        "side": "left",
        "widthM": 1.8,
        "offsetM": 4.15,
        "sourceRefs": [
          "osm"
        ],
        "confidence": "estimated"
      }
    },
    {
      "type": "Feature",
      "id": "local-883782295-0-sidewalk-right",
      "geometry": {
        "type": "LineString",
        "coordinates": [
          [
            118.691755,
            32.039893
          ],
          [
            118.692953,
            32.039312
          ],
          [
            118.696056,
            32.045658
          ]
        ]
      },
      "properties": {
        "id": "local-883782295-0-sidewalk-right",
        "kind": "sidewalk",
        "roadId": "local-883782295-0",
        "side": "right",
        "widthM": 1.8,
        "offsetM": 4.15,
        "sourceRefs": [
          "osm",
          "amap",
          "baidu-route-reference"
        ],
        "confidence": "estimated"
      }
    },
    {
      "type": "Feature",
      "id": "local-883782296-0-sidewalk-left",
      "geometry": {
        "type": "LineString",
        "coordinates": [
          [
            118.681955,
            32.016377
          ],
          [
            118.680885,
            32.014139
          ]
        ]
      },
      "properties": {
        "id": "local-883782296-0-sidewalk-left",
        "kind": "sidewalk",
        "roadId": "local-883782296-0",
        "side": "left",
        "widthM": 1.8,
        "offsetM": 4.15,
        "sourceRefs": [
          "osm"
        ],
        "confidence": "estimated"
      }
    },
    {
      "type": "Feature",
      "id": "local-883782296-0-sidewalk-right",
      "geometry": {
        "type": "LineString",
        "coordinates": [
          [
            118.681955,
            32.016377
          ],
          [
            118.680885,
            32.014139
          ]
        ]
      },
      "properties": {
        "id": "local-883782296-0-sidewalk-right",
        "kind": "sidewalk",
        "roadId": "local-883782296-0",
        "side": "right",
        "widthM": 1.8,
        "offsetM": 4.15,
        "sourceRefs": [
          "osm",
          "amap",
          "baidu-route-reference"
        ],
        "confidence": "estimated"
      }
    },
    {
      "type": "Feature",
      "id": "local-883782300-0-shared-greenway",
      "geometry": {
        "type": "LineString",
        "coordinates": [
          [
            118.676865,
            32.014839
          ],
          [
            118.677953,
            32.014396
          ]
        ]
      },
      "properties": {
        "id": "local-883782300-0-shared-greenway",
        "kind": "greenway",
        "roadId": "local-883782300-0",
        "side": "center",
        "widthM": 3.5,
        "offsetM": 0,
        "sourceRefs": [
          "osm"
        ],
        "confidence": "estimated"
      }
    },
    {
      "type": "Feature",
      "id": "local-883782307-0-sidewalk-left",
      "geometry": {
        "type": "LineString",
        "coordinates": [
          [
            118.686133,
            32.014271
          ],
          [
            118.684449,
            32.011929
          ]
        ]
      },
      "properties": {
        "id": "local-883782307-0-sidewalk-left",
        "kind": "sidewalk",
        "roadId": "local-883782307-0",
        "side": "left",
        "widthM": 1.8,
        "offsetM": 4.15,
        "sourceRefs": [
          "osm"
        ],
        "confidence": "estimated"
      }
    },
    {
      "type": "Feature",
      "id": "local-883782307-0-sidewalk-right",
      "geometry": {
        "type": "LineString",
        "coordinates": [
          [
            118.686133,
            32.014271
          ],
          [
            118.684449,
            32.011929
          ]
        ]
      },
      "properties": {
        "id": "local-883782307-0-sidewalk-right",
        "kind": "sidewalk",
        "roadId": "local-883782307-0",
        "side": "right",
        "widthM": 1.8,
        "offsetM": 4.15,
        "sourceRefs": [
          "osm",
          "amap",
          "baidu-route-reference"
        ],
        "confidence": "estimated"
      }
    },
    {
      "type": "Feature",
      "id": "local-948337469-0-sidewalk-left",
      "geometry": {
        "type": "LineString",
        "coordinates": [
          [
            118.689034,
            32.000103
          ],
          [
            118.688033,
            32.000663
          ],
          [
            118.684939,
            32.001711
          ]
        ]
      },
      "properties": {
        "id": "local-948337469-0-sidewalk-left",
        "kind": "sidewalk",
        "roadId": "local-948337469-0",
        "side": "left",
        "widthM": 1.8,
        "offsetM": 9.15,
        "sourceRefs": [
          "osm"
        ],
        "confidence": "estimated"
      }
    },
    {
      "type": "Feature",
      "id": "local-948337469-0-sidewalk-right",
      "geometry": {
        "type": "LineString",
        "coordinates": [
          [
            118.689034,
            32.000103
          ],
          [
            118.688033,
            32.000663
          ],
          [
            118.684939,
            32.001711
          ]
        ]
      },
      "properties": {
        "id": "local-948337469-0-sidewalk-right",
        "kind": "sidewalk",
        "roadId": "local-948337469-0",
        "side": "right",
        "widthM": 1.8,
        "offsetM": 9.15,
        "sourceRefs": [
          "osm",
          "amap",
          "baidu-route-reference"
        ],
        "confidence": "estimated"
      }
    },
    {
      "type": "Feature",
      "id": "local-948337469-0-center-marking",
      "geometry": {
        "type": "LineString",
        "coordinates": [
          [
            118.689034,
            32.000103
          ],
          [
            118.688033,
            32.000663
          ],
          [
            118.684939,
            32.001711
          ]
        ]
      },
      "properties": {
        "id": "local-948337469-0-center-marking",
        "kind": "centerline",
        "roadId": "local-948337469-0",
        "widthM": 0.16,
        "dashM": 4,
        "gapM": 8,
        "sourceRefs": [
          "osm"
        ],
        "confidence": "estimated"
      }
    },
    {
      "type": "Feature",
      "id": "local-948337470-0-sidewalk-left",
      "geometry": {
        "type": "LineString",
        "coordinates": [
          [
            118.684634,
            32.001156
          ],
          [
            118.689014,
            31.999867
          ]
        ]
      },
      "properties": {
        "id": "local-948337470-0-sidewalk-left",
        "kind": "sidewalk",
        "roadId": "local-948337470-0",
        "side": "left",
        "widthM": 1.8,
        "offsetM": 12.15,
        "sourceRefs": [
          "osm"
        ],
        "confidence": "estimated"
      }
    },
    {
      "type": "Feature",
      "id": "local-948337470-0-sidewalk-right",
      "geometry": {
        "type": "LineString",
        "coordinates": [
          [
            118.684634,
            32.001156
          ],
          [
            118.689014,
            31.999867
          ]
        ]
      },
      "properties": {
        "id": "local-948337470-0-sidewalk-right",
        "kind": "sidewalk",
        "roadId": "local-948337470-0",
        "side": "right",
        "widthM": 1.8,
        "offsetM": 12.15,
        "sourceRefs": [
          "osm",
          "amap",
          "baidu-route-reference"
        ],
        "confidence": "estimated"
      }
    },
    {
      "type": "Feature",
      "id": "local-948337470-0-center-marking",
      "geometry": {
        "type": "LineString",
        "coordinates": [
          [
            118.684634,
            32.001156
          ],
          [
            118.689014,
            31.999867
          ]
        ]
      },
      "properties": {
        "id": "local-948337470-0-center-marking",
        "kind": "centerline",
        "roadId": "local-948337470-0",
        "widthM": 0.16,
        "dashM": 4,
        "gapM": 8,
        "sourceRefs": [
          "osm"
        ],
        "confidence": "estimated"
      }
    },
    {
      "type": "Feature",
      "id": "local-948337471-0-sidewalk-left",
      "geometry": {
        "type": "LineString",
        "coordinates": [
          [
            118.681833,
            32.002121
          ],
          [
            118.684634,
            32.001156
          ]
        ]
      },
      "properties": {
        "id": "local-948337471-0-sidewalk-left",
        "kind": "sidewalk",
        "roadId": "local-948337471-0",
        "side": "left",
        "widthM": 1.8,
        "offsetM": 12.15,
        "sourceRefs": [
          "osm"
        ],
        "confidence": "estimated"
      }
    },
    {
      "type": "Feature",
      "id": "local-948337471-0-sidewalk-right",
      "geometry": {
        "type": "LineString",
        "coordinates": [
          [
            118.681833,
            32.002121
          ],
          [
            118.684634,
            32.001156
          ]
        ]
      },
      "properties": {
        "id": "local-948337471-0-sidewalk-right",
        "kind": "sidewalk",
        "roadId": "local-948337471-0",
        "side": "right",
        "widthM": 1.8,
        "offsetM": 12.15,
        "sourceRefs": [
          "osm",
          "amap",
          "baidu-route-reference"
        ],
        "confidence": "estimated"
      }
    },
    {
      "type": "Feature",
      "id": "local-948337471-0-center-marking",
      "geometry": {
        "type": "LineString",
        "coordinates": [
          [
            118.681833,
            32.002121
          ],
          [
            118.684634,
            32.001156
          ]
        ]
      },
      "properties": {
        "id": "local-948337471-0-center-marking",
        "kind": "centerline",
        "roadId": "local-948337471-0",
        "widthM": 0.16,
        "dashM": 4,
        "gapM": 8,
        "sourceRefs": [
          "osm"
        ],
        "confidence": "estimated"
      }
    },
    {
      "type": "Feature",
      "id": "local-948337472-0-sidewalk-left",
      "geometry": {
        "type": "LineString",
        "coordinates": [
          [
            118.684939,
            32.001711
          ],
          [
            118.682214,
            32.002688
          ]
        ]
      },
      "properties": {
        "id": "local-948337472-0-sidewalk-left",
        "kind": "sidewalk",
        "roadId": "local-948337472-0",
        "side": "left",
        "widthM": 1.8,
        "offsetM": 9.15,
        "sourceRefs": [
          "osm"
        ],
        "confidence": "estimated"
      }
    },
    {
      "type": "Feature",
      "id": "local-948337472-0-sidewalk-right",
      "geometry": {
        "type": "LineString",
        "coordinates": [
          [
            118.684939,
            32.001711
          ],
          [
            118.682214,
            32.002688
          ]
        ]
      },
      "properties": {
        "id": "local-948337472-0-sidewalk-right",
        "kind": "sidewalk",
        "roadId": "local-948337472-0",
        "side": "right",
        "widthM": 1.8,
        "offsetM": 9.15,
        "sourceRefs": [
          "osm",
          "amap",
          "baidu-route-reference"
        ],
        "confidence": "estimated"
      }
    },
    {
      "type": "Feature",
      "id": "local-948337472-0-center-marking",
      "geometry": {
        "type": "LineString",
        "coordinates": [
          [
            118.684939,
            32.001711
          ],
          [
            118.682214,
            32.002688
          ]
        ]
      },
      "properties": {
        "id": "local-948337472-0-center-marking",
        "kind": "centerline",
        "roadId": "local-948337472-0",
        "widthM": 0.16,
        "dashM": 4,
        "gapM": 8,
        "sourceRefs": [
          "osm"
        ],
        "confidence": "estimated"
      }
    },
    {
      "type": "Feature",
      "id": "local-948337473-0-sidewalk-left",
      "geometry": {
        "type": "LineString",
        "coordinates": [
          [
            118.686242,
            32.001393
          ],
          [
            118.678668,
            32.00374
          ]
        ]
      },
      "properties": {
        "id": "local-948337473-0-sidewalk-left",
        "kind": "sidewalk",
        "roadId": "local-948337473-0",
        "side": "left",
        "widthM": 1.8,
        "offsetM": 9.15,
        "sourceRefs": [
          "osm"
        ],
        "confidence": "estimated"
      }
    },
    {
      "type": "Feature",
      "id": "local-948337473-0-sidewalk-right",
      "geometry": {
        "type": "LineString",
        "coordinates": [
          [
            118.686242,
            32.001393
          ],
          [
            118.678668,
            32.00374
          ]
        ]
      },
      "properties": {
        "id": "local-948337473-0-sidewalk-right",
        "kind": "sidewalk",
        "roadId": "local-948337473-0",
        "side": "right",
        "widthM": 1.8,
        "offsetM": 9.15,
        "sourceRefs": [
          "osm",
          "amap",
          "baidu-route-reference"
        ],
        "confidence": "estimated"
      }
    },
    {
      "type": "Feature",
      "id": "local-948337473-0-center-marking",
      "geometry": {
        "type": "LineString",
        "coordinates": [
          [
            118.686242,
            32.001393
          ],
          [
            118.678668,
            32.00374
          ]
        ]
      },
      "properties": {
        "id": "local-948337473-0-center-marking",
        "kind": "centerline",
        "roadId": "local-948337473-0",
        "widthM": 0.16,
        "dashM": 4,
        "gapM": 8,
        "sourceRefs": [
          "osm"
        ],
        "confidence": "estimated"
      }
    },
    {
      "type": "Feature",
      "id": "local-948337474-0-sidewalk-left",
      "geometry": {
        "type": "LineString",
        "coordinates": [
          [
            118.67844,
            32.003422
          ],
          [
            118.685586,
            32.000726
          ]
        ]
      },
      "properties": {
        "id": "local-948337474-0-sidewalk-left",
        "kind": "sidewalk",
        "roadId": "local-948337474-0",
        "side": "left",
        "widthM": 1.8,
        "offsetM": 9.15,
        "sourceRefs": [
          "osm"
        ],
        "confidence": "estimated"
      }
    },
    {
      "type": "Feature",
      "id": "local-948337474-0-sidewalk-right",
      "geometry": {
        "type": "LineString",
        "coordinates": [
          [
            118.67844,
            32.003422
          ],
          [
            118.685586,
            32.000726
          ]
        ]
      },
      "properties": {
        "id": "local-948337474-0-sidewalk-right",
        "kind": "sidewalk",
        "roadId": "local-948337474-0",
        "side": "right",
        "widthM": 1.8,
        "offsetM": 9.15,
        "sourceRefs": [
          "osm",
          "amap",
          "baidu-route-reference"
        ],
        "confidence": "estimated"
      }
    },
    {
      "type": "Feature",
      "id": "local-948337474-0-center-marking",
      "geometry": {
        "type": "LineString",
        "coordinates": [
          [
            118.67844,
            32.003422
          ],
          [
            118.685586,
            32.000726
          ]
        ]
      },
      "properties": {
        "id": "local-948337474-0-center-marking",
        "kind": "centerline",
        "roadId": "local-948337474-0",
        "widthM": 0.16,
        "dashM": 4,
        "gapM": 8,
        "sourceRefs": [
          "osm"
        ],
        "confidence": "estimated"
      }
    },
    {
      "type": "Feature",
      "id": "local-948337475-0-sidewalk-left",
      "geometry": {
        "type": "LineString",
        "coordinates": [
          [
            118.686072,
            32.001221
          ],
          [
            118.682749,
            32.002367
          ]
        ]
      },
      "properties": {
        "id": "local-948337475-0-sidewalk-left",
        "kind": "sidewalk",
        "roadId": "local-948337475-0",
        "side": "left",
        "widthM": 1.8,
        "offsetM": 12.15,
        "sourceRefs": [
          "osm"
        ],
        "confidence": "estimated"
      }
    },
    {
      "type": "Feature",
      "id": "local-948337475-0-sidewalk-right",
      "geometry": {
        "type": "LineString",
        "coordinates": [
          [
            118.686072,
            32.001221
          ],
          [
            118.682749,
            32.002367
          ]
        ]
      },
      "properties": {
        "id": "local-948337475-0-sidewalk-right",
        "kind": "sidewalk",
        "roadId": "local-948337475-0",
        "side": "right",
        "widthM": 1.8,
        "offsetM": 12.15,
        "sourceRefs": [
          "osm",
          "amap",
          "baidu-route-reference"
        ],
        "confidence": "estimated"
      }
    },
    {
      "type": "Feature",
      "id": "local-948337475-0-center-marking",
      "geometry": {
        "type": "LineString",
        "coordinates": [
          [
            118.686072,
            32.001221
          ],
          [
            118.682749,
            32.002367
          ]
        ]
      },
      "properties": {
        "id": "local-948337475-0-center-marking",
        "kind": "centerline",
        "roadId": "local-948337475-0",
        "widthM": 0.16,
        "dashM": 4,
        "gapM": 8,
        "sourceRefs": [
          "osm"
        ],
        "confidence": "estimated"
      }
    },
    {
      "type": "Feature",
      "id": "local-948337476-0-sidewalk-left",
      "geometry": {
        "type": "LineString",
        "coordinates": [
          [
            118.682749,
            32.002367
          ],
          [
            118.680843,
            32.002824
          ]
        ]
      },
      "properties": {
        "id": "local-948337476-0-sidewalk-left",
        "kind": "sidewalk",
        "roadId": "local-948337476-0",
        "side": "left",
        "widthM": 1.8,
        "offsetM": 12.15,
        "sourceRefs": [
          "osm"
        ],
        "confidence": "estimated"
      }
    },
    {
      "type": "Feature",
      "id": "local-948337476-0-sidewalk-right",
      "geometry": {
        "type": "LineString",
        "coordinates": [
          [
            118.682749,
            32.002367
          ],
          [
            118.680843,
            32.002824
          ]
        ]
      },
      "properties": {
        "id": "local-948337476-0-sidewalk-right",
        "kind": "sidewalk",
        "roadId": "local-948337476-0",
        "side": "right",
        "widthM": 1.8,
        "offsetM": 12.15,
        "sourceRefs": [
          "osm",
          "amap",
          "baidu-route-reference"
        ],
        "confidence": "estimated"
      }
    },
    {
      "type": "Feature",
      "id": "local-948337476-0-center-marking",
      "geometry": {
        "type": "LineString",
        "coordinates": [
          [
            118.682749,
            32.002367
          ],
          [
            118.680843,
            32.002824
          ]
        ]
      },
      "properties": {
        "id": "local-948337476-0-center-marking",
        "kind": "centerline",
        "roadId": "local-948337476-0",
        "widthM": 0.16,
        "dashM": 4,
        "gapM": 8,
        "sourceRefs": [
          "osm"
        ],
        "confidence": "estimated"
      }
    },
    {
      "type": "Feature",
      "id": "local-948337477-0-sidewalk-left",
      "geometry": {
        "type": "LineString",
        "coordinates": [
          [
            118.682544,
            32.001975
          ],
          [
            118.685755,
            32.000904
          ]
        ]
      },
      "properties": {
        "id": "local-948337477-0-sidewalk-left",
        "kind": "sidewalk",
        "roadId": "local-948337477-0",
        "side": "left",
        "widthM": 1.8,
        "offsetM": 12.15,
        "sourceRefs": [
          "osm"
        ],
        "confidence": "estimated"
      }
    },
    {
      "type": "Feature",
      "id": "local-948337477-0-sidewalk-right",
      "geometry": {
        "type": "LineString",
        "coordinates": [
          [
            118.682544,
            32.001975
          ],
          [
            118.685755,
            32.000904
          ]
        ]
      },
      "properties": {
        "id": "local-948337477-0-sidewalk-right",
        "kind": "sidewalk",
        "roadId": "local-948337477-0",
        "side": "right",
        "widthM": 1.8,
        "offsetM": 12.15,
        "sourceRefs": [
          "osm",
          "amap",
          "baidu-route-reference"
        ],
        "confidence": "estimated"
      }
    },
    {
      "type": "Feature",
      "id": "local-948337477-0-center-marking",
      "geometry": {
        "type": "LineString",
        "coordinates": [
          [
            118.682544,
            32.001975
          ],
          [
            118.685755,
            32.000904
          ]
        ]
      },
      "properties": {
        "id": "local-948337477-0-center-marking",
        "kind": "centerline",
        "roadId": "local-948337477-0",
        "widthM": 0.16,
        "dashM": 4,
        "gapM": 8,
        "sourceRefs": [
          "osm"
        ],
        "confidence": "estimated"
      }
    },
    {
      "type": "Feature",
      "id": "local-948337478-0-sidewalk-left",
      "geometry": {
        "type": "LineString",
        "coordinates": [
          [
            118.679732,
            32.003062
          ],
          [
            118.682544,
            32.001975
          ]
        ]
      },
      "properties": {
        "id": "local-948337478-0-sidewalk-left",
        "kind": "sidewalk",
        "roadId": "local-948337478-0",
        "side": "left",
        "widthM": 1.8,
        "offsetM": 12.15,
        "sourceRefs": [
          "osm"
        ],
        "confidence": "estimated"
      }
    },
    {
      "type": "Feature",
      "id": "local-948337478-0-sidewalk-right",
      "geometry": {
        "type": "LineString",
        "coordinates": [
          [
            118.679732,
            32.003062
          ],
          [
            118.682544,
            32.001975
          ]
        ]
      },
      "properties": {
        "id": "local-948337478-0-sidewalk-right",
        "kind": "sidewalk",
        "roadId": "local-948337478-0",
        "side": "right",
        "widthM": 1.8,
        "offsetM": 12.15,
        "sourceRefs": [
          "osm",
          "amap",
          "baidu-route-reference"
        ],
        "confidence": "estimated"
      }
    },
    {
      "type": "Feature",
      "id": "local-948337478-0-center-marking",
      "geometry": {
        "type": "LineString",
        "coordinates": [
          [
            118.679732,
            32.003062
          ],
          [
            118.682544,
            32.001975
          ]
        ]
      },
      "properties": {
        "id": "local-948337478-0-center-marking",
        "kind": "centerline",
        "roadId": "local-948337478-0",
        "widthM": 0.16,
        "dashM": 4,
        "gapM": 8,
        "sourceRefs": [
          "osm"
        ],
        "confidence": "estimated"
      }
    },
    {
      "type": "Feature",
      "id": "local-1061061151-0-sidewalk-left",
      "geometry": {
        "type": "LineString",
        "coordinates": [
          [
            118.684932,
            32.00145
          ],
          [
            118.682665,
            32.002226
          ]
        ]
      },
      "properties": {
        "id": "local-1061061151-0-sidewalk-left",
        "kind": "sidewalk",
        "roadId": "local-1061061151-0",
        "side": "left",
        "widthM": 1.8,
        "offsetM": 12.15,
        "sourceRefs": [
          "osm"
        ],
        "confidence": "estimated"
      }
    },
    {
      "type": "Feature",
      "id": "local-1061061151-0-sidewalk-right",
      "geometry": {
        "type": "LineString",
        "coordinates": [
          [
            118.684932,
            32.00145
          ],
          [
            118.682665,
            32.002226
          ]
        ]
      },
      "properties": {
        "id": "local-1061061151-0-sidewalk-right",
        "kind": "sidewalk",
        "roadId": "local-1061061151-0",
        "side": "right",
        "widthM": 1.8,
        "offsetM": 12.15,
        "sourceRefs": [
          "osm",
          "amap",
          "baidu-route-reference"
        ],
        "confidence": "estimated"
      }
    },
    {
      "type": "Feature",
      "id": "local-1061061151-0-center-marking",
      "geometry": {
        "type": "LineString",
        "coordinates": [
          [
            118.684932,
            32.00145
          ],
          [
            118.682665,
            32.002226
          ]
        ]
      },
      "properties": {
        "id": "local-1061061151-0-center-marking",
        "kind": "centerline",
        "roadId": "local-1061061151-0",
        "widthM": 0.16,
        "dashM": 4,
        "gapM": 8,
        "sourceRefs": [
          "osm"
        ],
        "confidence": "estimated"
      }
    },
    {
      "type": "Feature",
      "id": "local-1061061152-0-sidewalk-left",
      "geometry": {
        "type": "LineString",
        "coordinates": [
          [
            118.68262,
            32.002087
          ],
          [
            118.684867,
            32.001322
          ]
        ]
      },
      "properties": {
        "id": "local-1061061152-0-sidewalk-left",
        "kind": "sidewalk",
        "roadId": "local-1061061152-0",
        "side": "left",
        "widthM": 1.8,
        "offsetM": 12.15,
        "sourceRefs": [
          "osm"
        ],
        "confidence": "estimated"
      }
    },
    {
      "type": "Feature",
      "id": "local-1061061152-0-sidewalk-right",
      "geometry": {
        "type": "LineString",
        "coordinates": [
          [
            118.68262,
            32.002087
          ],
          [
            118.684867,
            32.001322
          ]
        ]
      },
      "properties": {
        "id": "local-1061061152-0-sidewalk-right",
        "kind": "sidewalk",
        "roadId": "local-1061061152-0",
        "side": "right",
        "widthM": 1.8,
        "offsetM": 12.15,
        "sourceRefs": [
          "osm",
          "amap",
          "baidu-route-reference"
        ],
        "confidence": "estimated"
      }
    },
    {
      "type": "Feature",
      "id": "local-1061061152-0-center-marking",
      "geometry": {
        "type": "LineString",
        "coordinates": [
          [
            118.68262,
            32.002087
          ],
          [
            118.684867,
            32.001322
          ]
        ]
      },
      "properties": {
        "id": "local-1061061152-0-center-marking",
        "kind": "centerline",
        "roadId": "local-1061061152-0",
        "widthM": 0.16,
        "dashM": 4,
        "gapM": 8,
        "sourceRefs": [
          "osm"
        ],
        "confidence": "estimated"
      }
    },
    {
      "type": "Feature",
      "id": "local-1079466425-0-shared-greenway",
      "geometry": {
        "type": "LineString",
        "coordinates": [
          [
            118.69268,
            31.997899
          ],
          [
            118.694007,
            31.998462
          ],
          [
            118.695694,
            31.999487
          ]
        ]
      },
      "properties": {
        "id": "local-1079466425-0-shared-greenway",
        "kind": "greenway",
        "roadId": "local-1079466425-0",
        "side": "center",
        "widthM": 3.5,
        "offsetM": 0,
        "sourceRefs": [
          "osm"
        ],
        "confidence": "estimated"
      }
    },
    {
      "type": "Feature",
      "id": "local-1084561753-0-sidewalk-left",
      "geometry": {
        "type": "LineString",
        "coordinates": [
          [
            118.680493,
            32.009536
          ],
          [
            118.679694,
            32.008189
          ]
        ]
      },
      "properties": {
        "id": "local-1084561753-0-sidewalk-left",
        "kind": "sidewalk",
        "roadId": "local-1084561753-0",
        "side": "left",
        "widthM": 1.8,
        "offsetM": 4.15,
        "sourceRefs": [
          "osm"
        ],
        "confidence": "estimated"
      }
    },
    {
      "type": "Feature",
      "id": "local-1084561753-0-sidewalk-right",
      "geometry": {
        "type": "LineString",
        "coordinates": [
          [
            118.680493,
            32.009536
          ],
          [
            118.679694,
            32.008189
          ]
        ]
      },
      "properties": {
        "id": "local-1084561753-0-sidewalk-right",
        "kind": "sidewalk",
        "roadId": "local-1084561753-0",
        "side": "right",
        "widthM": 1.8,
        "offsetM": 4.15,
        "sourceRefs": [
          "osm",
          "amap",
          "baidu-route-reference"
        ],
        "confidence": "estimated"
      }
    },
    {
      "type": "Feature",
      "id": "local-1084561756-0-shared-greenway",
      "geometry": {
        "type": "LineString",
        "coordinates": [
          [
            118.699928,
            32.031337
          ],
          [
            118.700745,
            32.032364
          ]
        ]
      },
      "properties": {
        "id": "local-1084561756-0-shared-greenway",
        "kind": "greenway",
        "roadId": "local-1084561756-0",
        "side": "center",
        "widthM": 3.5,
        "offsetM": 0,
        "sourceRefs": [
          "osm"
        ],
        "confidence": "estimated"
      }
    },
    {
      "type": "Feature",
      "id": "local-1084561761-0-shared-greenway",
      "geometry": {
        "type": "LineString",
        "coordinates": [
          [
            118.703874,
            32.031777
          ],
          [
            118.704544,
            32.032401
          ],
          [
            118.704651,
            32.033014
          ],
          [
            118.704779,
            32.033208
          ],
          [
            118.705063,
            32.033377
          ]
        ]
      },
      "properties": {
        "id": "local-1084561761-0-shared-greenway",
        "kind": "greenway",
        "roadId": "local-1084561761-0",
        "side": "center",
        "widthM": 3.5,
        "offsetM": 0,
        "sourceRefs": [
          "osm"
        ],
        "confidence": "estimated"
      }
    },
    {
      "type": "Feature",
      "id": "local-1084561765-0-sidewalk-left",
      "geometry": {
        "type": "LineString",
        "coordinates": [
          [
            118.698692,
            32.034165
          ],
          [
            118.699782,
            32.035326
          ],
          [
            118.700114,
            32.035493
          ],
          [
            118.700593,
            32.03537
          ],
          [
            118.701879,
            32.034534
          ]
        ]
      },
      "properties": {
        "id": "local-1084561765-0-sidewalk-left",
        "kind": "sidewalk",
        "roadId": "local-1084561765-0",
        "side": "left",
        "widthM": 1.8,
        "offsetM": 6.4,
        "sourceRefs": [
          "osm"
        ],
        "confidence": "estimated"
      }
    },
    {
      "type": "Feature",
      "id": "local-1084561765-0-sidewalk-right",
      "geometry": {
        "type": "LineString",
        "coordinates": [
          [
            118.698692,
            32.034165
          ],
          [
            118.699782,
            32.035326
          ],
          [
            118.700114,
            32.035493
          ],
          [
            118.700593,
            32.03537
          ],
          [
            118.701879,
            32.034534
          ]
        ]
      },
      "properties": {
        "id": "local-1084561765-0-sidewalk-right",
        "kind": "sidewalk",
        "roadId": "local-1084561765-0",
        "side": "right",
        "widthM": 1.8,
        "offsetM": 6.4,
        "sourceRefs": [
          "osm",
          "amap",
          "baidu-route-reference"
        ],
        "confidence": "estimated"
      }
    },
    {
      "type": "Feature",
      "id": "local-1084561765-0-center-marking",
      "geometry": {
        "type": "LineString",
        "coordinates": [
          [
            118.698692,
            32.034165
          ],
          [
            118.699782,
            32.035326
          ],
          [
            118.700114,
            32.035493
          ],
          [
            118.700593,
            32.03537
          ],
          [
            118.701879,
            32.034534
          ]
        ]
      },
      "properties": {
        "id": "local-1084561765-0-center-marking",
        "kind": "centerline",
        "roadId": "local-1084561765-0",
        "widthM": 0.16,
        "dashM": 2.5,
        "gapM": 6,
        "sourceRefs": [
          "osm"
        ],
        "confidence": "estimated"
      }
    },
    {
      "type": "Feature",
      "id": "local-1092620877-0-shared-greenway",
      "geometry": {
        "type": "LineString",
        "coordinates": [
          [
            118.697101,
            32.02344
          ],
          [
            118.698012,
            32.023155
          ]
        ]
      },
      "properties": {
        "id": "local-1092620877-0-shared-greenway",
        "kind": "greenway",
        "roadId": "local-1092620877-0",
        "side": "center",
        "widthM": 3.5,
        "offsetM": 0,
        "sourceRefs": [
          "osm"
        ],
        "confidence": "estimated"
      }
    },
    {
      "type": "Feature",
      "id": "local-1092620878-0-shared-greenway",
      "geometry": {
        "type": "LineString",
        "coordinates": [
          [
            118.714484,
            32.050995
          ],
          [
            118.714691,
            32.050897
          ],
          [
            118.714752,
            32.050771
          ],
          [
            118.714671,
            32.050284
          ],
          [
            118.714793,
            32.050157
          ]
        ]
      },
      "properties": {
        "id": "local-1092620878-0-shared-greenway",
        "kind": "greenway",
        "roadId": "local-1092620878-0",
        "side": "center",
        "widthM": 3.5,
        "offsetM": 0,
        "sourceRefs": [
          "osm"
        ],
        "confidence": "estimated"
      }
    },
    {
      "type": "Feature",
      "id": "local-1092630244-0-shared-greenway",
      "geometry": {
        "type": "LineString",
        "coordinates": [
          [
            118.708377,
            32.038233
          ],
          [
            118.708139,
            32.038517
          ],
          [
            118.708306,
            32.039143
          ],
          [
            118.708246,
            32.039361
          ],
          [
            118.708122,
            32.039442
          ]
        ]
      },
      "properties": {
        "id": "local-1092630244-0-shared-greenway",
        "kind": "greenway",
        "roadId": "local-1092630244-0",
        "side": "center",
        "widthM": 3.5,
        "offsetM": 0,
        "sourceRefs": [
          "osm"
        ],
        "confidence": "estimated"
      }
    },
    {
      "type": "Feature",
      "id": "local-1092630250-0-sidewalk-left",
      "geometry": {
        "type": "LineString",
        "coordinates": [
          [
            118.703987,
            32.036678
          ],
          [
            118.705929,
            32.035676
          ]
        ]
      },
      "properties": {
        "id": "local-1092630250-0-sidewalk-left",
        "kind": "sidewalk",
        "roadId": "local-1092630250-0",
        "side": "left",
        "widthM": 1.8,
        "offsetM": 6.4,
        "sourceRefs": [
          "osm"
        ],
        "confidence": "estimated"
      }
    },
    {
      "type": "Feature",
      "id": "local-1092630250-0-sidewalk-right",
      "geometry": {
        "type": "LineString",
        "coordinates": [
          [
            118.703987,
            32.036678
          ],
          [
            118.705929,
            32.035676
          ]
        ]
      },
      "properties": {
        "id": "local-1092630250-0-sidewalk-right",
        "kind": "sidewalk",
        "roadId": "local-1092630250-0",
        "side": "right",
        "widthM": 1.8,
        "offsetM": 6.4,
        "sourceRefs": [
          "osm",
          "amap",
          "baidu-route-reference"
        ],
        "confidence": "estimated"
      }
    },
    {
      "type": "Feature",
      "id": "local-1092630250-0-center-marking",
      "geometry": {
        "type": "LineString",
        "coordinates": [
          [
            118.703987,
            32.036678
          ],
          [
            118.705929,
            32.035676
          ]
        ]
      },
      "properties": {
        "id": "local-1092630250-0-center-marking",
        "kind": "centerline",
        "roadId": "local-1092630250-0",
        "widthM": 0.16,
        "dashM": 2.5,
        "gapM": 6,
        "sourceRefs": [
          "osm"
        ],
        "confidence": "estimated"
      }
    },
    {
      "type": "Feature",
      "id": "local-1092630251-0-sidewalk-left",
      "geometry": {
        "type": "LineString",
        "coordinates": [
          [
            118.70494,
            32.037938
          ],
          [
            118.706707,
            32.037024
          ]
        ]
      },
      "properties": {
        "id": "local-1092630251-0-sidewalk-left",
        "kind": "sidewalk",
        "roadId": "local-1092630251-0",
        "side": "left",
        "widthM": 1.8,
        "offsetM": 6.4,
        "sourceRefs": [
          "osm"
        ],
        "confidence": "estimated"
      }
    },
    {
      "type": "Feature",
      "id": "local-1092630251-0-sidewalk-right",
      "geometry": {
        "type": "LineString",
        "coordinates": [
          [
            118.70494,
            32.037938
          ],
          [
            118.706707,
            32.037024
          ]
        ]
      },
      "properties": {
        "id": "local-1092630251-0-sidewalk-right",
        "kind": "sidewalk",
        "roadId": "local-1092630251-0",
        "side": "right",
        "widthM": 1.8,
        "offsetM": 6.4,
        "sourceRefs": [
          "osm",
          "amap",
          "baidu-route-reference"
        ],
        "confidence": "estimated"
      }
    },
    {
      "type": "Feature",
      "id": "local-1092630251-0-center-marking",
      "geometry": {
        "type": "LineString",
        "coordinates": [
          [
            118.70494,
            32.037938
          ],
          [
            118.706707,
            32.037024
          ]
        ]
      },
      "properties": {
        "id": "local-1092630251-0-center-marking",
        "kind": "centerline",
        "roadId": "local-1092630251-0",
        "widthM": 0.16,
        "dashM": 2.5,
        "gapM": 6,
        "sourceRefs": [
          "osm"
        ],
        "confidence": "estimated"
      }
    },
    {
      "type": "Feature",
      "id": "local-1092630252-0-sidewalk-left",
      "geometry": {
        "type": "LineString",
        "coordinates": [
          [
            118.700326,
            32.040485
          ],
          [
            118.702417,
            32.039389
          ]
        ]
      },
      "properties": {
        "id": "local-1092630252-0-sidewalk-left",
        "kind": "sidewalk",
        "roadId": "local-1092630252-0",
        "side": "left",
        "widthM": 1.8,
        "offsetM": 6.4,
        "sourceRefs": [
          "osm"
        ],
        "confidence": "estimated"
      }
    },
    {
      "type": "Feature",
      "id": "local-1092630252-0-sidewalk-right",
      "geometry": {
        "type": "LineString",
        "coordinates": [
          [
            118.700326,
            32.040485
          ],
          [
            118.702417,
            32.039389
          ]
        ]
      },
      "properties": {
        "id": "local-1092630252-0-sidewalk-right",
        "kind": "sidewalk",
        "roadId": "local-1092630252-0",
        "side": "right",
        "widthM": 1.8,
        "offsetM": 6.4,
        "sourceRefs": [
          "osm",
          "amap",
          "baidu-route-reference"
        ],
        "confidence": "estimated"
      }
    },
    {
      "type": "Feature",
      "id": "local-1092630252-0-center-marking",
      "geometry": {
        "type": "LineString",
        "coordinates": [
          [
            118.700326,
            32.040485
          ],
          [
            118.702417,
            32.039389
          ]
        ]
      },
      "properties": {
        "id": "local-1092630252-0-center-marking",
        "kind": "centerline",
        "roadId": "local-1092630252-0",
        "widthM": 0.16,
        "dashM": 2.5,
        "gapM": 6,
        "sourceRefs": [
          "osm"
        ],
        "confidence": "estimated"
      }
    },
    {
      "type": "Feature",
      "id": "local-1092630253-0-sidewalk-left",
      "geometry": {
        "type": "LineString",
        "coordinates": [
          [
            118.702541,
            32.039267
          ],
          [
            118.704636,
            32.038179
          ]
        ]
      },
      "properties": {
        "id": "local-1092630253-0-sidewalk-left",
        "kind": "sidewalk",
        "roadId": "local-1092630253-0",
        "side": "left",
        "widthM": 1.8,
        "offsetM": 6.4,
        "sourceRefs": [
          "osm"
        ],
        "confidence": "estimated"
      }
    },
    {
      "type": "Feature",
      "id": "local-1092630253-0-sidewalk-right",
      "geometry": {
        "type": "LineString",
        "coordinates": [
          [
            118.702541,
            32.039267
          ],
          [
            118.704636,
            32.038179
          ]
        ]
      },
      "properties": {
        "id": "local-1092630253-0-sidewalk-right",
        "kind": "sidewalk",
        "roadId": "local-1092630253-0",
        "side": "right",
        "widthM": 1.8,
        "offsetM": 6.4,
        "sourceRefs": [
          "osm",
          "amap",
          "baidu-route-reference"
        ],
        "confidence": "estimated"
      }
    },
    {
      "type": "Feature",
      "id": "local-1092630253-0-center-marking",
      "geometry": {
        "type": "LineString",
        "coordinates": [
          [
            118.702541,
            32.039267
          ],
          [
            118.704636,
            32.038179
          ]
        ]
      },
      "properties": {
        "id": "local-1092630253-0-center-marking",
        "kind": "centerline",
        "roadId": "local-1092630253-0",
        "widthM": 0.16,
        "dashM": 2.5,
        "gapM": 6,
        "sourceRefs": [
          "osm"
        ],
        "confidence": "estimated"
      }
    },
    {
      "type": "Feature",
      "id": "local-1092780897-0-shared-greenway",
      "geometry": {
        "type": "LineString",
        "coordinates": [
          [
            118.698527,
            32.029833
          ],
          [
            118.699981,
            32.028816
          ]
        ]
      },
      "properties": {
        "id": "local-1092780897-0-shared-greenway",
        "kind": "greenway",
        "roadId": "local-1092780897-0",
        "side": "center",
        "widthM": 3.5,
        "offsetM": 0,
        "sourceRefs": [
          "osm"
        ],
        "confidence": "estimated"
      }
    },
    {
      "type": "Feature",
      "id": "local-1092780904-0-shared-greenway",
      "geometry": {
        "type": "LineString",
        "coordinates": [
          [
            118.698607,
            32.034057
          ],
          [
            118.700624,
            32.032703
          ]
        ]
      },
      "properties": {
        "id": "local-1092780904-0-shared-greenway",
        "kind": "greenway",
        "roadId": "local-1092780904-0",
        "side": "center",
        "widthM": 3.5,
        "offsetM": 0,
        "sourceRefs": [
          "osm"
        ],
        "confidence": "estimated"
      }
    },
    {
      "type": "Feature",
      "id": "local-1092780905-0-sidewalk-left",
      "geometry": {
        "type": "LineString",
        "coordinates": [
          [
            118.70368,
            32.032771
          ],
          [
            118.701741,
            32.033869
          ]
        ]
      },
      "properties": {
        "id": "local-1092780905-0-sidewalk-left",
        "kind": "sidewalk",
        "roadId": "local-1092780905-0",
        "side": "left",
        "widthM": 1.8,
        "offsetM": 6.4,
        "sourceRefs": [
          "osm"
        ],
        "confidence": "estimated"
      }
    },
    {
      "type": "Feature",
      "id": "local-1092780905-0-sidewalk-right",
      "geometry": {
        "type": "LineString",
        "coordinates": [
          [
            118.70368,
            32.032771
          ],
          [
            118.701741,
            32.033869
          ]
        ]
      },
      "properties": {
        "id": "local-1092780905-0-sidewalk-right",
        "kind": "sidewalk",
        "roadId": "local-1092780905-0",
        "side": "right",
        "widthM": 1.8,
        "offsetM": 6.4,
        "sourceRefs": [
          "osm",
          "amap",
          "baidu-route-reference"
        ],
        "confidence": "estimated"
      }
    },
    {
      "type": "Feature",
      "id": "local-1092780905-0-center-marking",
      "geometry": {
        "type": "LineString",
        "coordinates": [
          [
            118.70368,
            32.032771
          ],
          [
            118.701741,
            32.033869
          ]
        ]
      },
      "properties": {
        "id": "local-1092780905-0-center-marking",
        "kind": "centerline",
        "roadId": "local-1092780905-0",
        "widthM": 0.16,
        "dashM": 2.5,
        "gapM": 6,
        "sourceRefs": [
          "osm"
        ],
        "confidence": "estimated"
      }
    },
    {
      "type": "Feature",
      "id": "local-1093069040-0-sidewalk-left",
      "geometry": {
        "type": "LineString",
        "coordinates": [
          [
            118.693279,
            32.012672
          ],
          [
            118.696079,
            32.012439
          ]
        ]
      },
      "properties": {
        "id": "local-1093069040-0-sidewalk-left",
        "kind": "sidewalk",
        "roadId": "local-1093069040-0",
        "side": "left",
        "widthM": 1.8,
        "offsetM": 4.15,
        "sourceRefs": [
          "osm"
        ],
        "confidence": "estimated"
      }
    },
    {
      "type": "Feature",
      "id": "local-1093069040-0-sidewalk-right",
      "geometry": {
        "type": "LineString",
        "coordinates": [
          [
            118.693279,
            32.012672
          ],
          [
            118.696079,
            32.012439
          ]
        ]
      },
      "properties": {
        "id": "local-1093069040-0-sidewalk-right",
        "kind": "sidewalk",
        "roadId": "local-1093069040-0",
        "side": "right",
        "widthM": 1.8,
        "offsetM": 4.15,
        "sourceRefs": [
          "osm",
          "amap",
          "baidu-route-reference"
        ],
        "confidence": "estimated"
      }
    },
    {
      "type": "Feature",
      "id": "local-1093069042-0-sidewalk-left",
      "geometry": {
        "type": "LineString",
        "coordinates": [
          [
            118.687954,
            32.007906
          ],
          [
            118.688943,
            32.009288
          ]
        ]
      },
      "properties": {
        "id": "local-1093069042-0-sidewalk-left",
        "kind": "sidewalk",
        "roadId": "local-1093069042-0",
        "side": "left",
        "widthM": 1.8,
        "offsetM": 4.15,
        "sourceRefs": [
          "osm"
        ],
        "confidence": "estimated"
      }
    },
    {
      "type": "Feature",
      "id": "local-1093069042-0-sidewalk-right",
      "geometry": {
        "type": "LineString",
        "coordinates": [
          [
            118.687954,
            32.007906
          ],
          [
            118.688943,
            32.009288
          ]
        ]
      },
      "properties": {
        "id": "local-1093069042-0-sidewalk-right",
        "kind": "sidewalk",
        "roadId": "local-1093069042-0",
        "side": "right",
        "widthM": 1.8,
        "offsetM": 4.15,
        "sourceRefs": [
          "osm",
          "amap",
          "baidu-route-reference"
        ],
        "confidence": "estimated"
      }
    },
    {
      "type": "Feature",
      "id": "local-1093069043-0-sidewalk-left",
      "geometry": {
        "type": "LineString",
        "coordinates": [
          [
            118.678782,
            32.010211
          ],
          [
            118.682014,
            32.008777
          ]
        ]
      },
      "properties": {
        "id": "local-1093069043-0-sidewalk-left",
        "kind": "sidewalk",
        "roadId": "local-1093069043-0",
        "side": "left",
        "widthM": 1.8,
        "offsetM": 6.4,
        "sourceRefs": [
          "osm"
        ],
        "confidence": "estimated"
      }
    },
    {
      "type": "Feature",
      "id": "local-1093069043-0-sidewalk-right",
      "geometry": {
        "type": "LineString",
        "coordinates": [
          [
            118.678782,
            32.010211
          ],
          [
            118.682014,
            32.008777
          ]
        ]
      },
      "properties": {
        "id": "local-1093069043-0-sidewalk-right",
        "kind": "sidewalk",
        "roadId": "local-1093069043-0",
        "side": "right",
        "widthM": 1.8,
        "offsetM": 6.4,
        "sourceRefs": [
          "osm",
          "amap",
          "baidu-route-reference"
        ],
        "confidence": "estimated"
      }
    },
    {
      "type": "Feature",
      "id": "local-1093069043-0-center-marking",
      "geometry": {
        "type": "LineString",
        "coordinates": [
          [
            118.678782,
            32.010211
          ],
          [
            118.682014,
            32.008777
          ]
        ]
      },
      "properties": {
        "id": "local-1093069043-0-center-marking",
        "kind": "centerline",
        "roadId": "local-1093069043-0",
        "widthM": 0.16,
        "dashM": 2.5,
        "gapM": 6,
        "sourceRefs": [
          "osm"
        ],
        "confidence": "estimated"
      }
    },
    {
      "type": "Feature",
      "id": "local-1093069044-0-sidewalk-left",
      "geometry": {
        "type": "LineString",
        "coordinates": [
          [
            118.682362,
            32.008586
          ],
          [
            118.687702,
            32.005592
          ],
          [
            118.691214,
            32.003146
          ]
        ]
      },
      "properties": {
        "id": "local-1093069044-0-sidewalk-left",
        "kind": "sidewalk",
        "roadId": "local-1093069044-0",
        "side": "left",
        "widthM": 1.8,
        "offsetM": 6.4,
        "sourceRefs": [
          "osm"
        ],
        "confidence": "estimated"
      }
    },
    {
      "type": "Feature",
      "id": "local-1093069044-0-sidewalk-right",
      "geometry": {
        "type": "LineString",
        "coordinates": [
          [
            118.682362,
            32.008586
          ],
          [
            118.687702,
            32.005592
          ],
          [
            118.691214,
            32.003146
          ]
        ]
      },
      "properties": {
        "id": "local-1093069044-0-sidewalk-right",
        "kind": "sidewalk",
        "roadId": "local-1093069044-0",
        "side": "right",
        "widthM": 1.8,
        "offsetM": 6.4,
        "sourceRefs": [
          "osm",
          "amap",
          "baidu-route-reference"
        ],
        "confidence": "estimated"
      }
    },
    {
      "type": "Feature",
      "id": "local-1093069044-0-center-marking",
      "geometry": {
        "type": "LineString",
        "coordinates": [
          [
            118.682362,
            32.008586
          ],
          [
            118.687702,
            32.005592
          ],
          [
            118.691214,
            32.003146
          ]
        ]
      },
      "properties": {
        "id": "local-1093069044-0-center-marking",
        "kind": "centerline",
        "roadId": "local-1093069044-0",
        "widthM": 0.16,
        "dashM": 2.5,
        "gapM": 6,
        "sourceRefs": [
          "osm"
        ],
        "confidence": "estimated"
      }
    },
    {
      "type": "Feature",
      "id": "local-1093069046-0-sidewalk-left",
      "geometry": {
        "type": "LineString",
        "coordinates": [
          [
            118.691398,
            32.003017
          ],
          [
            118.696072,
            31.99972
          ]
        ]
      },
      "properties": {
        "id": "local-1093069046-0-sidewalk-left",
        "kind": "sidewalk",
        "roadId": "local-1093069046-0",
        "side": "left",
        "widthM": 1.8,
        "offsetM": 6.4,
        "sourceRefs": [
          "osm"
        ],
        "confidence": "estimated"
      }
    },
    {
      "type": "Feature",
      "id": "local-1093069046-0-sidewalk-right",
      "geometry": {
        "type": "LineString",
        "coordinates": [
          [
            118.691398,
            32.003017
          ],
          [
            118.696072,
            31.99972
          ]
        ]
      },
      "properties": {
        "id": "local-1093069046-0-sidewalk-right",
        "kind": "sidewalk",
        "roadId": "local-1093069046-0",
        "side": "right",
        "widthM": 1.8,
        "offsetM": 6.4,
        "sourceRefs": [
          "osm",
          "amap",
          "baidu-route-reference"
        ],
        "confidence": "estimated"
      }
    },
    {
      "type": "Feature",
      "id": "local-1093069046-0-center-marking",
      "geometry": {
        "type": "LineString",
        "coordinates": [
          [
            118.691398,
            32.003017
          ],
          [
            118.696072,
            31.99972
          ]
        ]
      },
      "properties": {
        "id": "local-1093069046-0-center-marking",
        "kind": "centerline",
        "roadId": "local-1093069046-0",
        "widthM": 0.16,
        "dashM": 2.5,
        "gapM": 6,
        "sourceRefs": [
          "osm"
        ],
        "confidence": "estimated"
      }
    },
    {
      "type": "Feature",
      "id": "local-1097168758-0-sidewalk-left",
      "geometry": {
        "type": "LineString",
        "coordinates": [
          [
            118.676397,
            32.01124
          ],
          [
            118.678497,
            32.010336
          ]
        ]
      },
      "properties": {
        "id": "local-1097168758-0-sidewalk-left",
        "kind": "sidewalk",
        "roadId": "local-1097168758-0",
        "side": "left",
        "widthM": 1.8,
        "offsetM": 6.4,
        "sourceRefs": [
          "osm"
        ],
        "confidence": "estimated"
      }
    },
    {
      "type": "Feature",
      "id": "local-1097168758-0-sidewalk-right",
      "geometry": {
        "type": "LineString",
        "coordinates": [
          [
            118.676397,
            32.01124
          ],
          [
            118.678497,
            32.010336
          ]
        ]
      },
      "properties": {
        "id": "local-1097168758-0-sidewalk-right",
        "kind": "sidewalk",
        "roadId": "local-1097168758-0",
        "side": "right",
        "widthM": 1.8,
        "offsetM": 6.4,
        "sourceRefs": [
          "osm",
          "amap",
          "baidu-route-reference"
        ],
        "confidence": "estimated"
      }
    },
    {
      "type": "Feature",
      "id": "local-1097168758-0-center-marking",
      "geometry": {
        "type": "LineString",
        "coordinates": [
          [
            118.676397,
            32.01124
          ],
          [
            118.678497,
            32.010336
          ]
        ]
      },
      "properties": {
        "id": "local-1097168758-0-center-marking",
        "kind": "centerline",
        "roadId": "local-1097168758-0",
        "widthM": 0.16,
        "dashM": 2.5,
        "gapM": 6,
        "sourceRefs": [
          "osm"
        ],
        "confidence": "estimated"
      }
    },
    {
      "type": "Feature",
      "id": "local-1289020926-0-sidewalk-left",
      "geometry": {
        "type": "LineString",
        "coordinates": [
          [
            118.694112,
            32.007026
          ],
          [
            118.692303,
            32.00798
          ]
        ]
      },
      "properties": {
        "id": "local-1289020926-0-sidewalk-left",
        "kind": "sidewalk",
        "roadId": "local-1289020926-0",
        "side": "left",
        "widthM": 1.8,
        "offsetM": 4.15,
        "sourceRefs": [
          "osm"
        ],
        "confidence": "estimated"
      }
    },
    {
      "type": "Feature",
      "id": "local-1289020926-0-sidewalk-right",
      "geometry": {
        "type": "LineString",
        "coordinates": [
          [
            118.694112,
            32.007026
          ],
          [
            118.692303,
            32.00798
          ]
        ]
      },
      "properties": {
        "id": "local-1289020926-0-sidewalk-right",
        "kind": "sidewalk",
        "roadId": "local-1289020926-0",
        "side": "right",
        "widthM": 1.8,
        "offsetM": 4.15,
        "sourceRefs": [
          "osm",
          "amap",
          "baidu-route-reference"
        ],
        "confidence": "estimated"
      }
    },
    {
      "type": "Feature",
      "id": "local-1289020928-0-sidewalk-left",
      "geometry": {
        "type": "LineString",
        "coordinates": [
          [
            118.694914,
            32.004292
          ],
          [
            118.693112,
            32.001821
          ]
        ]
      },
      "properties": {
        "id": "local-1289020928-0-sidewalk-left",
        "kind": "sidewalk",
        "roadId": "local-1289020928-0",
        "side": "left",
        "widthM": 1.8,
        "offsetM": 4.15,
        "sourceRefs": [
          "osm"
        ],
        "confidence": "estimated"
      }
    },
    {
      "type": "Feature",
      "id": "local-1289020928-0-sidewalk-right",
      "geometry": {
        "type": "LineString",
        "coordinates": [
          [
            118.694914,
            32.004292
          ],
          [
            118.693112,
            32.001821
          ]
        ]
      },
      "properties": {
        "id": "local-1289020928-0-sidewalk-right",
        "kind": "sidewalk",
        "roadId": "local-1289020928-0",
        "side": "right",
        "widthM": 1.8,
        "offsetM": 4.15,
        "sourceRefs": [
          "osm",
          "amap",
          "baidu-route-reference"
        ],
        "confidence": "estimated"
      }
    },
    {
      "type": "Feature",
      "id": "local-1350651994-0-shared-greenway",
      "geometry": {
        "type": "LineString",
        "coordinates": [
          [
            118.697767,
            32.002099
          ],
          [
            118.697584,
            32.002122
          ],
          [
            118.697411,
            32.002269
          ],
          [
            118.696986,
            32.001767
          ],
          [
            118.696727,
            32.001229
          ]
        ]
      },
      "properties": {
        "id": "local-1350651994-0-shared-greenway",
        "kind": "greenway",
        "roadId": "local-1350651994-0",
        "side": "center",
        "widthM": 3.5,
        "offsetM": 0,
        "sourceRefs": [
          "osm"
        ],
        "confidence": "estimated"
      }
    },
    {
      "type": "Feature",
      "id": "local-1525886581-0-sidewalk-left",
      "geometry": {
        "type": "LineString",
        "coordinates": [
          [
            118.678301,
            32.003861
          ],
          [
            118.673448,
            32.005538
          ]
        ]
      },
      "properties": {
        "id": "local-1525886581-0-sidewalk-left",
        "kind": "sidewalk",
        "roadId": "local-1525886581-0",
        "side": "left",
        "widthM": 1.8,
        "offsetM": 9.15,
        "sourceRefs": [
          "osm"
        ],
        "confidence": "estimated"
      }
    },
    {
      "type": "Feature",
      "id": "local-1525886581-0-sidewalk-right",
      "geometry": {
        "type": "LineString",
        "coordinates": [
          [
            118.678301,
            32.003861
          ],
          [
            118.673448,
            32.005538
          ]
        ]
      },
      "properties": {
        "id": "local-1525886581-0-sidewalk-right",
        "kind": "sidewalk",
        "roadId": "local-1525886581-0",
        "side": "right",
        "widthM": 1.8,
        "offsetM": 9.15,
        "sourceRefs": [
          "osm",
          "amap",
          "baidu-route-reference"
        ],
        "confidence": "estimated"
      }
    },
    {
      "type": "Feature",
      "id": "local-1525886581-0-center-marking",
      "geometry": {
        "type": "LineString",
        "coordinates": [
          [
            118.678301,
            32.003861
          ],
          [
            118.673448,
            32.005538
          ]
        ]
      },
      "properties": {
        "id": "local-1525886581-0-center-marking",
        "kind": "centerline",
        "roadId": "local-1525886581-0",
        "widthM": 0.16,
        "dashM": 4,
        "gapM": 8,
        "sourceRefs": [
          "osm"
        ],
        "confidence": "estimated"
      }
    },
    {
      "type": "Feature",
      "id": "local-1525886583-0-sidewalk-left",
      "geometry": {
        "type": "LineString",
        "coordinates": [
          [
            118.673283,
            32.005192
          ],
          [
            118.678056,
            32.003577
          ]
        ]
      },
      "properties": {
        "id": "local-1525886583-0-sidewalk-left",
        "kind": "sidewalk",
        "roadId": "local-1525886583-0",
        "side": "left",
        "widthM": 1.8,
        "offsetM": 9.15,
        "sourceRefs": [
          "osm"
        ],
        "confidence": "estimated"
      }
    },
    {
      "type": "Feature",
      "id": "local-1525886583-0-sidewalk-right",
      "geometry": {
        "type": "LineString",
        "coordinates": [
          [
            118.673283,
            32.005192
          ],
          [
            118.678056,
            32.003577
          ]
        ]
      },
      "properties": {
        "id": "local-1525886583-0-sidewalk-right",
        "kind": "sidewalk",
        "roadId": "local-1525886583-0",
        "side": "right",
        "widthM": 1.8,
        "offsetM": 9.15,
        "sourceRefs": [
          "osm",
          "amap",
          "baidu-route-reference"
        ],
        "confidence": "estimated"
      }
    },
    {
      "type": "Feature",
      "id": "local-1525886583-0-center-marking",
      "geometry": {
        "type": "LineString",
        "coordinates": [
          [
            118.673283,
            32.005192
          ],
          [
            118.678056,
            32.003577
          ]
        ]
      },
      "properties": {
        "id": "local-1525886583-0-center-marking",
        "kind": "centerline",
        "roadId": "local-1525886583-0",
        "widthM": 0.16,
        "dashM": 4,
        "gapM": 8,
        "sourceRefs": [
          "osm"
        ],
        "confidence": "estimated"
      }
    },
    {
      "type": "Feature",
      "id": "local-1525886594-0-sidewalk-left",
      "geometry": {
        "type": "LineString",
        "coordinates": [
          [
            118.675799,
            31.992386
          ],
          [
            118.676084,
            31.99258
          ],
          [
            118.676712,
            31.991905
          ]
        ]
      },
      "properties": {
        "id": "local-1525886594-0-sidewalk-left",
        "kind": "sidewalk",
        "roadId": "local-1525886594-0",
        "side": "left",
        "widthM": 1.8,
        "offsetM": 4.15,
        "sourceRefs": [
          "osm"
        ],
        "confidence": "estimated"
      }
    },
    {
      "type": "Feature",
      "id": "local-1525886594-0-sidewalk-right",
      "geometry": {
        "type": "LineString",
        "coordinates": [
          [
            118.675799,
            31.992386
          ],
          [
            118.676084,
            31.99258
          ],
          [
            118.676712,
            31.991905
          ]
        ]
      },
      "properties": {
        "id": "local-1525886594-0-sidewalk-right",
        "kind": "sidewalk",
        "roadId": "local-1525886594-0",
        "side": "right",
        "widthM": 1.8,
        "offsetM": 4.15,
        "sourceRefs": [
          "osm",
          "amap",
          "baidu-route-reference"
        ],
        "confidence": "estimated"
      }
    },
    {
      "type": "Feature",
      "id": "road-node-1-crossing",
      "geometry": {
        "type": "Point",
        "coordinates": [
          118.686423,
          32.014116
        ]
      },
      "properties": {
        "id": "road-node-1-crossing",
        "kind": "junction-marking",
        "nodeId": "road-node-1",
        "widthM": 8,
        "sourceRefs": [
          "osm",
          "amap",
          "baidu-route-reference"
        ],
        "confidence": "estimated"
      }
    },
    {
      "type": "Feature",
      "id": "road-node-2-crossing",
      "geometry": {
        "type": "Point",
        "coordinates": [
          118.693107,
          32.011082
        ]
      },
      "properties": {
        "id": "road-node-2-crossing",
        "kind": "junction-marking",
        "nodeId": "road-node-2",
        "widthM": 8,
        "sourceRefs": [
          "osm",
          "amap",
          "baidu-route-reference"
        ],
        "confidence": "estimated"
      }
    },
    {
      "type": "Feature",
      "id": "road-node-3-crossing",
      "geometry": {
        "type": "Point",
        "coordinates": [
          118.681955,
          32.016377
        ]
      },
      "properties": {
        "id": "road-node-3-crossing",
        "kind": "junction-marking",
        "nodeId": "road-node-3",
        "widthM": 8,
        "sourceRefs": [
          "osm",
          "amap",
          "baidu-route-reference"
        ],
        "confidence": "estimated"
      }
    },
    {
      "type": "Feature",
      "id": "road-node-4-crossing",
      "geometry": {
        "type": "Point",
        "coordinates": [
          118.686133,
          32.014271
        ]
      },
      "properties": {
        "id": "road-node-4-crossing",
        "kind": "junction-marking",
        "nodeId": "road-node-4",
        "widthM": 8,
        "sourceRefs": [
          "osm",
          "amap",
          "baidu-route-reference"
        ],
        "confidence": "estimated"
      }
    },
    {
      "type": "Feature",
      "id": "road-node-5-crossing",
      "geometry": {
        "type": "Point",
        "coordinates": [
          118.686324,
          32.014168
        ]
      },
      "properties": {
        "id": "road-node-5-crossing",
        "kind": "junction-marking",
        "nodeId": "road-node-5",
        "widthM": 8,
        "sourceRefs": [
          "osm",
          "amap",
          "baidu-route-reference"
        ],
        "confidence": "estimated"
      }
    },
    {
      "type": "Feature",
      "id": "road-node-6-crossing",
      "geometry": {
        "type": "Point",
        "coordinates": [
          118.679807,
          32.017464
        ]
      },
      "properties": {
        "id": "road-node-6-crossing",
        "kind": "junction-marking",
        "nodeId": "road-node-6",
        "widthM": 8,
        "sourceRefs": [
          "osm",
          "amap",
          "baidu-route-reference"
        ],
        "confidence": "estimated"
      }
    },
    {
      "type": "Feature",
      "id": "road-node-7-crossing",
      "geometry": {
        "type": "Point",
        "coordinates": [
          118.691755,
          32.039893
        ]
      },
      "properties": {
        "id": "road-node-7-crossing",
        "kind": "junction-marking",
        "nodeId": "road-node-7",
        "widthM": 8,
        "sourceRefs": [
          "osm",
          "amap",
          "baidu-route-reference"
        ],
        "confidence": "estimated"
      }
    },
    {
      "type": "Feature",
      "id": "road-node-8-crossing",
      "geometry": {
        "type": "Point",
        "coordinates": [
          118.720235,
          32.063418
        ]
      },
      "properties": {
        "id": "road-node-8-crossing",
        "kind": "junction-marking",
        "nodeId": "road-node-8",
        "widthM": 8,
        "sourceRefs": [
          "osm",
          "amap",
          "baidu-route-reference"
        ],
        "confidence": "estimated"
      }
    },
    {
      "type": "Feature",
      "id": "road-node-9-crossing",
      "geometry": {
        "type": "Point",
        "coordinates": [
          118.666487,
          31.987994
        ]
      },
      "properties": {
        "id": "road-node-9-crossing",
        "kind": "junction-marking",
        "nodeId": "road-node-9",
        "widthM": 8,
        "sourceRefs": [
          "osm",
          "amap",
          "baidu-route-reference"
        ],
        "confidence": "estimated"
      }
    },
    {
      "type": "Feature",
      "id": "road-node-10-crossing",
      "geometry": {
        "type": "Point",
        "coordinates": [
          118.70472,
          32.033524
        ]
      },
      "properties": {
        "id": "road-node-10-crossing",
        "kind": "junction-marking",
        "nodeId": "road-node-10",
        "widthM": 8,
        "sourceRefs": [
          "osm",
          "amap",
          "baidu-route-reference"
        ],
        "confidence": "estimated"
      }
    },
    {
      "type": "Feature",
      "id": "road-node-11-crossing",
      "geometry": {
        "type": "Point",
        "coordinates": [
          118.696959,
          32.011438
        ]
      },
      "properties": {
        "id": "road-node-11-crossing",
        "kind": "junction-marking",
        "nodeId": "road-node-11",
        "widthM": 8,
        "sourceRefs": [
          "osm",
          "amap",
          "baidu-route-reference"
        ],
        "confidence": "estimated"
      }
    },
    {
      "type": "Feature",
      "id": "road-node-16-crossing",
      "geometry": {
        "type": "Point",
        "coordinates": [
          118.69894,
          32.034532
        ]
      },
      "properties": {
        "id": "road-node-16-crossing",
        "kind": "junction-marking",
        "nodeId": "road-node-16",
        "widthM": 8,
        "sourceRefs": [
          "osm",
          "amap",
          "baidu-route-reference"
        ],
        "confidence": "estimated"
      }
    },
    {
      "type": "Feature",
      "id": "road-node-17-crossing",
      "geometry": {
        "type": "Point",
        "coordinates": [
          118.701163,
          32.037383
        ]
      },
      "properties": {
        "id": "road-node-17-crossing",
        "kind": "junction-marking",
        "nodeId": "road-node-17",
        "widthM": 8,
        "sourceRefs": [
          "osm",
          "amap",
          "baidu-route-reference"
        ],
        "confidence": "estimated"
      }
    },
    {
      "type": "Feature",
      "id": "road-node-19-crossing",
      "geometry": {
        "type": "Point",
        "coordinates": [
          118.699211,
          32.034989
        ]
      },
      "properties": {
        "id": "road-node-19-crossing",
        "kind": "junction-marking",
        "nodeId": "road-node-19",
        "widthM": 8,
        "sourceRefs": [
          "osm",
          "amap",
          "baidu-route-reference"
        ],
        "confidence": "estimated"
      }
    },
    {
      "type": "Feature",
      "id": "road-node-20-crossing",
      "geometry": {
        "type": "Point",
        "coordinates": [
          118.697166,
          32.032164
        ]
      },
      "properties": {
        "id": "road-node-20-crossing",
        "kind": "junction-marking",
        "nodeId": "road-node-20",
        "widthM": 8,
        "sourceRefs": [
          "osm",
          "amap",
          "baidu-route-reference"
        ],
        "confidence": "estimated"
      }
    },
    {
      "type": "Feature",
      "id": "road-node-21-crossing",
      "geometry": {
        "type": "Point",
        "coordinates": [
          118.698692,
          32.034165
        ]
      },
      "properties": {
        "id": "road-node-21-crossing",
        "kind": "junction-marking",
        "nodeId": "road-node-21",
        "widthM": 8,
        "sourceRefs": [
          "osm",
          "amap",
          "baidu-route-reference"
        ],
        "confidence": "estimated"
      }
    },
    {
      "type": "Feature",
      "id": "road-node-22-crossing",
      "geometry": {
        "type": "Point",
        "coordinates": [
          118.701421,
          32.037656
        ]
      },
      "properties": {
        "id": "road-node-22-crossing",
        "kind": "junction-marking",
        "nodeId": "road-node-22",
        "widthM": 8,
        "sourceRefs": [
          "osm",
          "amap",
          "baidu-route-reference"
        ],
        "confidence": "estimated"
      }
    },
    {
      "type": "Feature",
      "id": "road-node-24-crossing",
      "geometry": {
        "type": "Point",
        "coordinates": [
          118.698499,
          32.034169
        ]
      },
      "properties": {
        "id": "road-node-24-crossing",
        "kind": "junction-marking",
        "nodeId": "road-node-24",
        "widthM": 8,
        "sourceRefs": [
          "osm",
          "amap",
          "baidu-route-reference"
        ],
        "confidence": "estimated"
      }
    },
    {
      "type": "Feature",
      "id": "road-node-25-crossing",
      "geometry": {
        "type": "Point",
        "coordinates": [
          118.697828,
          32.033318
        ]
      },
      "properties": {
        "id": "road-node-25-crossing",
        "kind": "junction-marking",
        "nodeId": "road-node-25",
        "widthM": 8,
        "sourceRefs": [
          "osm",
          "amap",
          "baidu-route-reference"
        ],
        "confidence": "estimated"
      }
    },
    {
      "type": "Feature",
      "id": "road-node-26-crossing",
      "geometry": {
        "type": "Point",
        "coordinates": [
          118.69403,
          32.028115
        ]
      },
      "properties": {
        "id": "road-node-26-crossing",
        "kind": "junction-marking",
        "nodeId": "road-node-26",
        "widthM": 8,
        "sourceRefs": [
          "osm",
          "amap",
          "baidu-route-reference"
        ],
        "confidence": "estimated"
      }
    },
    {
      "type": "Feature",
      "id": "road-node-27-crossing",
      "geometry": {
        "type": "Point",
        "coordinates": [
          118.693866,
          32.028234
        ]
      },
      "properties": {
        "id": "road-node-27-crossing",
        "kind": "junction-marking",
        "nodeId": "road-node-27",
        "widthM": 8,
        "sourceRefs": [
          "osm",
          "amap",
          "baidu-route-reference"
        ],
        "confidence": "estimated"
      }
    },
    {
      "type": "Feature",
      "id": "road-node-28-crossing",
      "geometry": {
        "type": "Point",
        "coordinates": [
          118.690877,
          32.006371
        ]
      },
      "properties": {
        "id": "road-node-28-crossing",
        "kind": "junction-marking",
        "nodeId": "road-node-28",
        "widthM": 8,
        "sourceRefs": [
          "osm",
          "amap",
          "baidu-route-reference"
        ],
        "confidence": "estimated"
      }
    },
    {
      "type": "Feature",
      "id": "road-node-29-crossing",
      "geometry": {
        "type": "Point",
        "coordinates": [
          118.679336,
          31.995659
        ]
      },
      "properties": {
        "id": "road-node-29-crossing",
        "kind": "junction-marking",
        "nodeId": "road-node-29",
        "widthM": 8,
        "sourceRefs": [
          "osm",
          "amap",
          "baidu-route-reference"
        ],
        "confidence": "estimated"
      }
    },
    {
      "type": "Feature",
      "id": "road-node-30-crossing",
      "geometry": {
        "type": "Point",
        "coordinates": [
          118.679414,
          31.995523
        ]
      },
      "properties": {
        "id": "road-node-30-crossing",
        "kind": "junction-marking",
        "nodeId": "road-node-30",
        "widthM": 8,
        "sourceRefs": [
          "osm",
          "amap",
          "baidu-route-reference"
        ],
        "confidence": "estimated"
      }
    },
    {
      "type": "Feature",
      "id": "road-node-31-crossing",
      "geometry": {
        "type": "Point",
        "coordinates": [
          118.69104,
          32.006281
        ]
      },
      "properties": {
        "id": "road-node-31-crossing",
        "kind": "junction-marking",
        "nodeId": "road-node-31",
        "widthM": 8,
        "sourceRefs": [
          "osm",
          "amap",
          "baidu-route-reference"
        ],
        "confidence": "estimated"
      }
    },
    {
      "type": "Feature",
      "id": "road-node-33-crossing",
      "geometry": {
        "type": "Point",
        "coordinates": [
          118.701268,
          32.037757
        ]
      },
      "properties": {
        "id": "road-node-33-crossing",
        "kind": "junction-marking",
        "nodeId": "road-node-33",
        "widthM": 8,
        "sourceRefs": [
          "osm",
          "amap",
          "baidu-route-reference"
        ],
        "confidence": "estimated"
      }
    },
    {
      "type": "Feature",
      "id": "road-node-34-crossing",
      "geometry": {
        "type": "Point",
        "coordinates": [
          118.691163,
          32.024029
        ]
      },
      "properties": {
        "id": "road-node-34-crossing",
        "kind": "junction-marking",
        "nodeId": "road-node-34",
        "widthM": 8,
        "sourceRefs": [
          "osm",
          "amap",
          "baidu-route-reference"
        ],
        "confidence": "estimated"
      }
    },
    {
      "type": "Feature",
      "id": "road-node-35-crossing",
      "geometry": {
        "type": "Point",
        "coordinates": [
          118.691123,
          32.023628
        ]
      },
      "properties": {
        "id": "road-node-35-crossing",
        "kind": "junction-marking",
        "nodeId": "road-node-35",
        "widthM": 8,
        "sourceRefs": [
          "osm",
          "amap",
          "baidu-route-reference"
        ],
        "confidence": "estimated"
      }
    },
    {
      "type": "Feature",
      "id": "road-node-36-crossing",
      "geometry": {
        "type": "Point",
        "coordinates": [
          118.691152,
          32.023173
        ]
      },
      "properties": {
        "id": "road-node-36-crossing",
        "kind": "junction-marking",
        "nodeId": "road-node-36",
        "widthM": 8,
        "sourceRefs": [
          "osm",
          "amap",
          "baidu-route-reference"
        ],
        "confidence": "estimated"
      }
    },
    {
      "type": "Feature",
      "id": "road-node-37-crossing",
      "geometry": {
        "type": "Point",
        "coordinates": [
          118.691314,
          32.023501
        ]
      },
      "properties": {
        "id": "road-node-37-crossing",
        "kind": "junction-marking",
        "nodeId": "road-node-37",
        "widthM": 8,
        "sourceRefs": [
          "osm",
          "amap",
          "baidu-route-reference"
        ],
        "confidence": "estimated"
      }
    },
    {
      "type": "Feature",
      "id": "road-node-38-crossing",
      "geometry": {
        "type": "Point",
        "coordinates": [
          118.693845,
          32.027878
        ]
      },
      "properties": {
        "id": "road-node-38-crossing",
        "kind": "junction-marking",
        "nodeId": "road-node-38",
        "widthM": 8,
        "sourceRefs": [
          "osm",
          "amap",
          "baidu-route-reference"
        ],
        "confidence": "estimated"
      }
    },
    {
      "type": "Feature",
      "id": "road-node-39-crossing",
      "geometry": {
        "type": "Point",
        "coordinates": [
          118.691367,
          32.023028
        ]
      },
      "properties": {
        "id": "road-node-39-crossing",
        "kind": "junction-marking",
        "nodeId": "road-node-39",
        "widthM": 8,
        "sourceRefs": [
          "osm",
          "amap",
          "baidu-route-reference"
        ],
        "confidence": "estimated"
      }
    },
    {
      "type": "Feature",
      "id": "road-node-40-crossing",
      "geometry": {
        "type": "Point",
        "coordinates": [
          118.691283,
          32.022644
        ]
      },
      "properties": {
        "id": "road-node-40-crossing",
        "kind": "junction-marking",
        "nodeId": "road-node-40",
        "widthM": 8,
        "sourceRefs": [
          "osm",
          "amap",
          "baidu-route-reference"
        ],
        "confidence": "estimated"
      }
    },
    {
      "type": "Feature",
      "id": "road-node-41-crossing",
      "geometry": {
        "type": "Point",
        "coordinates": [
          118.692086,
          32.020399
        ]
      },
      "properties": {
        "id": "road-node-41-crossing",
        "kind": "junction-marking",
        "nodeId": "road-node-41",
        "widthM": 8,
        "sourceRefs": [
          "osm",
          "amap",
          "baidu-route-reference"
        ],
        "confidence": "estimated"
      }
    },
    {
      "type": "Feature",
      "id": "road-node-42-crossing",
      "geometry": {
        "type": "Point",
        "coordinates": [
          118.692218,
          32.020012
        ]
      },
      "properties": {
        "id": "road-node-42-crossing",
        "kind": "junction-marking",
        "nodeId": "road-node-42",
        "widthM": 8,
        "sourceRefs": [
          "osm",
          "amap",
          "baidu-route-reference"
        ],
        "confidence": "estimated"
      }
    },
    {
      "type": "Feature",
      "id": "road-node-43-crossing",
      "geometry": {
        "type": "Point",
        "coordinates": [
          118.692212,
          32.020517
        ]
      },
      "properties": {
        "id": "road-node-43-crossing",
        "kind": "junction-marking",
        "nodeId": "road-node-43",
        "widthM": 8,
        "sourceRefs": [
          "osm",
          "amap",
          "baidu-route-reference"
        ],
        "confidence": "estimated"
      }
    },
    {
      "type": "Feature",
      "id": "road-node-44-crossing",
      "geometry": {
        "type": "Point",
        "coordinates": [
          118.692361,
          32.020125
        ]
      },
      "properties": {
        "id": "road-node-44-crossing",
        "kind": "junction-marking",
        "nodeId": "road-node-44",
        "widthM": 8,
        "sourceRefs": [
          "osm",
          "amap",
          "baidu-route-reference"
        ],
        "confidence": "estimated"
      }
    },
    {
      "type": "Feature",
      "id": "road-node-45-crossing",
      "geometry": {
        "type": "Point",
        "coordinates": [
          118.69368,
          32.028
        ]
      },
      "properties": {
        "id": "road-node-45-crossing",
        "kind": "junction-marking",
        "nodeId": "road-node-45",
        "widthM": 8,
        "sourceRefs": [
          "osm",
          "amap",
          "baidu-route-reference"
        ],
        "confidence": "estimated"
      }
    },
    {
      "type": "Feature",
      "id": "road-node-46-crossing",
      "geometry": {
        "type": "Point",
        "coordinates": [
          118.693242,
          32.014198
        ]
      },
      "properties": {
        "id": "road-node-46-crossing",
        "kind": "junction-marking",
        "nodeId": "road-node-46",
        "widthM": 8,
        "sourceRefs": [
          "osm",
          "amap",
          "baidu-route-reference"
        ],
        "confidence": "estimated"
      }
    },
    {
      "type": "Feature",
      "id": "road-node-47-crossing",
      "geometry": {
        "type": "Point",
        "coordinates": [
          118.693206,
          32.012106
        ]
      },
      "properties": {
        "id": "road-node-47-crossing",
        "kind": "junction-marking",
        "nodeId": "road-node-47",
        "widthM": 8,
        "sourceRefs": [
          "osm",
          "amap",
          "baidu-route-reference"
        ],
        "confidence": "estimated"
      }
    },
    {
      "type": "Feature",
      "id": "road-node-49-crossing",
      "geometry": {
        "type": "Point",
        "coordinates": [
          118.679219,
          31.995352
        ]
      },
      "properties": {
        "id": "road-node-49-crossing",
        "kind": "junction-marking",
        "nodeId": "road-node-49",
        "widthM": 8,
        "sourceRefs": [
          "osm",
          "amap",
          "baidu-route-reference"
        ],
        "confidence": "estimated"
      }
    },
    {
      "type": "Feature",
      "id": "road-node-50-crossing",
      "geometry": {
        "type": "Point",
        "coordinates": [
          118.679106,
          31.99547
        ]
      },
      "properties": {
        "id": "road-node-50-crossing",
        "kind": "junction-marking",
        "nodeId": "road-node-50",
        "widthM": 8,
        "sourceRefs": [
          "osm",
          "amap",
          "baidu-route-reference"
        ],
        "confidence": "estimated"
      }
    },
    {
      "type": "Feature",
      "id": "road-node-52-crossing",
      "geometry": {
        "type": "Point",
        "coordinates": [
          118.704583,
          32.046327
        ]
      },
      "properties": {
        "id": "road-node-52-crossing",
        "kind": "junction-marking",
        "nodeId": "road-node-52",
        "widthM": 8,
        "sourceRefs": [
          "osm",
          "amap",
          "baidu-route-reference"
        ],
        "confidence": "estimated"
      }
    },
    {
      "type": "Feature",
      "id": "road-node-53-crossing",
      "geometry": {
        "type": "Point",
        "coordinates": [
          118.699603,
          32.039519
        ]
      },
      "properties": {
        "id": "road-node-53-crossing",
        "kind": "junction-marking",
        "nodeId": "road-node-53",
        "widthM": 8,
        "sourceRefs": [
          "osm",
          "amap",
          "baidu-route-reference"
        ],
        "confidence": "estimated"
      }
    },
    {
      "type": "Feature",
      "id": "road-node-54-crossing",
      "geometry": {
        "type": "Point",
        "coordinates": [
          118.699415,
          32.039271
        ]
      },
      "properties": {
        "id": "road-node-54-crossing",
        "kind": "junction-marking",
        "nodeId": "road-node-54",
        "widthM": 8,
        "sourceRefs": [
          "osm",
          "amap",
          "baidu-route-reference"
        ],
        "confidence": "estimated"
      }
    },
    {
      "type": "Feature",
      "id": "road-node-57-crossing",
      "geometry": {
        "type": "Point",
        "coordinates": [
          118.706117,
          32.048425
        ]
      },
      "properties": {
        "id": "road-node-57-crossing",
        "kind": "junction-marking",
        "nodeId": "road-node-57",
        "widthM": 8,
        "sourceRefs": [
          "osm",
          "amap",
          "baidu-route-reference"
        ],
        "confidence": "estimated"
      }
    },
    {
      "type": "Feature",
      "id": "road-node-58-crossing",
      "geometry": {
        "type": "Point",
        "coordinates": [
          118.704754,
          32.046554
        ]
      },
      "properties": {
        "id": "road-node-58-crossing",
        "kind": "junction-marking",
        "nodeId": "road-node-58",
        "widthM": 8,
        "sourceRefs": [
          "osm",
          "amap",
          "baidu-route-reference"
        ],
        "confidence": "estimated"
      }
    },
    {
      "type": "Feature",
      "id": "road-node-59-crossing",
      "geometry": {
        "type": "Point",
        "coordinates": [
          118.699672,
          32.03948
        ]
      },
      "properties": {
        "id": "road-node-59-crossing",
        "kind": "junction-marking",
        "nodeId": "road-node-59",
        "widthM": 8,
        "sourceRefs": [
          "osm",
          "amap",
          "baidu-route-reference"
        ],
        "confidence": "estimated"
      }
    },
    {
      "type": "Feature",
      "id": "road-node-60-crossing",
      "geometry": {
        "type": "Point",
        "coordinates": [
          118.704637,
          32.046283
        ]
      },
      "properties": {
        "id": "road-node-60-crossing",
        "kind": "junction-marking",
        "nodeId": "road-node-60",
        "widthM": 8,
        "sourceRefs": [
          "osm",
          "amap",
          "baidu-route-reference"
        ],
        "confidence": "estimated"
      }
    },
    {
      "type": "Feature",
      "id": "road-node-62-crossing",
      "geometry": {
        "type": "Point",
        "coordinates": [
          118.699489,
          32.039234
        ]
      },
      "properties": {
        "id": "road-node-62-crossing",
        "kind": "junction-marking",
        "nodeId": "road-node-62",
        "widthM": 8,
        "sourceRefs": [
          "osm",
          "amap",
          "baidu-route-reference"
        ],
        "confidence": "estimated"
      }
    },
    {
      "type": "Feature",
      "id": "road-node-63-crossing",
      "geometry": {
        "type": "Point",
        "coordinates": [
          118.704817,
          32.046516
        ]
      },
      "properties": {
        "id": "road-node-63-crossing",
        "kind": "junction-marking",
        "nodeId": "road-node-63",
        "widthM": 8,
        "sourceRefs": [
          "osm",
          "amap",
          "baidu-route-reference"
        ],
        "confidence": "estimated"
      }
    },
    {
      "type": "Feature",
      "id": "road-node-65-crossing",
      "geometry": {
        "type": "Point",
        "coordinates": [
          118.693149,
          32.031043
        ]
      },
      "properties": {
        "id": "road-node-65-crossing",
        "kind": "junction-marking",
        "nodeId": "road-node-65",
        "widthM": 8,
        "sourceRefs": [
          "osm",
          "amap",
          "baidu-route-reference"
        ],
        "confidence": "estimated"
      }
    },
    {
      "type": "Feature",
      "id": "road-node-66-crossing",
      "geometry": {
        "type": "Point",
        "coordinates": [
          118.695792,
          32.034357
        ]
      },
      "properties": {
        "id": "road-node-66-crossing",
        "kind": "junction-marking",
        "nodeId": "road-node-66",
        "widthM": 8,
        "sourceRefs": [
          "osm",
          "amap",
          "baidu-route-reference"
        ],
        "confidence": "estimated"
      }
    },
    {
      "type": "Feature",
      "id": "road-node-67-crossing",
      "geometry": {
        "type": "Point",
        "coordinates": [
          118.694727,
          32.024946
        ]
      },
      "properties": {
        "id": "road-node-67-crossing",
        "kind": "junction-marking",
        "nodeId": "road-node-67",
        "widthM": 8,
        "sourceRefs": [
          "osm",
          "amap",
          "baidu-route-reference"
        ],
        "confidence": "estimated"
      }
    },
    {
      "type": "Feature",
      "id": "road-node-68-crossing",
      "geometry": {
        "type": "Point",
        "coordinates": [
          118.69122,
          32.027735
        ]
      },
      "properties": {
        "id": "road-node-68-crossing",
        "kind": "junction-marking",
        "nodeId": "road-node-68",
        "widthM": 8,
        "sourceRefs": [
          "osm",
          "amap",
          "baidu-route-reference"
        ],
        "confidence": "estimated"
      }
    },
    {
      "type": "Feature",
      "id": "road-node-69-crossing",
      "geometry": {
        "type": "Point",
        "coordinates": [
          118.691217,
          32.028408
        ]
      },
      "properties": {
        "id": "road-node-69-crossing",
        "kind": "junction-marking",
        "nodeId": "road-node-69",
        "widthM": 8,
        "sourceRefs": [
          "osm",
          "amap",
          "baidu-route-reference"
        ],
        "confidence": "estimated"
      }
    },
    {
      "type": "Feature",
      "id": "road-node-71-crossing",
      "geometry": {
        "type": "Point",
        "coordinates": [
          118.697101,
          32.02344
        ]
      },
      "properties": {
        "id": "road-node-71-crossing",
        "kind": "junction-marking",
        "nodeId": "road-node-71",
        "widthM": 8,
        "sourceRefs": [
          "osm",
          "amap",
          "baidu-route-reference"
        ],
        "confidence": "estimated"
      }
    },
    {
      "type": "Feature",
      "id": "road-node-73-crossing",
      "geometry": {
        "type": "Point",
        "coordinates": [
          118.691101,
          32.028313
        ]
      },
      "properties": {
        "id": "road-node-73-crossing",
        "kind": "junction-marking",
        "nodeId": "road-node-73",
        "widthM": 8,
        "sourceRefs": [
          "osm",
          "amap",
          "baidu-route-reference"
        ],
        "confidence": "estimated"
      }
    },
    {
      "type": "Feature",
      "id": "road-node-74-crossing",
      "geometry": {
        "type": "Point",
        "coordinates": [
          118.691174,
          32.027609
        ]
      },
      "properties": {
        "id": "road-node-74-crossing",
        "kind": "junction-marking",
        "nodeId": "road-node-74",
        "widthM": 8,
        "sourceRefs": [
          "osm",
          "amap",
          "baidu-route-reference"
        ],
        "confidence": "estimated"
      }
    },
    {
      "type": "Feature",
      "id": "road-node-75-crossing",
      "geometry": {
        "type": "Point",
        "coordinates": [
          118.69717,
          32.028144
        ]
      },
      "properties": {
        "id": "road-node-75-crossing",
        "kind": "junction-marking",
        "nodeId": "road-node-75",
        "widthM": 8,
        "sourceRefs": [
          "osm",
          "amap",
          "baidu-route-reference"
        ],
        "confidence": "estimated"
      }
    },
    {
      "type": "Feature",
      "id": "road-node-76-crossing",
      "geometry": {
        "type": "Point",
        "coordinates": [
          118.693585,
          32.030719
        ]
      },
      "properties": {
        "id": "road-node-76-crossing",
        "kind": "junction-marking",
        "nodeId": "road-node-76",
        "widthM": 8,
        "sourceRefs": [
          "osm",
          "amap",
          "baidu-route-reference"
        ],
        "confidence": "estimated"
      }
    },
    {
      "type": "Feature",
      "id": "road-node-78-crossing",
      "geometry": {
        "type": "Point",
        "coordinates": [
          118.693329,
          32.030913
        ]
      },
      "properties": {
        "id": "road-node-78-crossing",
        "kind": "junction-marking",
        "nodeId": "road-node-78",
        "widthM": 8,
        "sourceRefs": [
          "osm",
          "amap",
          "baidu-route-reference"
        ],
        "confidence": "estimated"
      }
    },
    {
      "type": "Feature",
      "id": "road-node-79-crossing",
      "geometry": {
        "type": "Point",
        "coordinates": [
          118.693519,
          32.030659
        ]
      },
      "properties": {
        "id": "road-node-79-crossing",
        "kind": "junction-marking",
        "nodeId": "road-node-79",
        "widthM": 8,
        "sourceRefs": [
          "osm",
          "amap",
          "baidu-route-reference"
        ],
        "confidence": "estimated"
      }
    },
    {
      "type": "Feature",
      "id": "road-node-80-crossing",
      "geometry": {
        "type": "Point",
        "coordinates": [
          118.69718,
          32.028037
        ]
      },
      "properties": {
        "id": "road-node-80-crossing",
        "kind": "junction-marking",
        "nodeId": "road-node-80",
        "widthM": 8,
        "sourceRefs": [
          "osm",
          "amap",
          "baidu-route-reference"
        ],
        "confidence": "estimated"
      }
    },
    {
      "type": "Feature",
      "id": "road-node-82-crossing",
      "geometry": {
        "type": "Point",
        "coordinates": [
          118.693265,
          32.03085
        ]
      },
      "properties": {
        "id": "road-node-82-crossing",
        "kind": "junction-marking",
        "nodeId": "road-node-82",
        "widthM": 8,
        "sourceRefs": [
          "osm",
          "amap",
          "baidu-route-reference"
        ],
        "confidence": "estimated"
      }
    },
    {
      "type": "Feature",
      "id": "road-node-83-crossing",
      "geometry": {
        "type": "Point",
        "coordinates": [
          118.703373,
          32.04728
        ]
      },
      "properties": {
        "id": "road-node-83-crossing",
        "kind": "junction-marking",
        "nodeId": "road-node-83",
        "widthM": 8,
        "sourceRefs": [
          "osm",
          "amap",
          "baidu-route-reference"
        ],
        "confidence": "estimated"
      }
    },
    {
      "type": "Feature",
      "id": "road-node-84-crossing",
      "geometry": {
        "type": "Point",
        "coordinates": [
          118.700671,
          32.043603
        ]
      },
      "properties": {
        "id": "road-node-84-crossing",
        "kind": "junction-marking",
        "nodeId": "road-node-84",
        "widthM": 8,
        "sourceRefs": [
          "osm",
          "amap",
          "baidu-route-reference"
        ],
        "confidence": "estimated"
      }
    },
    {
      "type": "Feature",
      "id": "road-node-85-crossing",
      "geometry": {
        "type": "Point",
        "coordinates": [
          118.704765,
          32.049174
        ]
      },
      "properties": {
        "id": "road-node-85-crossing",
        "kind": "junction-marking",
        "nodeId": "road-node-85",
        "widthM": 8,
        "sourceRefs": [
          "osm",
          "amap",
          "baidu-route-reference"
        ],
        "confidence": "estimated"
      }
    },
    {
      "type": "Feature",
      "id": "road-node-87-crossing",
      "geometry": {
        "type": "Point",
        "coordinates": [
          118.698196,
          32.040228
        ]
      },
      "properties": {
        "id": "road-node-87-crossing",
        "kind": "junction-marking",
        "nodeId": "road-node-87",
        "widthM": 8,
        "sourceRefs": [
          "osm",
          "amap",
          "baidu-route-reference"
        ],
        "confidence": "estimated"
      }
    },
    {
      "type": "Feature",
      "id": "road-node-88-crossing",
      "geometry": {
        "type": "Point",
        "coordinates": [
          118.698025,
          32.04
        ]
      },
      "properties": {
        "id": "road-node-88-crossing",
        "kind": "junction-marking",
        "nodeId": "road-node-88",
        "widthM": 8,
        "sourceRefs": [
          "osm",
          "amap",
          "baidu-route-reference"
        ],
        "confidence": "estimated"
      }
    },
    {
      "type": "Feature",
      "id": "road-node-90-crossing",
      "geometry": {
        "type": "Point",
        "coordinates": [
          118.703541,
          32.0475
        ]
      },
      "properties": {
        "id": "road-node-90-crossing",
        "kind": "junction-marking",
        "nodeId": "road-node-90",
        "widthM": 8,
        "sourceRefs": [
          "osm",
          "amap",
          "baidu-route-reference"
        ],
        "confidence": "estimated"
      }
    },
    {
      "type": "Feature",
      "id": "road-node-91-crossing",
      "geometry": {
        "type": "Point",
        "coordinates": [
          118.704187,
          32.045001
        ]
      },
      "properties": {
        "id": "road-node-91-crossing",
        "kind": "junction-marking",
        "nodeId": "road-node-91",
        "widthM": 8,
        "sourceRefs": [
          "osm",
          "amap",
          "baidu-route-reference"
        ],
        "confidence": "estimated"
      }
    },
    {
      "type": "Feature",
      "id": "road-node-92-crossing",
      "geometry": {
        "type": "Point",
        "coordinates": [
          118.709324,
          32.041724
        ]
      },
      "properties": {
        "id": "road-node-92-crossing",
        "kind": "junction-marking",
        "nodeId": "road-node-92",
        "widthM": 8,
        "sourceRefs": [
          "osm",
          "amap",
          "baidu-route-reference"
        ],
        "confidence": "estimated"
      }
    },
    {
      "type": "Feature",
      "id": "road-node-94-crossing",
      "geometry": {
        "type": "Point",
        "coordinates": [
          118.703982,
          32.045139
        ]
      },
      "properties": {
        "id": "road-node-94-crossing",
        "kind": "junction-marking",
        "nodeId": "road-node-94",
        "widthM": 8,
        "sourceRefs": [
          "osm",
          "amap",
          "baidu-route-reference"
        ],
        "confidence": "estimated"
      }
    },
    {
      "type": "Feature",
      "id": "road-node-95-crossing",
      "geometry": {
        "type": "Point",
        "coordinates": [
          118.701474,
          32.038015
        ]
      },
      "properties": {
        "id": "road-node-95-crossing",
        "kind": "junction-marking",
        "nodeId": "road-node-95",
        "widthM": 8,
        "sourceRefs": [
          "osm",
          "amap",
          "baidu-route-reference"
        ],
        "confidence": "estimated"
      }
    },
    {
      "type": "Feature",
      "id": "road-node-96-crossing",
      "geometry": {
        "type": "Point",
        "coordinates": [
          118.699317,
          32.039134
        ]
      },
      "properties": {
        "id": "road-node-96-crossing",
        "kind": "junction-marking",
        "nodeId": "road-node-96",
        "widthM": 8,
        "sourceRefs": [
          "osm",
          "amap",
          "baidu-route-reference"
        ],
        "confidence": "estimated"
      }
    },
    {
      "type": "Feature",
      "id": "road-node-97-crossing",
      "geometry": {
        "type": "Point",
        "coordinates": [
          118.697924,
          32.039847
        ]
      },
      "properties": {
        "id": "road-node-97-crossing",
        "kind": "junction-marking",
        "nodeId": "road-node-97",
        "widthM": 8,
        "sourceRefs": [
          "osm",
          "amap",
          "baidu-route-reference"
        ],
        "confidence": "estimated"
      }
    },
    {
      "type": "Feature",
      "id": "road-node-98-crossing",
      "geometry": {
        "type": "Point",
        "coordinates": [
          118.696337,
          32.040661
        ]
      },
      "properties": {
        "id": "road-node-98-crossing",
        "kind": "junction-marking",
        "nodeId": "road-node-98",
        "widthM": 8,
        "sourceRefs": [
          "osm",
          "amap",
          "baidu-route-reference"
        ],
        "confidence": "estimated"
      }
    },
    {
      "type": "Feature",
      "id": "road-node-99-crossing",
      "geometry": {
        "type": "Point",
        "coordinates": [
          118.701426,
          32.037955
        ]
      },
      "properties": {
        "id": "road-node-99-crossing",
        "kind": "junction-marking",
        "nodeId": "road-node-99",
        "widthM": 8,
        "sourceRefs": [
          "osm",
          "amap",
          "baidu-route-reference"
        ],
        "confidence": "estimated"
      }
    },
    {
      "type": "Feature",
      "id": "road-node-101-crossing",
      "geometry": {
        "type": "Point",
        "coordinates": [
          118.699348,
          31.995421
        ]
      },
      "properties": {
        "id": "road-node-101-crossing",
        "kind": "junction-marking",
        "nodeId": "road-node-101",
        "widthM": 8,
        "sourceRefs": [
          "osm",
          "amap",
          "baidu-route-reference"
        ],
        "confidence": "estimated"
      }
    },
    {
      "type": "Feature",
      "id": "road-node-104-crossing",
      "geometry": {
        "type": "Point",
        "coordinates": [
          118.699883,
          32.031481
        ]
      },
      "properties": {
        "id": "road-node-104-crossing",
        "kind": "junction-marking",
        "nodeId": "road-node-104",
        "widthM": 8,
        "sourceRefs": [
          "osm",
          "amap",
          "baidu-route-reference"
        ],
        "confidence": "estimated"
      }
    },
    {
      "type": "Feature",
      "id": "road-node-105-crossing",
      "geometry": {
        "type": "Point",
        "coordinates": [
          118.697784,
          32.032974
        ]
      },
      "properties": {
        "id": "road-node-105-crossing",
        "kind": "junction-marking",
        "nodeId": "road-node-105",
        "widthM": 8,
        "sourceRefs": [
          "osm",
          "amap",
          "baidu-route-reference"
        ],
        "confidence": "estimated"
      }
    },
    {
      "type": "Feature",
      "id": "road-node-106-crossing",
      "geometry": {
        "type": "Point",
        "coordinates": [
          118.695901,
          32.034282
        ]
      },
      "properties": {
        "id": "road-node-106-crossing",
        "kind": "junction-marking",
        "nodeId": "road-node-106",
        "widthM": 8,
        "sourceRefs": [
          "osm",
          "amap",
          "baidu-route-reference"
        ],
        "confidence": "estimated"
      }
    },
    {
      "type": "Feature",
      "id": "road-node-108-crossing",
      "geometry": {
        "type": "Point",
        "coordinates": [
          118.696155,
          32.034104
        ]
      },
      "properties": {
        "id": "road-node-108-crossing",
        "kind": "junction-marking",
        "nodeId": "road-node-108",
        "widthM": 8,
        "sourceRefs": [
          "osm",
          "amap",
          "baidu-route-reference"
        ],
        "confidence": "estimated"
      }
    },
    {
      "type": "Feature",
      "id": "road-node-109-crossing",
      "geometry": {
        "type": "Point",
        "coordinates": [
          118.705908,
          32.040866
        ]
      },
      "properties": {
        "id": "road-node-109-crossing",
        "kind": "junction-marking",
        "nodeId": "road-node-109",
        "widthM": 8,
        "sourceRefs": [
          "osm",
          "amap",
          "baidu-route-reference"
        ],
        "confidence": "estimated"
      }
    },
    {
      "type": "Feature",
      "id": "road-node-110-crossing",
      "geometry": {
        "type": "Point",
        "coordinates": [
          118.702532,
          32.042639
        ]
      },
      "properties": {
        "id": "road-node-110-crossing",
        "kind": "junction-marking",
        "nodeId": "road-node-110",
        "widthM": 8,
        "sourceRefs": [
          "osm",
          "amap",
          "baidu-route-reference"
        ],
        "confidence": "estimated"
      }
    },
    {
      "type": "Feature",
      "id": "road-node-111-crossing",
      "geometry": {
        "type": "Point",
        "coordinates": [
          118.699119,
          32.044415
        ]
      },
      "properties": {
        "id": "road-node-111-crossing",
        "kind": "junction-marking",
        "nodeId": "road-node-111",
        "widthM": 8,
        "sourceRefs": [
          "osm",
          "amap",
          "baidu-route-reference"
        ],
        "confidence": "estimated"
      }
    },
    {
      "type": "Feature",
      "id": "road-node-112-crossing",
      "geometry": {
        "type": "Point",
        "coordinates": [
          118.697544,
          32.045267
        ]
      },
      "properties": {
        "id": "road-node-112-crossing",
        "kind": "junction-marking",
        "nodeId": "road-node-112",
        "widthM": 8,
        "sourceRefs": [
          "osm",
          "amap",
          "baidu-route-reference"
        ],
        "confidence": "estimated"
      }
    },
    {
      "type": "Feature",
      "id": "road-node-113-crossing",
      "geometry": {
        "type": "Point",
        "coordinates": [
          118.699379,
          32.044275
        ]
      },
      "properties": {
        "id": "road-node-113-crossing",
        "kind": "junction-marking",
        "nodeId": "road-node-113",
        "widthM": 8,
        "sourceRefs": [
          "osm",
          "amap",
          "baidu-route-reference"
        ],
        "confidence": "estimated"
      }
    },
    {
      "type": "Feature",
      "id": "road-node-114-crossing",
      "geometry": {
        "type": "Point",
        "coordinates": [
          118.702294,
          32.042768
        ]
      },
      "properties": {
        "id": "road-node-114-crossing",
        "kind": "junction-marking",
        "nodeId": "road-node-114",
        "widthM": 8,
        "sourceRefs": [
          "osm",
          "amap",
          "baidu-route-reference"
        ],
        "confidence": "estimated"
      }
    },
    {
      "type": "Feature",
      "id": "road-node-115-crossing",
      "geometry": {
        "type": "Point",
        "coordinates": [
          118.702473,
          32.042563
        ]
      },
      "properties": {
        "id": "road-node-115-crossing",
        "kind": "junction-marking",
        "nodeId": "road-node-115",
        "widthM": 8,
        "sourceRefs": [
          "osm",
          "amap",
          "baidu-route-reference"
        ],
        "confidence": "estimated"
      }
    },
    {
      "type": "Feature",
      "id": "road-node-116-crossing",
      "geometry": {
        "type": "Point",
        "coordinates": [
          118.70587,
          32.040804
        ]
      },
      "properties": {
        "id": "road-node-116-crossing",
        "kind": "junction-marking",
        "nodeId": "road-node-116",
        "widthM": 8,
        "sourceRefs": [
          "osm",
          "amap",
          "baidu-route-reference"
        ],
        "confidence": "estimated"
      }
    },
    {
      "type": "Feature",
      "id": "road-node-117-crossing",
      "geometry": {
        "type": "Point",
        "coordinates": [
          118.697489,
          32.045208
        ]
      },
      "properties": {
        "id": "road-node-117-crossing",
        "kind": "junction-marking",
        "nodeId": "road-node-117",
        "widthM": 8,
        "sourceRefs": [
          "osm",
          "amap",
          "baidu-route-reference"
        ],
        "confidence": "estimated"
      }
    },
    {
      "type": "Feature",
      "id": "road-node-118-crossing",
      "geometry": {
        "type": "Point",
        "coordinates": [
          118.69908,
          32.044365
        ]
      },
      "properties": {
        "id": "road-node-118-crossing",
        "kind": "junction-marking",
        "nodeId": "road-node-118",
        "widthM": 8,
        "sourceRefs": [
          "osm",
          "amap",
          "baidu-route-reference"
        ],
        "confidence": "estimated"
      }
    },
    {
      "type": "Feature",
      "id": "road-node-119-crossing",
      "geometry": {
        "type": "Point",
        "coordinates": [
          118.699343,
          32.044218
        ]
      },
      "properties": {
        "id": "road-node-119-crossing",
        "kind": "junction-marking",
        "nodeId": "road-node-119",
        "widthM": 8,
        "sourceRefs": [
          "osm",
          "amap",
          "baidu-route-reference"
        ],
        "confidence": "estimated"
      }
    },
    {
      "type": "Feature",
      "id": "road-node-120-crossing",
      "geometry": {
        "type": "Point",
        "coordinates": [
          118.702246,
          32.042688
        ]
      },
      "properties": {
        "id": "road-node-120-crossing",
        "kind": "junction-marking",
        "nodeId": "road-node-120",
        "widthM": 8,
        "sourceRefs": [
          "osm",
          "amap",
          "baidu-route-reference"
        ],
        "confidence": "estimated"
      }
    },
    {
      "type": "Feature",
      "id": "road-node-121-crossing",
      "geometry": {
        "type": "Point",
        "coordinates": [
          118.706041,
          32.040715
        ]
      },
      "properties": {
        "id": "road-node-121-crossing",
        "kind": "junction-marking",
        "nodeId": "road-node-121",
        "widthM": 8,
        "sourceRefs": [
          "osm",
          "amap",
          "baidu-route-reference"
        ],
        "confidence": "estimated"
      }
    },
    {
      "type": "Feature",
      "id": "road-node-122-crossing",
      "geometry": {
        "type": "Point",
        "coordinates": [
          118.708143,
          32.039603
        ]
      },
      "properties": {
        "id": "road-node-122-crossing",
        "kind": "junction-marking",
        "nodeId": "road-node-122",
        "widthM": 8,
        "sourceRefs": [
          "osm",
          "amap",
          "baidu-route-reference"
        ],
        "confidence": "estimated"
      }
    },
    {
      "type": "Feature",
      "id": "road-node-123-crossing",
      "geometry": {
        "type": "Point",
        "coordinates": [
          118.708179,
          32.039666
        ]
      },
      "properties": {
        "id": "road-node-123-crossing",
        "kind": "junction-marking",
        "nodeId": "road-node-123",
        "widthM": 8,
        "sourceRefs": [
          "osm",
          "amap",
          "baidu-route-reference"
        ],
        "confidence": "estimated"
      }
    },
    {
      "type": "Feature",
      "id": "road-node-124-crossing",
      "geometry": {
        "type": "Point",
        "coordinates": [
          118.706071,
          32.040779
        ]
      },
      "properties": {
        "id": "road-node-124-crossing",
        "kind": "junction-marking",
        "nodeId": "road-node-124",
        "widthM": 8,
        "sourceRefs": [
          "osm",
          "amap",
          "baidu-route-reference"
        ],
        "confidence": "estimated"
      }
    },
    {
      "type": "Feature",
      "id": "road-node-125-crossing",
      "geometry": {
        "type": "Point",
        "coordinates": [
          118.709928,
          32.046414
        ]
      },
      "properties": {
        "id": "road-node-125-crossing",
        "kind": "junction-marking",
        "nodeId": "road-node-125",
        "widthM": 8,
        "sourceRefs": [
          "osm",
          "amap",
          "baidu-route-reference"
        ],
        "confidence": "estimated"
      }
    },
    {
      "type": "Feature",
      "id": "road-node-126-crossing",
      "geometry": {
        "type": "Point",
        "coordinates": [
          118.703987,
          32.036678
        ]
      },
      "properties": {
        "id": "road-node-126-crossing",
        "kind": "junction-marking",
        "nodeId": "road-node-126",
        "widthM": 8,
        "sourceRefs": [
          "osm",
          "amap",
          "baidu-route-reference"
        ],
        "confidence": "estimated"
      }
    },
    {
      "type": "Feature",
      "id": "road-node-128-crossing",
      "geometry": {
        "type": "Point",
        "coordinates": [
          118.687573,
          32.025092
        ]
      },
      "properties": {
        "id": "road-node-128-crossing",
        "kind": "junction-marking",
        "nodeId": "road-node-128",
        "widthM": 8,
        "sourceRefs": [
          "osm",
          "amap",
          "baidu-route-reference"
        ],
        "confidence": "estimated"
      }
    },
    {
      "type": "Feature",
      "id": "road-node-129-crossing",
      "geometry": {
        "type": "Point",
        "coordinates": [
          118.691474,
          32.022562
        ]
      },
      "properties": {
        "id": "road-node-129-crossing",
        "kind": "junction-marking",
        "nodeId": "road-node-129",
        "widthM": 8,
        "sourceRefs": [
          "osm",
          "amap",
          "baidu-route-reference"
        ],
        "confidence": "estimated"
      }
    },
    {
      "type": "Feature",
      "id": "road-node-130-crossing",
      "geometry": {
        "type": "Point",
        "coordinates": [
          118.69151,
          32.022463
        ]
      },
      "properties": {
        "id": "road-node-130-crossing",
        "kind": "junction-marking",
        "nodeId": "road-node-130",
        "widthM": 8,
        "sourceRefs": [
          "osm",
          "amap",
          "baidu-route-reference"
        ],
        "confidence": "estimated"
      }
    },
    {
      "type": "Feature",
      "id": "road-node-135-crossing",
      "geometry": {
        "type": "Point",
        "coordinates": [
          118.686412,
          32.010884
        ]
      },
      "properties": {
        "id": "road-node-135-crossing",
        "kind": "junction-marking",
        "nodeId": "road-node-135",
        "widthM": 8,
        "sourceRefs": [
          "osm",
          "amap",
          "baidu-route-reference"
        ],
        "confidence": "estimated"
      }
    },
    {
      "type": "Feature",
      "id": "road-node-136-crossing",
      "geometry": {
        "type": "Point",
        "coordinates": [
          118.692996,
          32.01764
        ]
      },
      "properties": {
        "id": "road-node-136-crossing",
        "kind": "junction-marking",
        "nodeId": "road-node-136",
        "widthM": 8,
        "sourceRefs": [
          "osm",
          "amap",
          "baidu-route-reference"
        ],
        "confidence": "estimated"
      }
    },
    {
      "type": "Feature",
      "id": "road-node-137-crossing",
      "geometry": {
        "type": "Point",
        "coordinates": [
          118.679816,
          31.999138
        ]
      },
      "properties": {
        "id": "road-node-137-crossing",
        "kind": "junction-marking",
        "nodeId": "road-node-137",
        "widthM": 8,
        "sourceRefs": [
          "osm",
          "amap",
          "baidu-route-reference"
        ],
        "confidence": "estimated"
      }
    },
    {
      "type": "Feature",
      "id": "road-node-138-crossing",
      "geometry": {
        "type": "Point",
        "coordinates": [
          118.679333,
          32.003102
        ]
      },
      "properties": {
        "id": "road-node-138-crossing",
        "kind": "junction-marking",
        "nodeId": "road-node-138",
        "widthM": 8,
        "sourceRefs": [
          "osm",
          "amap",
          "baidu-route-reference"
        ],
        "confidence": "estimated"
      }
    },
    {
      "type": "Feature",
      "id": "road-node-139-crossing",
      "geometry": {
        "type": "Point",
        "coordinates": [
          118.686213,
          32.010687
        ]
      },
      "properties": {
        "id": "road-node-139-crossing",
        "kind": "junction-marking",
        "nodeId": "road-node-139",
        "widthM": 8,
        "sourceRefs": [
          "osm",
          "amap",
          "baidu-route-reference"
        ],
        "confidence": "estimated"
      }
    },
    {
      "type": "Feature",
      "id": "road-node-140-crossing",
      "geometry": {
        "type": "Point",
        "coordinates": [
          118.681246,
          31.997287
        ]
      },
      "properties": {
        "id": "road-node-140-crossing",
        "kind": "junction-marking",
        "nodeId": "road-node-140",
        "widthM": 8,
        "sourceRefs": [
          "osm",
          "amap",
          "baidu-route-reference"
        ],
        "confidence": "estimated"
      }
    },
    {
      "type": "Feature",
      "id": "road-node-141-crossing",
      "geometry": {
        "type": "Point",
        "coordinates": [
          118.683544,
          31.994499
        ]
      },
      "properties": {
        "id": "road-node-141-crossing",
        "kind": "junction-marking",
        "nodeId": "road-node-141",
        "widthM": 8,
        "sourceRefs": [
          "osm",
          "amap",
          "baidu-route-reference"
        ],
        "confidence": "estimated"
      }
    },
    {
      "type": "Feature",
      "id": "road-node-143-crossing",
      "geometry": {
        "type": "Point",
        "coordinates": [
          118.67997,
          31.998923
        ]
      },
      "properties": {
        "id": "road-node-143-crossing",
        "kind": "junction-marking",
        "nodeId": "road-node-143",
        "widthM": 8,
        "sourceRefs": [
          "osm",
          "amap",
          "baidu-route-reference"
        ],
        "confidence": "estimated"
      }
    },
    {
      "type": "Feature",
      "id": "road-node-144-crossing",
      "geometry": {
        "type": "Point",
        "coordinates": [
          118.691279,
          32.0032
        ]
      },
      "properties": {
        "id": "road-node-144-crossing",
        "kind": "junction-marking",
        "nodeId": "road-node-144",
        "widthM": 8,
        "sourceRefs": [
          "osm",
          "amap",
          "baidu-route-reference"
        ],
        "confidence": "estimated"
      }
    },
    {
      "type": "Feature",
      "id": "road-node-145-crossing",
      "geometry": {
        "type": "Point",
        "coordinates": [
          118.686652,
          32.006289
        ]
      },
      "properties": {
        "id": "road-node-145-crossing",
        "kind": "junction-marking",
        "nodeId": "road-node-145",
        "widthM": 8,
        "sourceRefs": [
          "osm",
          "amap",
          "baidu-route-reference"
        ],
        "confidence": "estimated"
      }
    },
    {
      "type": "Feature",
      "id": "road-node-146-crossing",
      "geometry": {
        "type": "Point",
        "coordinates": [
          118.682055,
          32.008834
        ]
      },
      "properties": {
        "id": "road-node-146-crossing",
        "kind": "junction-marking",
        "nodeId": "road-node-146",
        "widthM": 8,
        "sourceRefs": [
          "osm",
          "amap",
          "baidu-route-reference"
        ],
        "confidence": "estimated"
      }
    },
    {
      "type": "Feature",
      "id": "road-node-147-crossing",
      "geometry": {
        "type": "Point",
        "coordinates": [
          118.678812,
          32.01027
        ]
      },
      "properties": {
        "id": "road-node-147-crossing",
        "kind": "junction-marking",
        "nodeId": "road-node-147",
        "widthM": 8,
        "sourceRefs": [
          "osm",
          "amap",
          "baidu-route-reference"
        ],
        "confidence": "estimated"
      }
    },
    {
      "type": "Feature",
      "id": "road-node-148-crossing",
      "geometry": {
        "type": "Point",
        "coordinates": [
          118.696125,
          31.999793
        ]
      },
      "properties": {
        "id": "road-node-148-crossing",
        "kind": "junction-marking",
        "nodeId": "road-node-148",
        "widthM": 8,
        "sourceRefs": [
          "osm",
          "amap",
          "baidu-route-reference"
        ],
        "confidence": "estimated"
      }
    },
    {
      "type": "Feature",
      "id": "road-node-149-crossing",
      "geometry": {
        "type": "Point",
        "coordinates": [
          118.693162,
          32.00189
        ]
      },
      "properties": {
        "id": "road-node-149-crossing",
        "kind": "junction-marking",
        "nodeId": "road-node-149",
        "widthM": 8,
        "sourceRefs": [
          "osm",
          "amap",
          "baidu-route-reference"
        ],
        "confidence": "estimated"
      }
    },
    {
      "type": "Feature",
      "id": "road-node-150-crossing",
      "geometry": {
        "type": "Point",
        "coordinates": [
          118.69146,
          32.003073
        ]
      },
      "properties": {
        "id": "road-node-150-crossing",
        "kind": "junction-marking",
        "nodeId": "road-node-150",
        "widthM": 8,
        "sourceRefs": [
          "osm",
          "amap",
          "baidu-route-reference"
        ],
        "confidence": "estimated"
      }
    },
    {
      "type": "Feature",
      "id": "road-node-151-crossing",
      "geometry": {
        "type": "Point",
        "coordinates": [
          118.682405,
          32.008644
        ]
      },
      "properties": {
        "id": "road-node-151-crossing",
        "kind": "junction-marking",
        "nodeId": "road-node-151",
        "widthM": 8,
        "sourceRefs": [
          "osm",
          "amap",
          "baidu-route-reference"
        ],
        "confidence": "estimated"
      }
    },
    {
      "type": "Feature",
      "id": "road-node-152-crossing",
      "geometry": {
        "type": "Point",
        "coordinates": [
          118.686434,
          32.006409
        ]
      },
      "properties": {
        "id": "road-node-152-crossing",
        "kind": "junction-marking",
        "nodeId": "road-node-152",
        "widthM": 8,
        "sourceRefs": [
          "osm",
          "amap",
          "baidu-route-reference"
        ],
        "confidence": "estimated"
      }
    },
    {
      "type": "Feature",
      "id": "road-node-153-crossing",
      "geometry": {
        "type": "Point",
        "coordinates": [
          118.678534,
          32.010394
        ]
      },
      "properties": {
        "id": "road-node-153-crossing",
        "kind": "junction-marking",
        "nodeId": "road-node-153",
        "widthM": 8,
        "sourceRefs": [
          "osm",
          "amap",
          "baidu-route-reference"
        ],
        "confidence": "estimated"
      }
    },
    {
      "type": "Feature",
      "id": "road-node-155-crossing",
      "geometry": {
        "type": "Point",
        "coordinates": [
          118.683556,
          32.010188
        ]
      },
      "properties": {
        "id": "road-node-155-crossing",
        "kind": "junction-marking",
        "nodeId": "road-node-155",
        "widthM": 8,
        "sourceRefs": [
          "osm",
          "amap",
          "baidu-route-reference"
        ],
        "confidence": "estimated"
      }
    },
    {
      "type": "Feature",
      "id": "road-node-156-crossing",
      "geometry": {
        "type": "Point",
        "coordinates": [
          118.692795,
          32.005378
        ]
      },
      "properties": {
        "id": "road-node-156-crossing",
        "kind": "junction-marking",
        "nodeId": "road-node-156",
        "widthM": 8,
        "sourceRefs": [
          "osm",
          "amap",
          "baidu-route-reference"
        ],
        "confidence": "estimated"
      }
    },
    {
      "type": "Feature",
      "id": "road-node-157-crossing",
      "geometry": {
        "type": "Point",
        "coordinates": [
          118.678444,
          32.012447
        ]
      },
      "properties": {
        "id": "road-node-157-crossing",
        "kind": "junction-marking",
        "nodeId": "road-node-157",
        "widthM": 8,
        "sourceRefs": [
          "osm",
          "amap",
          "baidu-route-reference"
        ],
        "confidence": "estimated"
      }
    },
    {
      "type": "Feature",
      "id": "road-node-158-crossing",
      "geometry": {
        "type": "Point",
        "coordinates": [
          118.683197,
          32.010368
        ]
      },
      "properties": {
        "id": "road-node-158-crossing",
        "kind": "junction-marking",
        "nodeId": "road-node-158",
        "widthM": 8,
        "sourceRefs": [
          "osm",
          "amap",
          "baidu-route-reference"
        ],
        "confidence": "estimated"
      }
    },
    {
      "type": "Feature",
      "id": "road-node-159-crossing",
      "geometry": {
        "type": "Point",
        "coordinates": [
          118.693171,
          32.005184
        ]
      },
      "properties": {
        "id": "road-node-159-crossing",
        "kind": "junction-marking",
        "nodeId": "road-node-159",
        "widthM": 8,
        "sourceRefs": [
          "osm",
          "amap",
          "baidu-route-reference"
        ],
        "confidence": "estimated"
      }
    },
    {
      "type": "Feature",
      "id": "road-node-160-crossing",
      "geometry": {
        "type": "Point",
        "coordinates": [
          118.696424,
          32.003502
        ]
      },
      "properties": {
        "id": "road-node-160-crossing",
        "kind": "junction-marking",
        "nodeId": "road-node-160",
        "widthM": 8,
        "sourceRefs": [
          "osm",
          "amap",
          "baidu-route-reference"
        ],
        "confidence": "estimated"
      }
    },
    {
      "type": "Feature",
      "id": "road-node-161-crossing",
      "geometry": {
        "type": "Point",
        "coordinates": [
          118.693082,
          32.00523
        ]
      },
      "properties": {
        "id": "road-node-161-crossing",
        "kind": "junction-marking",
        "nodeId": "road-node-161",
        "widthM": 8,
        "sourceRefs": [
          "osm",
          "amap",
          "baidu-route-reference"
        ],
        "confidence": "estimated"
      }
    },
    {
      "type": "Feature",
      "id": "road-node-162-crossing",
      "geometry": {
        "type": "Point",
        "coordinates": [
          118.676824,
          31.991961
        ]
      },
      "properties": {
        "id": "road-node-162-crossing",
        "kind": "junction-marking",
        "nodeId": "road-node-162",
        "widthM": 8,
        "sourceRefs": [
          "osm",
          "amap",
          "baidu-route-reference"
        ],
        "confidence": "estimated"
      }
    },
    {
      "type": "Feature",
      "id": "road-node-163-crossing",
      "geometry": {
        "type": "Point",
        "coordinates": [
          118.69032,
          32.014901
        ]
      },
      "properties": {
        "id": "road-node-163-crossing",
        "kind": "junction-marking",
        "nodeId": "road-node-163",
        "widthM": 8,
        "sourceRefs": [
          "osm",
          "amap",
          "baidu-route-reference"
        ],
        "confidence": "estimated"
      }
    },
    {
      "type": "Feature",
      "id": "road-node-164-crossing",
      "geometry": {
        "type": "Point",
        "coordinates": [
          118.692618,
          32.014541
        ]
      },
      "properties": {
        "id": "road-node-164-crossing",
        "kind": "junction-marking",
        "nodeId": "road-node-164",
        "widthM": 8,
        "sourceRefs": [
          "osm",
          "amap",
          "baidu-route-reference"
        ],
        "confidence": "estimated"
      }
    },
    {
      "type": "Feature",
      "id": "road-node-165-crossing",
      "geometry": {
        "type": "Point",
        "coordinates": [
          118.692897,
          32.01451
        ]
      },
      "properties": {
        "id": "road-node-165-crossing",
        "kind": "junction-marking",
        "nodeId": "road-node-165",
        "widthM": 8,
        "sourceRefs": [
          "osm",
          "amap",
          "baidu-route-reference"
        ],
        "confidence": "estimated"
      }
    },
    {
      "type": "Feature",
      "id": "road-node-166-crossing",
      "geometry": {
        "type": "Point",
        "coordinates": [
          118.696194,
          32.010221
        ]
      },
      "properties": {
        "id": "road-node-166-crossing",
        "kind": "junction-marking",
        "nodeId": "road-node-166",
        "widthM": 8,
        "sourceRefs": [
          "osm",
          "amap",
          "baidu-route-reference"
        ],
        "confidence": "estimated"
      }
    },
    {
      "type": "Feature",
      "id": "road-node-167-crossing",
      "geometry": {
        "type": "Point",
        "coordinates": [
          118.717297,
          32.056346
        ]
      },
      "properties": {
        "id": "road-node-167-crossing",
        "kind": "junction-marking",
        "nodeId": "road-node-167",
        "widthM": 8,
        "sourceRefs": [
          "osm",
          "amap",
          "baidu-route-reference"
        ],
        "confidence": "estimated"
      }
    },
    {
      "type": "Feature",
      "id": "road-node-168-crossing",
      "geometry": {
        "type": "Point",
        "coordinates": [
          118.70368,
          32.032771
        ]
      },
      "properties": {
        "id": "road-node-168-crossing",
        "kind": "junction-marking",
        "nodeId": "road-node-168",
        "widthM": 8,
        "sourceRefs": [
          "osm",
          "amap",
          "baidu-route-reference"
        ],
        "confidence": "estimated"
      }
    },
    {
      "type": "Feature",
      "id": "road-node-169-crossing",
      "geometry": {
        "type": "Point",
        "coordinates": [
          118.69563,
          32.020528
        ]
      },
      "properties": {
        "id": "road-node-169-crossing",
        "kind": "junction-marking",
        "nodeId": "road-node-169",
        "widthM": 8,
        "sourceRefs": [
          "osm",
          "amap",
          "baidu-route-reference"
        ],
        "confidence": "estimated"
      }
    },
    {
      "type": "Feature",
      "id": "road-node-170-crossing",
      "geometry": {
        "type": "Point",
        "coordinates": [
          118.716071,
          32.053856
        ]
      },
      "properties": {
        "id": "road-node-170-crossing",
        "kind": "junction-marking",
        "nodeId": "road-node-170",
        "widthM": 8,
        "sourceRefs": [
          "osm",
          "amap",
          "baidu-route-reference"
        ],
        "confidence": "estimated"
      }
    },
    {
      "type": "Feature",
      "id": "road-node-171-crossing",
      "geometry": {
        "type": "Point",
        "coordinates": [
          118.717371,
          32.056321
        ]
      },
      "properties": {
        "id": "road-node-171-crossing",
        "kind": "junction-marking",
        "nodeId": "road-node-171",
        "widthM": 8,
        "sourceRefs": [
          "osm",
          "amap",
          "baidu-route-reference"
        ],
        "confidence": "estimated"
      }
    },
    {
      "type": "Feature",
      "id": "road-node-172-crossing",
      "geometry": {
        "type": "Point",
        "coordinates": [
          118.693167,
          32.017847
        ]
      },
      "properties": {
        "id": "road-node-172-crossing",
        "kind": "junction-marking",
        "nodeId": "road-node-172",
        "widthM": 8,
        "sourceRefs": [
          "osm",
          "amap",
          "baidu-route-reference"
        ],
        "confidence": "estimated"
      }
    },
    {
      "type": "Feature",
      "id": "road-node-173-crossing",
      "geometry": {
        "type": "Point",
        "coordinates": [
          118.695434,
          32.020265
        ]
      },
      "properties": {
        "id": "road-node-173-crossing",
        "kind": "junction-marking",
        "nodeId": "road-node-173",
        "widthM": 8,
        "sourceRefs": [
          "osm",
          "amap",
          "baidu-route-reference"
        ],
        "confidence": "estimated"
      }
    },
    {
      "type": "Feature",
      "id": "road-node-175-crossing",
      "geometry": {
        "type": "Point",
        "coordinates": [
          118.696309,
          32.005883
        ]
      },
      "properties": {
        "id": "road-node-175-crossing",
        "kind": "junction-marking",
        "nodeId": "road-node-175",
        "widthM": 8,
        "sourceRefs": [
          "osm",
          "amap",
          "baidu-route-reference"
        ],
        "confidence": "estimated"
      }
    },
    {
      "type": "Feature",
      "id": "road-node-176-crossing",
      "geometry": {
        "type": "Point",
        "coordinates": [
          118.711494,
          32.04562
        ]
      },
      "properties": {
        "id": "road-node-176-crossing",
        "kind": "junction-marking",
        "nodeId": "road-node-176",
        "widthM": 8,
        "sourceRefs": [
          "osm",
          "amap",
          "baidu-route-reference"
        ],
        "confidence": "estimated"
      }
    },
    {
      "type": "Feature",
      "id": "road-node-178-crossing",
      "geometry": {
        "type": "Point",
        "coordinates": [
          118.71054,
          32.043911
        ]
      },
      "properties": {
        "id": "road-node-178-crossing",
        "kind": "junction-marking",
        "nodeId": "road-node-178",
        "widthM": 8,
        "sourceRefs": [
          "osm",
          "amap",
          "baidu-route-reference"
        ],
        "confidence": "estimated"
      }
    },
    {
      "type": "Feature",
      "id": "road-node-180-crossing",
      "geometry": {
        "type": "Point",
        "coordinates": [
          118.701512,
          32.041359
        ]
      },
      "properties": {
        "id": "road-node-180-crossing",
        "kind": "junction-marking",
        "nodeId": "road-node-180",
        "widthM": 8,
        "sourceRefs": [
          "osm",
          "amap",
          "baidu-route-reference"
        ],
        "confidence": "estimated"
      }
    },
    {
      "type": "Feature",
      "id": "road-node-182-crossing",
      "geometry": {
        "type": "Point",
        "coordinates": [
          118.701282,
          32.041504
        ]
      },
      "properties": {
        "id": "road-node-182-crossing",
        "kind": "junction-marking",
        "nodeId": "road-node-182",
        "widthM": 8,
        "sourceRefs": [
          "osm",
          "amap",
          "baidu-route-reference"
        ],
        "confidence": "estimated"
      }
    },
    {
      "type": "Feature",
      "id": "road-node-185-crossing",
      "geometry": {
        "type": "Point",
        "coordinates": [
          118.694715,
          32.032575
        ]
      },
      "properties": {
        "id": "road-node-185-crossing",
        "kind": "junction-marking",
        "nodeId": "road-node-185",
        "widthM": 8,
        "sourceRefs": [
          "osm",
          "amap",
          "baidu-route-reference"
        ],
        "confidence": "estimated"
      }
    },
    {
      "type": "Feature",
      "id": "road-node-186-crossing",
      "geometry": {
        "type": "Point",
        "coordinates": [
          118.698527,
          32.029833
        ]
      },
      "properties": {
        "id": "road-node-186-crossing",
        "kind": "junction-marking",
        "nodeId": "road-node-186",
        "widthM": 8,
        "sourceRefs": [
          "osm",
          "amap",
          "baidu-route-reference"
        ],
        "confidence": "estimated"
      }
    },
    {
      "type": "Feature",
      "id": "road-node-187-crossing",
      "geometry": {
        "type": "Point",
        "coordinates": [
          118.694498,
          32.032734
        ]
      },
      "properties": {
        "id": "road-node-187-crossing",
        "kind": "junction-marking",
        "nodeId": "road-node-187",
        "widthM": 8,
        "sourceRefs": [
          "osm",
          "amap",
          "baidu-route-reference"
        ],
        "confidence": "estimated"
      }
    },
    {
      "type": "Feature",
      "id": "road-node-188-crossing",
      "geometry": {
        "type": "Point",
        "coordinates": [
          118.692502,
          32.034141
        ]
      },
      "properties": {
        "id": "road-node-188-crossing",
        "kind": "junction-marking",
        "nodeId": "road-node-188",
        "widthM": 8,
        "sourceRefs": [
          "osm",
          "amap",
          "baidu-route-reference"
        ],
        "confidence": "estimated"
      }
    },
    {
      "type": "Feature",
      "id": "road-node-189-crossing",
      "geometry": {
        "type": "Point",
        "coordinates": [
          118.694671,
          32.032607
        ]
      },
      "properties": {
        "id": "road-node-189-crossing",
        "kind": "junction-marking",
        "nodeId": "road-node-189",
        "widthM": 8,
        "sourceRefs": [
          "osm",
          "amap",
          "baidu-route-reference"
        ],
        "confidence": "estimated"
      }
    },
    {
      "type": "Feature",
      "id": "road-node-190-crossing",
      "geometry": {
        "type": "Point",
        "coordinates": [
          118.681448,
          32.011141
        ]
      },
      "properties": {
        "id": "road-node-190-crossing",
        "kind": "junction-marking",
        "nodeId": "road-node-190",
        "widthM": 8,
        "sourceRefs": [
          "osm",
          "amap",
          "baidu-route-reference"
        ],
        "confidence": "estimated"
      }
    },
    {
      "type": "Feature",
      "id": "road-node-191-crossing",
      "geometry": {
        "type": "Point",
        "coordinates": [
          118.680493,
          32.009536
        ]
      },
      "properties": {
        "id": "road-node-191-crossing",
        "kind": "junction-marking",
        "nodeId": "road-node-191",
        "widthM": 8,
        "sourceRefs": [
          "osm",
          "amap",
          "baidu-route-reference"
        ],
        "confidence": "estimated"
      }
    },
    {
      "type": "Feature",
      "id": "road-node-193-crossing",
      "geometry": {
        "type": "Point",
        "coordinates": [
          118.701741,
          32.033869
        ]
      },
      "properties": {
        "id": "road-node-193-crossing",
        "kind": "junction-marking",
        "nodeId": "road-node-193",
        "widthM": 8,
        "sourceRefs": [
          "osm",
          "amap",
          "baidu-route-reference"
        ],
        "confidence": "estimated"
      }
    },
    {
      "type": "Feature",
      "id": "road-node-194-crossing",
      "geometry": {
        "type": "Point",
        "coordinates": [
          118.710556,
          32.047386
        ]
      },
      "properties": {
        "id": "road-node-194-crossing",
        "kind": "junction-marking",
        "nodeId": "road-node-194",
        "widthM": 8,
        "sourceRefs": [
          "osm",
          "amap",
          "baidu-route-reference"
        ],
        "confidence": "estimated"
      }
    },
    {
      "type": "Feature",
      "id": "road-node-196-crossing",
      "geometry": {
        "type": "Point",
        "coordinates": [
          118.706775,
          32.049369
        ]
      },
      "properties": {
        "id": "road-node-196-crossing",
        "kind": "junction-marking",
        "nodeId": "road-node-196",
        "widthM": 8,
        "sourceRefs": [
          "osm",
          "amap",
          "baidu-route-reference"
        ],
        "confidence": "estimated"
      }
    },
    {
      "type": "Feature",
      "id": "road-node-198-crossing",
      "geometry": {
        "type": "Point",
        "coordinates": [
          118.708738,
          32.048321
        ]
      },
      "properties": {
        "id": "road-node-198-crossing",
        "kind": "junction-marking",
        "nodeId": "road-node-198",
        "widthM": 8,
        "sourceRefs": [
          "osm",
          "amap",
          "baidu-route-reference"
        ],
        "confidence": "estimated"
      }
    },
    {
      "type": "Feature",
      "id": "road-node-199-crossing",
      "geometry": {
        "type": "Point",
        "coordinates": [
          118.707273,
          32.049108
        ]
      },
      "properties": {
        "id": "road-node-199-crossing",
        "kind": "junction-marking",
        "nodeId": "road-node-199",
        "widthM": 8,
        "sourceRefs": [
          "osm",
          "amap",
          "baidu-route-reference"
        ],
        "confidence": "estimated"
      }
    },
    {
      "type": "Feature",
      "id": "road-node-200-crossing",
      "geometry": {
        "type": "Point",
        "coordinates": [
          118.707023,
          32.049239
        ]
      },
      "properties": {
        "id": "road-node-200-crossing",
        "kind": "junction-marking",
        "nodeId": "road-node-200",
        "widthM": 8,
        "sourceRefs": [
          "osm",
          "amap",
          "baidu-route-reference"
        ],
        "confidence": "estimated"
      }
    },
    {
      "type": "Feature",
      "id": "road-node-201-crossing",
      "geometry": {
        "type": "Point",
        "coordinates": [
          118.717741,
          32.060729
        ]
      },
      "properties": {
        "id": "road-node-201-crossing",
        "kind": "junction-marking",
        "nodeId": "road-node-201",
        "widthM": 8,
        "sourceRefs": [
          "osm",
          "amap",
          "baidu-route-reference"
        ],
        "confidence": "estimated"
      }
    },
    {
      "type": "Feature",
      "id": "road-node-202-crossing",
      "geometry": {
        "type": "Point",
        "coordinates": [
          118.715809,
          32.057837
        ]
      },
      "properties": {
        "id": "road-node-202-crossing",
        "kind": "junction-marking",
        "nodeId": "road-node-202",
        "widthM": 8,
        "sourceRefs": [
          "osm",
          "amap",
          "baidu-route-reference"
        ],
        "confidence": "estimated"
      }
    },
    {
      "type": "Feature",
      "id": "road-node-205-crossing",
      "geometry": {
        "type": "Point",
        "coordinates": [
          118.682029,
          32.020202
        ]
      },
      "properties": {
        "id": "road-node-205-crossing",
        "kind": "junction-marking",
        "nodeId": "road-node-205",
        "widthM": 8,
        "sourceRefs": [
          "osm",
          "amap",
          "baidu-route-reference"
        ],
        "confidence": "estimated"
      }
    },
    {
      "type": "Feature",
      "id": "road-node-208-crossing",
      "geometry": {
        "type": "Point",
        "coordinates": [
          118.712841,
          32.060447
        ]
      },
      "properties": {
        "id": "road-node-208-crossing",
        "kind": "junction-marking",
        "nodeId": "road-node-208",
        "widthM": 8,
        "sourceRefs": [
          "osm",
          "amap",
          "baidu-route-reference"
        ],
        "confidence": "estimated"
      }
    },
    {
      "type": "Feature",
      "id": "road-node-209-crossing",
      "geometry": {
        "type": "Point",
        "coordinates": [
          118.697564,
          32.045167
        ]
      },
      "properties": {
        "id": "road-node-209-crossing",
        "kind": "junction-marking",
        "nodeId": "road-node-209",
        "widthM": 8,
        "sourceRefs": [
          "osm",
          "amap",
          "baidu-route-reference"
        ],
        "confidence": "estimated"
      }
    },
    {
      "type": "Feature",
      "id": "road-node-211-crossing",
      "geometry": {
        "type": "Point",
        "coordinates": [
          118.705968,
          32.035735
        ]
      },
      "properties": {
        "id": "road-node-211-crossing",
        "kind": "junction-marking",
        "nodeId": "road-node-211",
        "widthM": 8,
        "sourceRefs": [
          "osm",
          "amap",
          "baidu-route-reference"
        ],
        "confidence": "estimated"
      }
    },
    {
      "type": "Feature",
      "id": "road-node-212-crossing",
      "geometry": {
        "type": "Point",
        "coordinates": [
          118.704018,
          32.036718
        ]
      },
      "properties": {
        "id": "road-node-212-crossing",
        "kind": "junction-marking",
        "nodeId": "road-node-212",
        "widthM": 8,
        "sourceRefs": [
          "osm",
          "amap",
          "baidu-route-reference"
        ],
        "confidence": "estimated"
      }
    },
    {
      "type": "Feature",
      "id": "road-node-213-crossing",
      "geometry": {
        "type": "Point",
        "coordinates": [
          118.694112,
          32.007026
        ]
      },
      "properties": {
        "id": "road-node-213-crossing",
        "kind": "junction-marking",
        "nodeId": "road-node-213",
        "widthM": 8,
        "sourceRefs": [
          "osm",
          "amap",
          "baidu-route-reference"
        ],
        "confidence": "estimated"
      }
    },
    {
      "type": "Feature",
      "id": "road-node-215-crossing",
      "geometry": {
        "type": "Point",
        "coordinates": [
          118.691564,
          32.002895
        ]
      },
      "properties": {
        "id": "road-node-215-crossing",
        "kind": "junction-marking",
        "nodeId": "road-node-215",
        "widthM": 8,
        "sourceRefs": [
          "osm",
          "amap",
          "baidu-route-reference"
        ],
        "confidence": "estimated"
      }
    },
    {
      "type": "Feature",
      "id": "road-node-216-crossing",
      "geometry": {
        "type": "Point",
        "coordinates": [
          118.694933,
          32.014233
        ]
      },
      "properties": {
        "id": "road-node-216-crossing",
        "kind": "junction-marking",
        "nodeId": "road-node-216",
        "widthM": 8,
        "sourceRefs": [
          "osm",
          "amap",
          "baidu-route-reference"
        ],
        "confidence": "estimated"
      }
    },
    {
      "type": "Feature",
      "id": "road-node-222-crossing",
      "geometry": {
        "type": "Point",
        "coordinates": [
          118.712737,
          32.060343
        ]
      },
      "properties": {
        "id": "road-node-222-crossing",
        "kind": "junction-marking",
        "nodeId": "road-node-222",
        "widthM": 8,
        "sourceRefs": [
          "osm",
          "amap",
          "baidu-route-reference"
        ],
        "confidence": "estimated"
      }
    },
    {
      "type": "Feature",
      "id": "road-node-224-crossing",
      "geometry": {
        "type": "Point",
        "coordinates": [
          118.701643,
          32.034851
        ]
      },
      "properties": {
        "id": "road-node-224-crossing",
        "kind": "junction-marking",
        "nodeId": "road-node-224",
        "widthM": 8,
        "sourceRefs": [
          "osm",
          "amap",
          "baidu-route-reference"
        ],
        "confidence": "estimated"
      }
    },
    {
      "type": "Feature",
      "id": "road-node-225-crossing",
      "geometry": {
        "type": "Point",
        "coordinates": [
          118.690688,
          32.011973
        ]
      },
      "properties": {
        "id": "road-node-225-crossing",
        "kind": "junction-marking",
        "nodeId": "road-node-225",
        "widthM": 8,
        "sourceRefs": [
          "osm",
          "amap",
          "baidu-route-reference"
        ],
        "confidence": "estimated"
      }
    },
    {
      "type": "Feature",
      "id": "road-node-228-crossing",
      "geometry": {
        "type": "Point",
        "coordinates": [
          118.672359,
          31.995841
        ]
      },
      "properties": {
        "id": "road-node-228-crossing",
        "kind": "junction-marking",
        "nodeId": "road-node-228",
        "widthM": 8,
        "sourceRefs": [
          "osm",
          "amap",
          "baidu-route-reference"
        ],
        "confidence": "estimated"
      }
    },
    {
      "type": "Feature",
      "id": "road-node-229-crossing",
      "geometry": {
        "type": "Point",
        "coordinates": [
          118.699592,
          32.036494
        ]
      },
      "properties": {
        "id": "road-node-229-crossing",
        "kind": "junction-marking",
        "nodeId": "road-node-229",
        "widthM": 8,
        "sourceRefs": [
          "osm",
          "amap",
          "baidu-route-reference"
        ],
        "confidence": "estimated"
      }
    },
    {
      "type": "Feature",
      "id": "road-node-234-crossing",
      "geometry": {
        "type": "Point",
        "coordinates": [
          118.679265,
          31.992158
        ]
      },
      "properties": {
        "id": "road-node-234-crossing",
        "kind": "junction-marking",
        "nodeId": "road-node-234",
        "widthM": 8,
        "sourceRefs": [
          "osm",
          "amap",
          "baidu-route-reference"
        ],
        "confidence": "estimated"
      }
    },
    {
      "type": "Feature",
      "id": "road-node-235-crossing",
      "geometry": {
        "type": "Point",
        "coordinates": [
          118.675799,
          31.992386
        ]
      },
      "properties": {
        "id": "road-node-235-crossing",
        "kind": "junction-marking",
        "nodeId": "road-node-235",
        "widthM": 8,
        "sourceRefs": [
          "osm",
          "amap",
          "baidu-route-reference"
        ],
        "confidence": "estimated"
      }
    },
    {
      "type": "Feature",
      "id": "road-node-239-crossing",
      "geometry": {
        "type": "Point",
        "coordinates": [
          118.704201,
          32.033275
        ]
      },
      "properties": {
        "id": "road-node-239-crossing",
        "kind": "junction-marking",
        "nodeId": "road-node-239",
        "widthM": 8,
        "sourceRefs": [
          "osm",
          "amap",
          "baidu-route-reference"
        ],
        "confidence": "estimated"
      }
    },
    {
      "type": "Feature",
      "id": "road-node-242-crossing",
      "geometry": {
        "type": "Point",
        "coordinates": [
          118.701852,
          32.034947
        ]
      },
      "properties": {
        "id": "road-node-242-crossing",
        "kind": "junction-marking",
        "nodeId": "road-node-242",
        "widthM": 8,
        "sourceRefs": [
          "osm",
          "amap",
          "baidu-route-reference"
        ],
        "confidence": "estimated"
      }
    },
    {
      "type": "Feature",
      "id": "road-node-253-crossing",
      "geometry": {
        "type": "Point",
        "coordinates": [
          118.704433,
          32.033563
        ]
      },
      "properties": {
        "id": "road-node-253-crossing",
        "kind": "junction-marking",
        "nodeId": "road-node-253",
        "widthM": 8,
        "sourceRefs": [
          "osm",
          "amap",
          "baidu-route-reference"
        ],
        "confidence": "estimated"
      }
    },
    {
      "type": "Feature",
      "id": "road-node-271-crossing",
      "geometry": {
        "type": "Point",
        "coordinates": [
          118.693004,
          32.001905
        ]
      },
      "properties": {
        "id": "road-node-271-crossing",
        "kind": "junction-marking",
        "nodeId": "road-node-271",
        "widthM": 8,
        "sourceRefs": [
          "osm",
          "amap",
          "baidu-route-reference"
        ],
        "confidence": "estimated"
      }
    },
    {
      "type": "Feature",
      "id": "road-node-274-crossing",
      "geometry": {
        "type": "Point",
        "coordinates": [
          118.696056,
          32.045658
        ]
      },
      "properties": {
        "id": "road-node-274-crossing",
        "kind": "junction-marking",
        "nodeId": "road-node-274",
        "widthM": 8,
        "sourceRefs": [
          "osm",
          "amap",
          "baidu-route-reference"
        ],
        "confidence": "estimated"
      }
    },
    {
      "type": "Feature",
      "id": "road-node-276-crossing",
      "geometry": {
        "type": "Point",
        "coordinates": [
          118.676865,
          32.014839
        ]
      },
      "properties": {
        "id": "road-node-276-crossing",
        "kind": "junction-marking",
        "nodeId": "road-node-276",
        "widthM": 8,
        "sourceRefs": [
          "osm",
          "amap",
          "baidu-route-reference"
        ],
        "confidence": "estimated"
      }
    },
    {
      "type": "Feature",
      "id": "road-node-280-crossing",
      "geometry": {
        "type": "Point",
        "coordinates": [
          118.684939,
          32.001711
        ]
      },
      "properties": {
        "id": "road-node-280-crossing",
        "kind": "junction-marking",
        "nodeId": "road-node-280",
        "widthM": 8,
        "sourceRefs": [
          "osm",
          "amap",
          "baidu-route-reference"
        ],
        "confidence": "estimated"
      }
    },
    {
      "type": "Feature",
      "id": "road-node-281-crossing",
      "geometry": {
        "type": "Point",
        "coordinates": [
          118.684634,
          32.001156
        ]
      },
      "properties": {
        "id": "road-node-281-crossing",
        "kind": "junction-marking",
        "nodeId": "road-node-281",
        "widthM": 8,
        "sourceRefs": [
          "osm",
          "amap",
          "baidu-route-reference"
        ],
        "confidence": "estimated"
      }
    },
    {
      "type": "Feature",
      "id": "road-node-285-crossing",
      "geometry": {
        "type": "Point",
        "coordinates": [
          118.686242,
          32.001393
        ]
      },
      "properties": {
        "id": "road-node-285-crossing",
        "kind": "junction-marking",
        "nodeId": "road-node-285",
        "widthM": 8,
        "sourceRefs": [
          "osm",
          "amap",
          "baidu-route-reference"
        ],
        "confidence": "estimated"
      }
    },
    {
      "type": "Feature",
      "id": "road-node-288-crossing",
      "geometry": {
        "type": "Point",
        "coordinates": [
          118.685586,
          32.000726
        ]
      },
      "properties": {
        "id": "road-node-288-crossing",
        "kind": "junction-marking",
        "nodeId": "road-node-288",
        "widthM": 8,
        "sourceRefs": [
          "osm",
          "amap",
          "baidu-route-reference"
        ],
        "confidence": "estimated"
      }
    },
    {
      "type": "Feature",
      "id": "road-node-289-crossing",
      "geometry": {
        "type": "Point",
        "coordinates": [
          118.686072,
          32.001221
        ]
      },
      "properties": {
        "id": "road-node-289-crossing",
        "kind": "junction-marking",
        "nodeId": "road-node-289",
        "widthM": 8,
        "sourceRefs": [
          "osm",
          "amap",
          "baidu-route-reference"
        ],
        "confidence": "estimated"
      }
    },
    {
      "type": "Feature",
      "id": "road-node-290-crossing",
      "geometry": {
        "type": "Point",
        "coordinates": [
          118.682749,
          32.002367
        ]
      },
      "properties": {
        "id": "road-node-290-crossing",
        "kind": "junction-marking",
        "nodeId": "road-node-290",
        "widthM": 8,
        "sourceRefs": [
          "osm",
          "amap",
          "baidu-route-reference"
        ],
        "confidence": "estimated"
      }
    },
    {
      "type": "Feature",
      "id": "road-node-292-crossing",
      "geometry": {
        "type": "Point",
        "coordinates": [
          118.682544,
          32.001975
        ]
      },
      "properties": {
        "id": "road-node-292-crossing",
        "kind": "junction-marking",
        "nodeId": "road-node-292",
        "widthM": 8,
        "sourceRefs": [
          "osm",
          "amap",
          "baidu-route-reference"
        ],
        "confidence": "estimated"
      }
    },
    {
      "type": "Feature",
      "id": "road-node-307-crossing",
      "geometry": {
        "type": "Point",
        "coordinates": [
          118.714793,
          32.050157
        ]
      },
      "properties": {
        "id": "road-node-307-crossing",
        "kind": "junction-marking",
        "nodeId": "road-node-307",
        "widthM": 8,
        "sourceRefs": [
          "osm",
          "amap",
          "baidu-route-reference"
        ],
        "confidence": "estimated"
      }
    },
    {
      "type": "Feature",
      "id": "road-node-312-crossing",
      "geometry": {
        "type": "Point",
        "coordinates": [
          118.706707,
          32.037024
        ]
      },
      "properties": {
        "id": "road-node-312-crossing",
        "kind": "junction-marking",
        "nodeId": "road-node-312",
        "widthM": 8,
        "sourceRefs": [
          "osm",
          "amap",
          "baidu-route-reference"
        ],
        "confidence": "estimated"
      }
    },
    {
      "type": "Feature",
      "id": "road-node-314-crossing",
      "geometry": {
        "type": "Point",
        "coordinates": [
          118.702417,
          32.039389
        ]
      },
      "properties": {
        "id": "road-node-314-crossing",
        "kind": "junction-marking",
        "nodeId": "road-node-314",
        "widthM": 8,
        "sourceRefs": [
          "osm",
          "amap",
          "baidu-route-reference"
        ],
        "confidence": "estimated"
      }
    },
    {
      "type": "Feature",
      "id": "road-node-315-crossing",
      "geometry": {
        "type": "Point",
        "coordinates": [
          118.702541,
          32.039267
        ]
      },
      "properties": {
        "id": "road-node-315-crossing",
        "kind": "junction-marking",
        "nodeId": "road-node-315",
        "widthM": 8,
        "sourceRefs": [
          "osm",
          "amap",
          "baidu-route-reference"
        ],
        "confidence": "estimated"
      }
    },
    {
      "type": "Feature",
      "id": "road-node-318-crossing",
      "geometry": {
        "type": "Point",
        "coordinates": [
          118.698607,
          32.034057
        ]
      },
      "properties": {
        "id": "road-node-318-crossing",
        "kind": "junction-marking",
        "nodeId": "road-node-318",
        "widthM": 8,
        "sourceRefs": [
          "osm",
          "amap",
          "baidu-route-reference"
        ],
        "confidence": "estimated"
      }
    },
    {
      "type": "Feature",
      "id": "road-node-329-crossing",
      "geometry": {
        "type": "Point",
        "coordinates": [
          118.696072,
          31.99972
        ]
      },
      "properties": {
        "id": "road-node-329-crossing",
        "kind": "junction-marking",
        "nodeId": "road-node-329",
        "widthM": 8,
        "sourceRefs": [
          "osm",
          "amap",
          "baidu-route-reference"
        ],
        "confidence": "estimated"
      }
    },
    {
      "type": "Feature",
      "id": "road-node-330-crossing",
      "geometry": {
        "type": "Point",
        "coordinates": [
          118.676397,
          32.01124
        ]
      },
      "properties": {
        "id": "road-node-330-crossing",
        "kind": "junction-marking",
        "nodeId": "road-node-330",
        "widthM": 8,
        "sourceRefs": [
          "osm",
          "amap",
          "baidu-route-reference"
        ],
        "confidence": "estimated"
      }
    },
    {
      "type": "Feature",
      "id": "road-node-335-crossing",
      "geometry": {
        "type": "Point",
        "coordinates": [
          118.697767,
          32.002099
        ]
      },
      "properties": {
        "id": "road-node-335-crossing",
        "kind": "junction-marking",
        "nodeId": "road-node-335",
        "widthM": 8,
        "sourceRefs": [
          "osm",
          "amap",
          "baidu-route-reference"
        ],
        "confidence": "estimated"
      }
    },
    {
      "type": "Feature",
      "id": "road-node-338-crossing",
      "geometry": {
        "type": "Point",
        "coordinates": [
          118.673448,
          32.005538
        ]
      },
      "properties": {
        "id": "road-node-338-crossing",
        "kind": "junction-marking",
        "nodeId": "road-node-338",
        "widthM": 8,
        "sourceRefs": [
          "osm",
          "amap",
          "baidu-route-reference"
        ],
        "confidence": "estimated"
      }
    },
    {
      "type": "Feature",
      "id": "road-node-339-crossing",
      "geometry": {
        "type": "Point",
        "coordinates": [
          118.673283,
          32.005192
        ]
      },
      "properties": {
        "id": "road-node-339-crossing",
        "kind": "junction-marking",
        "nodeId": "road-node-339",
        "widthM": 8,
        "sourceRefs": [
          "osm",
          "amap",
          "baidu-route-reference"
        ],
        "confidence": "estimated"
      }
    },
    {
      "type": "Feature",
      "id": "road-node-343-crossing",
      "geometry": {
        "type": "Point",
        "coordinates": [
          118.6884366,
          32.0129615
        ]
      },
      "properties": {
        "id": "road-node-343-crossing",
        "kind": "junction-marking",
        "nodeId": "road-node-343",
        "widthM": 8,
        "sourceRefs": [
          "osm",
          "amap",
          "baidu-route-reference"
        ],
        "confidence": "estimated"
      }
    },
    {
      "type": "Feature",
      "id": "road-node-346-crossing",
      "geometry": {
        "type": "Point",
        "coordinates": [
          118.6929043,
          32.0111567
        ]
      },
      "properties": {
        "id": "road-node-346-crossing",
        "kind": "junction-marking",
        "nodeId": "road-node-346",
        "widthM": 8,
        "sourceRefs": [
          "osm",
          "amap",
          "baidu-route-reference"
        ],
        "confidence": "estimated"
      }
    },
    {
      "type": "Feature",
      "id": "road-node-435-crossing",
      "geometry": {
        "type": "Point",
        "coordinates": [
          118.700087,
          32.036003
        ]
      },
      "properties": {
        "id": "road-node-435-crossing",
        "kind": "junction-marking",
        "nodeId": "road-node-435",
        "widthM": 8,
        "sourceRefs": [
          "osm",
          "amap",
          "baidu-route-reference"
        ],
        "confidence": "estimated"
      }
    },
    {
      "type": "Feature",
      "id": "road-node-436-crossing",
      "geometry": {
        "type": "Point",
        "coordinates": [
          118.7001643,
          32.0361022
        ]
      },
      "properties": {
        "id": "road-node-436-crossing",
        "kind": "junction-marking",
        "nodeId": "road-node-436",
        "widthM": 8,
        "sourceRefs": [
          "osm",
          "amap",
          "baidu-route-reference"
        ],
        "confidence": "estimated"
      }
    },
    {
      "type": "Feature",
      "id": "road-node-437-crossing",
      "geometry": {
        "type": "Point",
        "coordinates": [
          118.7000927,
          32.0361512
        ]
      },
      "properties": {
        "id": "road-node-437-crossing",
        "kind": "junction-marking",
        "nodeId": "road-node-437",
        "widthM": 8,
        "sourceRefs": [
          "osm",
          "amap",
          "baidu-route-reference"
        ],
        "confidence": "estimated"
      }
    },
    {
      "type": "Feature",
      "id": "road-node-438-crossing",
      "geometry": {
        "type": "Point",
        "coordinates": [
          118.7000186,
          32.0360536
        ]
      },
      "properties": {
        "id": "road-node-438-crossing",
        "kind": "junction-marking",
        "nodeId": "road-node-438",
        "widthM": 8,
        "sourceRefs": [
          "osm",
          "amap",
          "baidu-route-reference"
        ],
        "confidence": "estimated"
      }
    },
    {
      "type": "Feature",
      "id": "road-node-440-crossing",
      "geometry": {
        "type": "Point",
        "coordinates": [
          118.7031702,
          32.040347
        ]
      },
      "properties": {
        "id": "road-node-440-crossing",
        "kind": "junction-marking",
        "nodeId": "road-node-440",
        "widthM": 8,
        "sourceRefs": [
          "osm",
          "amap",
          "baidu-route-reference"
        ],
        "confidence": "estimated"
      }
    },
    {
      "type": "Feature",
      "id": "road-node-441-crossing",
      "geometry": {
        "type": "Point",
        "coordinates": [
          118.7041426,
          32.0416985
        ]
      },
      "properties": {
        "id": "road-node-441-crossing",
        "kind": "junction-marking",
        "nodeId": "road-node-441",
        "widthM": 8,
        "sourceRefs": [
          "osm",
          "amap",
          "baidu-route-reference"
        ],
        "confidence": "estimated"
      }
    },
    {
      "type": "Feature",
      "id": "road-node-442-crossing",
      "geometry": {
        "type": "Point",
        "coordinates": [
          118.7041921,
          32.0417671
        ]
      },
      "properties": {
        "id": "road-node-442-crossing",
        "kind": "junction-marking",
        "nodeId": "road-node-442",
        "widthM": 8,
        "sourceRefs": [
          "osm",
          "amap",
          "baidu-route-reference"
        ],
        "confidence": "estimated"
      }
    },
    {
      "type": "Feature",
      "id": "road-node-443-crossing",
      "geometry": {
        "type": "Point",
        "coordinates": [
          118.7057892,
          32.0439789
        ]
      },
      "properties": {
        "id": "road-node-443-crossing",
        "kind": "junction-marking",
        "nodeId": "road-node-443",
        "widthM": 8,
        "sourceRefs": [
          "osm",
          "amap",
          "baidu-route-reference"
        ],
        "confidence": "estimated"
      }
    },
    {
      "type": "Feature",
      "id": "road-node-444-crossing",
      "geometry": {
        "type": "Point",
        "coordinates": [
          118.707042,
          32.0457139
        ]
      },
      "properties": {
        "id": "road-node-444-crossing",
        "kind": "junction-marking",
        "nodeId": "road-node-444",
        "widthM": 8,
        "sourceRefs": [
          "osm",
          "amap",
          "baidu-route-reference"
        ],
        "confidence": "estimated"
      }
    },
    {
      "type": "Feature",
      "id": "road-node-445-crossing",
      "geometry": {
        "type": "Point",
        "coordinates": [
          118.708222,
          32.0473481
        ]
      },
      "properties": {
        "id": "road-node-445-crossing",
        "kind": "junction-marking",
        "nodeId": "road-node-445",
        "widthM": 8,
        "sourceRefs": [
          "osm",
          "amap",
          "baidu-route-reference"
        ],
        "confidence": "estimated"
      }
    },
    {
      "type": "Feature",
      "id": "road-node-447-crossing",
      "geometry": {
        "type": "Point",
        "coordinates": [
          118.7156885,
          32.0579546
        ]
      },
      "properties": {
        "id": "road-node-447-crossing",
        "kind": "junction-marking",
        "nodeId": "road-node-447",
        "widthM": 8,
        "sourceRefs": [
          "osm",
          "amap",
          "baidu-route-reference"
        ],
        "confidence": "estimated"
      }
    },
    {
      "type": "Feature",
      "id": "road-node-448-crossing",
      "geometry": {
        "type": "Point",
        "coordinates": [
          118.695115,
          32.0295159
        ]
      },
      "properties": {
        "id": "road-node-448-crossing",
        "kind": "junction-marking",
        "nodeId": "road-node-448",
        "widthM": 8,
        "sourceRefs": [
          "osm",
          "amap",
          "baidu-route-reference"
        ],
        "confidence": "estimated"
      }
    },
    {
      "type": "Feature",
      "id": "road-node-449-crossing",
      "geometry": {
        "type": "Point",
        "coordinates": [
          118.6951668,
          32.0295828
        ]
      },
      "properties": {
        "id": "road-node-449-crossing",
        "kind": "junction-marking",
        "nodeId": "road-node-449",
        "widthM": 8,
        "sourceRefs": [
          "osm",
          "amap",
          "baidu-route-reference"
        ],
        "confidence": "estimated"
      }
    },
    {
      "type": "Feature",
      "id": "road-node-450-crossing",
      "geometry": {
        "type": "Point",
        "coordinates": [
          118.6964935,
          32.0312957
        ]
      },
      "properties": {
        "id": "road-node-450-crossing",
        "kind": "junction-marking",
        "nodeId": "road-node-450",
        "widthM": 8,
        "sourceRefs": [
          "osm",
          "amap",
          "baidu-route-reference"
        ],
        "confidence": "estimated"
      }
    },
    {
      "type": "Feature",
      "id": "road-node-451-crossing",
      "geometry": {
        "type": "Point",
        "coordinates": [
          118.6976385,
          32.0330749
        ]
      },
      "properties": {
        "id": "road-node-451-crossing",
        "kind": "junction-marking",
        "nodeId": "road-node-451",
        "widthM": 8,
        "sourceRefs": [
          "osm",
          "amap",
          "baidu-route-reference"
        ],
        "confidence": "estimated"
      }
    },
    {
      "type": "Feature",
      "id": "road-node-452-crossing",
      "geometry": {
        "type": "Point",
        "coordinates": [
          118.6963388,
          32.031407
        ]
      },
      "properties": {
        "id": "road-node-452-crossing",
        "kind": "junction-marking",
        "nodeId": "road-node-452",
        "widthM": 8,
        "sourceRefs": [
          "osm",
          "amap",
          "baidu-route-reference"
        ],
        "confidence": "estimated"
      }
    },
    {
      "type": "Feature",
      "id": "road-node-453-crossing",
      "geometry": {
        "type": "Point",
        "coordinates": [
          118.6950067,
          32.0296978
        ]
      },
      "properties": {
        "id": "road-node-453-crossing",
        "kind": "junction-marking",
        "nodeId": "road-node-453",
        "widthM": 8,
        "sourceRefs": [
          "osm",
          "amap",
          "baidu-route-reference"
        ],
        "confidence": "estimated"
      }
    },
    {
      "type": "Feature",
      "id": "road-node-454-crossing",
      "geometry": {
        "type": "Point",
        "coordinates": [
          118.6949546,
          32.0296308
        ]
      },
      "properties": {
        "id": "road-node-454-crossing",
        "kind": "junction-marking",
        "nodeId": "road-node-454",
        "widthM": 8,
        "sourceRefs": [
          "osm",
          "amap",
          "baidu-route-reference"
        ],
        "confidence": "estimated"
      }
    },
    {
      "type": "Feature",
      "id": "road-node-455-crossing",
      "geometry": {
        "type": "Point",
        "coordinates": [
          118.6891842,
          32.0046543
        ]
      },
      "properties": {
        "id": "road-node-455-crossing",
        "kind": "junction-marking",
        "nodeId": "road-node-455",
        "widthM": 8,
        "sourceRefs": [
          "osm",
          "amap",
          "baidu-route-reference"
        ],
        "confidence": "estimated"
      }
    },
    {
      "type": "Feature",
      "id": "road-node-456-crossing",
      "geometry": {
        "type": "Point",
        "coordinates": [
          118.6891289,
          32.0045982
        ]
      },
      "properties": {
        "id": "road-node-456-crossing",
        "kind": "junction-marking",
        "nodeId": "road-node-456",
        "widthM": 8,
        "sourceRefs": [
          "osm",
          "amap",
          "baidu-route-reference"
        ],
        "confidence": "estimated"
      }
    },
    {
      "type": "Feature",
      "id": "road-node-457-crossing",
      "geometry": {
        "type": "Point",
        "coordinates": [
          118.6860324,
          32.0014579
        ]
      },
      "properties": {
        "id": "road-node-457-crossing",
        "kind": "junction-marking",
        "nodeId": "road-node-457",
        "widthM": 8,
        "sourceRefs": [
          "osm",
          "amap",
          "baidu-route-reference"
        ],
        "confidence": "estimated"
      }
    },
    {
      "type": "Feature",
      "id": "road-node-458-crossing",
      "geometry": {
        "type": "Point",
        "coordinates": [
          118.6859457,
          32.00137
        ]
      },
      "properties": {
        "id": "road-node-458-crossing",
        "kind": "junction-marking",
        "nodeId": "road-node-458",
        "widthM": 8,
        "sourceRefs": [
          "osm",
          "amap",
          "baidu-route-reference"
        ],
        "confidence": "estimated"
      }
    },
    {
      "type": "Feature",
      "id": "road-node-459-crossing",
      "geometry": {
        "type": "Point",
        "coordinates": [
          118.6858681,
          32.0012913
        ]
      },
      "properties": {
        "id": "road-node-459-crossing",
        "kind": "junction-marking",
        "nodeId": "road-node-459",
        "widthM": 8,
        "sourceRefs": [
          "osm",
          "amap",
          "baidu-route-reference"
        ],
        "confidence": "estimated"
      }
    },
    {
      "type": "Feature",
      "id": "road-node-460-crossing",
      "geometry": {
        "type": "Point",
        "coordinates": [
          118.6855527,
          32.0009715
        ]
      },
      "properties": {
        "id": "road-node-460-crossing",
        "kind": "junction-marking",
        "nodeId": "road-node-460",
        "widthM": 8,
        "sourceRefs": [
          "osm",
          "amap",
          "baidu-route-reference"
        ],
        "confidence": "estimated"
      }
    },
    {
      "type": "Feature",
      "id": "road-node-461-crossing",
      "geometry": {
        "type": "Point",
        "coordinates": [
          118.6854871,
          32.0009049
        ]
      },
      "properties": {
        "id": "road-node-461-crossing",
        "kind": "junction-marking",
        "nodeId": "road-node-461",
        "widthM": 8,
        "sourceRefs": [
          "osm",
          "amap",
          "baidu-route-reference"
        ],
        "confidence": "estimated"
      }
    },
    {
      "type": "Feature",
      "id": "road-node-462-crossing",
      "geometry": {
        "type": "Point",
        "coordinates": [
          118.6853853,
          32.0008017
        ]
      },
      "properties": {
        "id": "road-node-462-crossing",
        "kind": "junction-marking",
        "nodeId": "road-node-462",
        "widthM": 8,
        "sourceRefs": [
          "osm",
          "amap",
          "baidu-route-reference"
        ],
        "confidence": "estimated"
      }
    },
    {
      "type": "Feature",
      "id": "road-node-464-crossing",
      "geometry": {
        "type": "Point",
        "coordinates": [
          118.6813573,
          31.997152
        ]
      },
      "properties": {
        "id": "road-node-464-crossing",
        "kind": "junction-marking",
        "nodeId": "road-node-464",
        "widthM": 8,
        "sourceRefs": [
          "osm",
          "amap",
          "baidu-route-reference"
        ],
        "confidence": "estimated"
      }
    },
    {
      "type": "Feature",
      "id": "road-node-465-crossing",
      "geometry": {
        "type": "Point",
        "coordinates": [
          118.6814169,
          31.997202
        ]
      },
      "properties": {
        "id": "road-node-465-crossing",
        "kind": "junction-marking",
        "nodeId": "road-node-465",
        "widthM": 8,
        "sourceRefs": [
          "osm",
          "amap",
          "baidu-route-reference"
        ],
        "confidence": "estimated"
      }
    },
    {
      "type": "Feature",
      "id": "road-node-467-crossing",
      "geometry": {
        "type": "Point",
        "coordinates": [
          118.6856993,
          32.0008425
        ]
      },
      "properties": {
        "id": "road-node-467-crossing",
        "kind": "junction-marking",
        "nodeId": "road-node-467",
        "widthM": 8,
        "sourceRefs": [
          "osm",
          "amap",
          "baidu-route-reference"
        ],
        "confidence": "estimated"
      }
    },
    {
      "type": "Feature",
      "id": "road-node-468-crossing",
      "geometry": {
        "type": "Point",
        "coordinates": [
          118.6861496,
          32.001301
        ]
      },
      "properties": {
        "id": "road-node-468-crossing",
        "kind": "junction-marking",
        "nodeId": "road-node-468",
        "widthM": 8,
        "sourceRefs": [
          "osm",
          "amap",
          "baidu-route-reference"
        ],
        "confidence": "estimated"
      }
    },
    {
      "type": "Feature",
      "id": "road-node-469-crossing",
      "geometry": {
        "type": "Point",
        "coordinates": [
          118.6892825,
          32.0044913
        ]
      },
      "properties": {
        "id": "road-node-469-crossing",
        "kind": "junction-marking",
        "nodeId": "road-node-469",
        "widthM": 8,
        "sourceRefs": [
          "osm",
          "amap",
          "baidu-route-reference"
        ],
        "confidence": "estimated"
      }
    },
    {
      "type": "Feature",
      "id": "road-node-470-crossing",
      "geometry": {
        "type": "Point",
        "coordinates": [
          118.6893378,
          32.0045476
        ]
      },
      "properties": {
        "id": "road-node-470-crossing",
        "kind": "junction-marking",
        "nodeId": "road-node-470",
        "widthM": 8,
        "sourceRefs": [
          "osm",
          "amap",
          "baidu-route-reference"
        ],
        "confidence": "estimated"
      }
    },
    {
      "type": "Feature",
      "id": "road-node-471-crossing",
      "geometry": {
        "type": "Point",
        "coordinates": [
          118.7155553,
          32.0580624
        ]
      },
      "properties": {
        "id": "road-node-471-crossing",
        "kind": "junction-marking",
        "nodeId": "road-node-471",
        "widthM": 8,
        "sourceRefs": [
          "osm",
          "amap",
          "baidu-route-reference"
        ],
        "confidence": "estimated"
      }
    },
    {
      "type": "Feature",
      "id": "road-node-473-crossing",
      "geometry": {
        "type": "Point",
        "coordinates": [
          118.7080836,
          32.0474212
        ]
      },
      "properties": {
        "id": "road-node-473-crossing",
        "kind": "junction-marking",
        "nodeId": "road-node-473",
        "widthM": 8,
        "sourceRefs": [
          "osm",
          "amap",
          "baidu-route-reference"
        ],
        "confidence": "estimated"
      }
    },
    {
      "type": "Feature",
      "id": "road-node-474-crossing",
      "geometry": {
        "type": "Point",
        "coordinates": [
          118.7069018,
          32.0457862
        ]
      },
      "properties": {
        "id": "road-node-474-crossing",
        "kind": "junction-marking",
        "nodeId": "road-node-474",
        "widthM": 8,
        "sourceRefs": [
          "osm",
          "amap",
          "baidu-route-reference"
        ],
        "confidence": "estimated"
      }
    },
    {
      "type": "Feature",
      "id": "road-node-475-crossing",
      "geometry": {
        "type": "Point",
        "coordinates": [
          118.7056566,
          32.0440635
        ]
      },
      "properties": {
        "id": "road-node-475-crossing",
        "kind": "junction-marking",
        "nodeId": "road-node-475",
        "widthM": 8,
        "sourceRefs": [
          "osm",
          "amap",
          "baidu-route-reference"
        ],
        "confidence": "estimated"
      }
    },
    {
      "type": "Feature",
      "id": "road-node-476-crossing",
      "geometry": {
        "type": "Point",
        "coordinates": [
          118.7040505,
          32.0418415
        ]
      },
      "properties": {
        "id": "road-node-476-crossing",
        "kind": "junction-marking",
        "nodeId": "road-node-476",
        "widthM": 8,
        "sourceRefs": [
          "osm",
          "amap",
          "baidu-route-reference"
        ],
        "confidence": "estimated"
      }
    },
    {
      "type": "Feature",
      "id": "road-node-477-crossing",
      "geometry": {
        "type": "Point",
        "coordinates": [
          118.7040004,
          32.0417721
        ]
      },
      "properties": {
        "id": "road-node-477-crossing",
        "kind": "junction-marking",
        "nodeId": "road-node-477",
        "widthM": 8,
        "sourceRefs": [
          "osm",
          "amap",
          "baidu-route-reference"
        ],
        "confidence": "estimated"
      }
    },
    {
      "type": "Feature",
      "id": "road-node-479-crossing",
      "geometry": {
        "type": "Point",
        "coordinates": [
          118.7030331,
          32.0404307
        ]
      },
      "properties": {
        "id": "road-node-479-crossing",
        "kind": "junction-marking",
        "nodeId": "road-node-479",
        "widthM": 8,
        "sourceRefs": [
          "osm",
          "amap",
          "baidu-route-reference"
        ],
        "confidence": "estimated"
      }
    },
    {
      "type": "Feature",
      "id": "road-node-483-crossing",
      "geometry": {
        "type": "Point",
        "coordinates": [
          118.6926107,
          32.0262727
        ]
      },
      "properties": {
        "id": "road-node-483-crossing",
        "kind": "junction-marking",
        "nodeId": "road-node-483",
        "widthM": 8,
        "sourceRefs": [
          "osm",
          "amap",
          "baidu-route-reference"
        ],
        "confidence": "estimated"
      }
    },
    {
      "type": "Feature",
      "id": "road-node-484-crossing",
      "geometry": {
        "type": "Point",
        "coordinates": [
          118.6926624,
          32.0263399
        ]
      },
      "properties": {
        "id": "road-node-484-crossing",
        "kind": "junction-marking",
        "nodeId": "road-node-484",
        "widthM": 8,
        "sourceRefs": [
          "osm",
          "amap",
          "baidu-route-reference"
        ],
        "confidence": "estimated"
      }
    },
    {
      "type": "Feature",
      "id": "road-node-485-crossing",
      "geometry": {
        "type": "Point",
        "coordinates": [
          118.6913121,
          32.0225627
        ]
      },
      "properties": {
        "id": "road-node-485-crossing",
        "kind": "junction-marking",
        "nodeId": "road-node-485",
        "widthM": 8,
        "sourceRefs": [
          "osm",
          "amap",
          "baidu-route-reference"
        ],
        "confidence": "estimated"
      }
    },
    {
      "type": "Feature",
      "id": "road-node-486-crossing",
      "geometry": {
        "type": "Point",
        "coordinates": [
          118.6915253,
          32.0225575
        ]
      },
      "properties": {
        "id": "road-node-486-crossing",
        "kind": "junction-marking",
        "nodeId": "road-node-486",
        "widthM": 8,
        "sourceRefs": [
          "osm",
          "amap",
          "baidu-route-reference"
        ],
        "confidence": "estimated"
      }
    },
    {
      "type": "Feature",
      "id": "road-node-487-crossing",
      "geometry": {
        "type": "Point",
        "coordinates": [
          118.6924924,
          32.0264547
        ]
      },
      "properties": {
        "id": "road-node-487-crossing",
        "kind": "junction-marking",
        "nodeId": "road-node-487",
        "widthM": 8,
        "sourceRefs": [
          "osm",
          "amap",
          "baidu-route-reference"
        ],
        "confidence": "estimated"
      }
    },
    {
      "type": "Feature",
      "id": "road-node-488-crossing",
      "geometry": {
        "type": "Point",
        "coordinates": [
          118.6924395,
          32.0263858
        ]
      },
      "properties": {
        "id": "road-node-488-crossing",
        "kind": "junction-marking",
        "nodeId": "road-node-488",
        "widthM": 8,
        "sourceRefs": [
          "osm",
          "amap",
          "baidu-route-reference"
        ],
        "confidence": "estimated"
      }
    },
    {
      "type": "Feature",
      "id": "road-node-493-crossing",
      "geometry": {
        "type": "Point",
        "coordinates": [
          118.6932562,
          32.0144608
        ]
      },
      "properties": {
        "id": "road-node-493-crossing",
        "kind": "junction-marking",
        "nodeId": "road-node-493",
        "widthM": 8,
        "sourceRefs": [
          "osm",
          "amap",
          "baidu-route-reference"
        ],
        "confidence": "estimated"
      }
    },
    {
      "type": "Feature",
      "id": "road-node-494-crossing",
      "geometry": {
        "type": "Point",
        "coordinates": [
          118.6934348,
          32.0144363
        ]
      },
      "properties": {
        "id": "road-node-494-crossing",
        "kind": "junction-marking",
        "nodeId": "road-node-494",
        "widthM": 8,
        "sourceRefs": [
          "osm",
          "amap",
          "baidu-route-reference"
        ],
        "confidence": "estimated"
      }
    },
    {
      "type": "Feature",
      "id": "road-node-500-crossing",
      "geometry": {
        "type": "Point",
        "coordinates": [
          118.6923979,
          32.0079299
        ]
      },
      "properties": {
        "id": "road-node-500-crossing",
        "kind": "junction-marking",
        "nodeId": "road-node-500",
        "widthM": 8,
        "sourceRefs": [
          "osm",
          "amap",
          "baidu-route-reference"
        ],
        "confidence": "estimated"
      }
    },
    {
      "type": "Feature",
      "id": "road-node-503-crossing",
      "geometry": {
        "type": "Point",
        "coordinates": [
          118.7037972,
          32.0452528
        ]
      },
      "properties": {
        "id": "road-node-503-crossing",
        "kind": "junction-marking",
        "nodeId": "road-node-503",
        "widthM": 8,
        "sourceRefs": [
          "osm",
          "amap",
          "baidu-route-reference"
        ],
        "confidence": "estimated"
      }
    },
    {
      "type": "Feature",
      "id": "road-node-504-crossing",
      "geometry": {
        "type": "Point",
        "coordinates": [
          118.7020656,
          32.0428855
        ]
      },
      "properties": {
        "id": "road-node-504-crossing",
        "kind": "junction-marking",
        "nodeId": "road-node-504",
        "widthM": 8,
        "sourceRefs": [
          "osm",
          "amap",
          "baidu-route-reference"
        ],
        "confidence": "estimated"
      }
    },
    {
      "type": "Feature",
      "id": "road-node-505-crossing",
      "geometry": {
        "type": "Point",
        "coordinates": [
          118.7020115,
          32.0428116
        ]
      },
      "properties": {
        "id": "road-node-505-crossing",
        "kind": "junction-marking",
        "nodeId": "road-node-505",
        "widthM": 8,
        "sourceRefs": [
          "osm",
          "amap",
          "baidu-route-reference"
        ],
        "confidence": "estimated"
      }
    },
    {
      "type": "Feature",
      "id": "road-node-506-crossing",
      "geometry": {
        "type": "Point",
        "coordinates": [
          118.706135,
          32.0484504
        ]
      },
      "properties": {
        "id": "road-node-506-crossing",
        "kind": "junction-marking",
        "nodeId": "road-node-506",
        "widthM": 8,
        "sourceRefs": [
          "osm",
          "amap",
          "baidu-route-reference"
        ],
        "confidence": "estimated"
      }
    },
    {
      "type": "Feature",
      "id": "road-node-507-crossing",
      "geometry": {
        "type": "Point",
        "coordinates": [
          118.7003835,
          32.0404549
        ]
      },
      "properties": {
        "id": "road-node-507-crossing",
        "kind": "junction-marking",
        "nodeId": "road-node-507",
        "widthM": 8,
        "sourceRefs": [
          "osm",
          "amap",
          "baidu-route-reference"
        ],
        "confidence": "estimated"
      }
    },
    {
      "type": "Feature",
      "id": "road-node-508-crossing",
      "geometry": {
        "type": "Point",
        "coordinates": [
          118.7011882,
          32.0415574
        ]
      },
      "properties": {
        "id": "road-node-508-crossing",
        "kind": "junction-marking",
        "nodeId": "road-node-508",
        "widthM": 8,
        "sourceRefs": [
          "osm",
          "amap",
          "baidu-route-reference"
        ],
        "confidence": "estimated"
      }
    },
    {
      "type": "Feature",
      "id": "road-node-509-crossing",
      "geometry": {
        "type": "Point",
        "coordinates": [
          118.7020779,
          32.0427766
        ]
      },
      "properties": {
        "id": "road-node-509-crossing",
        "kind": "junction-marking",
        "nodeId": "road-node-509",
        "widthM": 8,
        "sourceRefs": [
          "osm",
          "amap",
          "baidu-route-reference"
        ],
        "confidence": "estimated"
      }
    },
    {
      "type": "Feature",
      "id": "road-node-510-crossing",
      "geometry": {
        "type": "Point",
        "coordinates": [
          118.7021324,
          32.0428512
        ]
      },
      "properties": {
        "id": "road-node-510-crossing",
        "kind": "junction-marking",
        "nodeId": "road-node-510",
        "widthM": 8,
        "sourceRefs": [
          "osm",
          "amap",
          "baidu-route-reference"
        ],
        "confidence": "estimated"
      }
    },
    {
      "type": "Feature",
      "id": "road-node-511-crossing",
      "geometry": {
        "type": "Point",
        "coordinates": [
          118.7038579,
          32.0452154
        ]
      },
      "properties": {
        "id": "road-node-511-crossing",
        "kind": "junction-marking",
        "nodeId": "road-node-511",
        "widthM": 8,
        "sourceRefs": [
          "osm",
          "amap",
          "baidu-route-reference"
        ],
        "confidence": "estimated"
      }
    },
    {
      "type": "Feature",
      "id": "road-node-512-crossing",
      "geometry": {
        "type": "Point",
        "coordinates": [
          118.6993866,
          32.0390979
        ]
      },
      "properties": {
        "id": "road-node-512-crossing",
        "kind": "junction-marking",
        "nodeId": "road-node-512",
        "widthM": 8,
        "sourceRefs": [
          "osm",
          "amap",
          "baidu-route-reference"
        ],
        "confidence": "estimated"
      }
    },
    {
      "type": "Feature",
      "id": "road-node-513-crossing",
      "geometry": {
        "type": "Point",
        "coordinates": [
          118.7062019,
          32.0484151
        ]
      },
      "properties": {
        "id": "road-node-513-crossing",
        "kind": "junction-marking",
        "nodeId": "road-node-513",
        "widthM": 8,
        "sourceRefs": [
          "osm",
          "amap",
          "baidu-route-reference"
        ],
        "confidence": "estimated"
      }
    },
    {
      "type": "Feature",
      "id": "road-node-514-crossing",
      "geometry": {
        "type": "Point",
        "coordinates": [
          118.7068636,
          32.0493226
        ]
      },
      "properties": {
        "id": "road-node-514-crossing",
        "kind": "junction-marking",
        "nodeId": "road-node-514",
        "widthM": 8,
        "sourceRefs": [
          "osm",
          "amap",
          "baidu-route-reference"
        ],
        "confidence": "estimated"
      }
    },
    {
      "type": "Feature",
      "id": "road-node-518-crossing",
      "geometry": {
        "type": "Point",
        "coordinates": [
          118.6930943,
          32.0309731
        ]
      },
      "properties": {
        "id": "road-node-518-crossing",
        "kind": "junction-marking",
        "nodeId": "road-node-518",
        "widthM": 8,
        "sourceRefs": [
          "osm",
          "amap",
          "baidu-route-reference"
        ],
        "confidence": "estimated"
      }
    },
    {
      "type": "Feature",
      "id": "road-node-519-crossing",
      "geometry": {
        "type": "Point",
        "coordinates": [
          118.6947925,
          32.0249045
        ]
      },
      "properties": {
        "id": "road-node-519-crossing",
        "kind": "junction-marking",
        "nodeId": "road-node-519",
        "widthM": 8,
        "sourceRefs": [
          "osm",
          "amap",
          "baidu-route-reference"
        ],
        "confidence": "estimated"
      }
    },
    {
      "type": "Feature",
      "id": "road-node-520-crossing",
      "geometry": {
        "type": "Point",
        "coordinates": [
          118.6957172,
          32.0344086
        ]
      },
      "properties": {
        "id": "road-node-520-crossing",
        "kind": "junction-marking",
        "nodeId": "road-node-520",
        "widthM": 8,
        "sourceRefs": [
          "osm",
          "amap",
          "baidu-route-reference"
        ],
        "confidence": "estimated"
      }
    },
    {
      "type": "Feature",
      "id": "road-node-521-crossing",
      "geometry": {
        "type": "Point",
        "coordinates": [
          118.6944264,
          32.0327845
        ]
      },
      "properties": {
        "id": "road-node-521-crossing",
        "kind": "junction-marking",
        "nodeId": "road-node-521",
        "widthM": 8,
        "sourceRefs": [
          "osm",
          "amap",
          "baidu-route-reference"
        ],
        "confidence": "estimated"
      }
    },
    {
      "type": "Feature",
      "id": "road-node-522-crossing",
      "geometry": {
        "type": "Point",
        "coordinates": [
          118.6930808,
          32.0310915
        ]
      },
      "properties": {
        "id": "road-node-522-crossing",
        "kind": "junction-marking",
        "nodeId": "road-node-522",
        "widthM": 8,
        "sourceRefs": [
          "osm",
          "amap",
          "baidu-route-reference"
        ],
        "confidence": "estimated"
      }
    },
    {
      "type": "Feature",
      "id": "road-node-523-crossing",
      "geometry": {
        "type": "Point",
        "coordinates": [
          118.6930259,
          32.0310224
        ]
      },
      "properties": {
        "id": "road-node-523-crossing",
        "kind": "junction-marking",
        "nodeId": "road-node-523",
        "widthM": 8,
        "sourceRefs": [
          "osm",
          "amap",
          "baidu-route-reference"
        ],
        "confidence": "estimated"
      }
    },
    {
      "type": "Feature",
      "id": "road-node-527-crossing",
      "geometry": {
        "type": "Point",
        "coordinates": [
          118.6946899,
          32.0248983
        ]
      },
      "properties": {
        "id": "road-node-527-crossing",
        "kind": "junction-marking",
        "nodeId": "road-node-527",
        "widthM": 8,
        "sourceRefs": [
          "osm",
          "amap",
          "baidu-route-reference"
        ],
        "confidence": "estimated"
      }
    },
    {
      "type": "Feature",
      "id": "road-node-528-crossing",
      "geometry": {
        "type": "Point",
        "coordinates": [
          118.6947547,
          32.0248554
        ]
      },
      "properties": {
        "id": "road-node-528-crossing",
        "kind": "junction-marking",
        "nodeId": "road-node-528",
        "widthM": 8,
        "sourceRefs": [
          "osm",
          "amap",
          "baidu-route-reference"
        ],
        "confidence": "estimated"
      }
    },
    {
      "type": "Feature",
      "id": "road-node-530-crossing",
      "geometry": {
        "type": "Point",
        "coordinates": [
          118.7024795,
          32.046064
        ]
      },
      "properties": {
        "id": "road-node-530-crossing",
        "kind": "junction-marking",
        "nodeId": "road-node-530",
        "widthM": 8,
        "sourceRefs": [
          "osm",
          "amap",
          "baidu-route-reference"
        ],
        "confidence": "estimated"
      }
    },
    {
      "type": "Feature",
      "id": "road-node-531-crossing",
      "geometry": {
        "type": "Point",
        "coordinates": [
          118.7006261,
          32.0435418
        ]
      },
      "properties": {
        "id": "road-node-531-crossing",
        "kind": "junction-marking",
        "nodeId": "road-node-531",
        "widthM": 8,
        "sourceRefs": [
          "osm",
          "amap",
          "baidu-route-reference"
        ],
        "confidence": "estimated"
      }
    },
    {
      "type": "Feature",
      "id": "road-node-532-crossing",
      "geometry": {
        "type": "Point",
        "coordinates": [
          118.7076001,
          32.0428237
        ]
      },
      "properties": {
        "id": "road-node-532-crossing",
        "kind": "junction-marking",
        "nodeId": "road-node-532",
        "widthM": 8,
        "sourceRefs": [
          "osm",
          "amap",
          "baidu-route-reference"
        ],
        "confidence": "estimated"
      }
    },
    {
      "type": "Feature",
      "id": "road-node-533-crossing",
      "geometry": {
        "type": "Point",
        "coordinates": [
          118.7092428,
          32.0417758
        ]
      },
      "properties": {
        "id": "road-node-533-crossing",
        "kind": "junction-marking",
        "nodeId": "road-node-533",
        "widthM": 8,
        "sourceRefs": [
          "osm",
          "amap",
          "baidu-route-reference"
        ],
        "confidence": "estimated"
      }
    },
    {
      "type": "Feature",
      "id": "road-node-544-crossing",
      "geometry": {
        "type": "Point",
        "coordinates": [
          118.6976203,
          32.0452257
        ]
      },
      "properties": {
        "id": "road-node-544-crossing",
        "kind": "junction-marking",
        "nodeId": "road-node-544",
        "widthM": 8,
        "sourceRefs": [
          "osm",
          "amap",
          "baidu-route-reference"
        ],
        "confidence": "estimated"
      }
    },
    {
      "type": "Feature",
      "id": "road-node-545-crossing",
      "geometry": {
        "type": "Point",
        "coordinates": [
          118.7061891,
          32.0406367
        ]
      },
      "properties": {
        "id": "road-node-545-crossing",
        "kind": "junction-marking",
        "nodeId": "road-node-545",
        "widthM": 8,
        "sourceRefs": [
          "osm",
          "amap",
          "baidu-route-reference"
        ],
        "confidence": "estimated"
      }
    },
    {
      "type": "Feature",
      "id": "road-node-546-crossing",
      "geometry": {
        "type": "Point",
        "coordinates": [
          118.7080646,
          32.0396445
        ]
      },
      "properties": {
        "id": "road-node-546-crossing",
        "kind": "junction-marking",
        "nodeId": "road-node-546",
        "widthM": 8,
        "sourceRefs": [
          "osm",
          "amap",
          "baidu-route-reference"
        ],
        "confidence": "estimated"
      }
    },
    {
      "type": "Feature",
      "id": "road-node-547-crossing",
      "geometry": {
        "type": "Point",
        "coordinates": [
          118.7080996,
          32.0397079
        ]
      },
      "properties": {
        "id": "road-node-547-crossing",
        "kind": "junction-marking",
        "nodeId": "road-node-547",
        "widthM": 8,
        "sourceRefs": [
          "osm",
          "amap",
          "baidu-route-reference"
        ],
        "confidence": "estimated"
      }
    },
    {
      "type": "Feature",
      "id": "road-node-548-crossing",
      "geometry": {
        "type": "Point",
        "coordinates": [
          118.7062225,
          32.040699
        ]
      },
      "properties": {
        "id": "road-node-548-crossing",
        "kind": "junction-marking",
        "nodeId": "road-node-548",
        "widthM": 8,
        "sourceRefs": [
          "osm",
          "amap",
          "baidu-route-reference"
        ],
        "confidence": "estimated"
      }
    },
    {
      "type": "Feature",
      "id": "road-node-549-crossing",
      "geometry": {
        "type": "Point",
        "coordinates": [
          118.7088649,
          32.0447744
        ]
      },
      "properties": {
        "id": "road-node-549-crossing",
        "kind": "junction-marking",
        "nodeId": "road-node-549",
        "widthM": 8,
        "sourceRefs": [
          "osm",
          "amap",
          "baidu-route-reference"
        ],
        "confidence": "estimated"
      }
    },
    {
      "type": "Feature",
      "id": "road-node-551-crossing",
      "geometry": {
        "type": "Point",
        "coordinates": [
          118.7053755,
          32.0390011
        ]
      },
      "properties": {
        "id": "road-node-551-crossing",
        "kind": "junction-marking",
        "nodeId": "road-node-551",
        "widthM": 8,
        "sourceRefs": [
          "osm",
          "amap",
          "baidu-route-reference"
        ],
        "confidence": "estimated"
      }
    },
    {
      "type": "Feature",
      "id": "road-node-576-crossing",
      "geometry": {
        "type": "Point",
        "coordinates": [
          118.6793292,
          32.0030865
        ]
      },
      "properties": {
        "id": "road-node-576-crossing",
        "kind": "junction-marking",
        "nodeId": "road-node-576",
        "widthM": 8,
        "sourceRefs": [
          "osm",
          "amap",
          "baidu-route-reference"
        ],
        "confidence": "estimated"
      }
    },
    {
      "type": "Feature",
      "id": "road-node-577-crossing",
      "geometry": {
        "type": "Point",
        "coordinates": [
          118.6795134,
          32.003478
        ]
      },
      "properties": {
        "id": "road-node-577-crossing",
        "kind": "junction-marking",
        "nodeId": "road-node-577",
        "widthM": 8,
        "sourceRefs": [
          "osm",
          "amap",
          "baidu-route-reference"
        ],
        "confidence": "estimated"
      }
    },
    {
      "type": "Feature",
      "id": "road-node-580-crossing",
      "geometry": {
        "type": "Point",
        "coordinates": [
          118.6835205,
          32.0079365
        ]
      },
      "properties": {
        "id": "road-node-580-crossing",
        "kind": "junction-marking",
        "nodeId": "road-node-580",
        "widthM": 8,
        "sourceRefs": [
          "osm",
          "amap",
          "baidu-route-reference"
        ],
        "confidence": "estimated"
      }
    },
    {
      "type": "Feature",
      "id": "road-node-581-crossing",
      "geometry": {
        "type": "Point",
        "coordinates": [
          118.6835768,
          32.007994
        ]
      },
      "properties": {
        "id": "road-node-581-crossing",
        "kind": "junction-marking",
        "nodeId": "road-node-581",
        "widthM": 8,
        "sourceRefs": [
          "osm",
          "amap",
          "baidu-route-reference"
        ],
        "confidence": "estimated"
      }
    },
    {
      "type": "Feature",
      "id": "road-node-582-crossing",
      "geometry": {
        "type": "Point",
        "coordinates": [
          118.6849925,
          32.0094402
        ]
      },
      "properties": {
        "id": "road-node-582-crossing",
        "kind": "junction-marking",
        "nodeId": "road-node-582",
        "widthM": 8,
        "sourceRefs": [
          "osm",
          "amap",
          "baidu-route-reference"
        ],
        "confidence": "estimated"
      }
    },
    {
      "type": "Feature",
      "id": "road-node-585-crossing",
      "geometry": {
        "type": "Point",
        "coordinates": [
          118.6821082,
          32.0088051
        ]
      },
      "properties": {
        "id": "road-node-585-crossing",
        "kind": "junction-marking",
        "nodeId": "road-node-585",
        "widthM": 8,
        "sourceRefs": [
          "osm",
          "amap",
          "baidu-route-reference"
        ],
        "confidence": "estimated"
      }
    },
    {
      "type": "Feature",
      "id": "road-node-586-crossing",
      "geometry": {
        "type": "Point",
        "coordinates": [
          118.6764583,
          32.0113193
        ]
      },
      "properties": {
        "id": "road-node-586-crossing",
        "kind": "junction-marking",
        "nodeId": "road-node-586",
        "widthM": 8,
        "sourceRefs": [
          "osm",
          "amap",
          "baidu-route-reference"
        ],
        "confidence": "estimated"
      }
    },
    {
      "type": "Feature",
      "id": "road-node-587-crossing",
      "geometry": {
        "type": "Point",
        "coordinates": [
          118.6916132,
          32.0029665
        ]
      },
      "properties": {
        "id": "road-node-587-crossing",
        "kind": "junction-marking",
        "nodeId": "road-node-587",
        "widthM": 8,
        "sourceRefs": [
          "osm",
          "amap",
          "baidu-route-reference"
        ],
        "confidence": "estimated"
      }
    },
    {
      "type": "Feature",
      "id": "road-node-588-crossing",
      "geometry": {
        "type": "Point",
        "coordinates": [
          118.6832598,
          32.0103365
        ]
      },
      "properties": {
        "id": "road-node-588-crossing",
        "kind": "junction-marking",
        "nodeId": "road-node-588",
        "widthM": 8,
        "sourceRefs": [
          "osm",
          "amap",
          "baidu-route-reference"
        ],
        "confidence": "estimated"
      }
    },
    {
      "type": "Feature",
      "id": "road-node-589-crossing",
      "geometry": {
        "type": "Point",
        "coordinates": [
          118.6949091,
          32.0042853
        ]
      },
      "properties": {
        "id": "road-node-589-crossing",
        "kind": "junction-marking",
        "nodeId": "road-node-589",
        "widthM": 8,
        "sourceRefs": [
          "osm",
          "amap",
          "baidu-route-reference"
        ],
        "confidence": "estimated"
      }
    },
    {
      "type": "Feature",
      "id": "road-node-590-crossing",
      "geometry": {
        "type": "Point",
        "coordinates": [
          118.6931472,
          32.0051963
        ]
      },
      "properties": {
        "id": "road-node-590-crossing",
        "kind": "junction-marking",
        "nodeId": "road-node-590",
        "widthM": 8,
        "sourceRefs": [
          "osm",
          "amap",
          "baidu-route-reference"
        ],
        "confidence": "estimated"
      }
    },
    {
      "type": "Feature",
      "id": "road-node-593-crossing",
      "geometry": {
        "type": "Point",
        "coordinates": [
          118.6787234,
          31.9927345
        ]
      },
      "properties": {
        "id": "road-node-593-crossing",
        "kind": "junction-marking",
        "nodeId": "road-node-593",
        "widthM": 8,
        "sourceRefs": [
          "osm",
          "amap",
          "baidu-route-reference"
        ],
        "confidence": "estimated"
      }
    },
    {
      "type": "Feature",
      "id": "road-node-600-crossing",
      "geometry": {
        "type": "Point",
        "coordinates": [
          118.7113963,
          32.0456716
        ]
      },
      "properties": {
        "id": "road-node-600-crossing",
        "kind": "junction-marking",
        "nodeId": "road-node-600",
        "widthM": 8,
        "sourceRefs": [
          "osm",
          "amap",
          "baidu-route-reference"
        ],
        "confidence": "estimated"
      }
    },
    {
      "type": "Feature",
      "id": "road-node-601-crossing",
      "geometry": {
        "type": "Point",
        "coordinates": [
          118.710449,
          32.0439579
        ]
      },
      "properties": {
        "id": "road-node-601-crossing",
        "kind": "junction-marking",
        "nodeId": "road-node-601",
        "widthM": 8,
        "sourceRefs": [
          "osm",
          "amap",
          "baidu-route-reference"
        ],
        "confidence": "estimated"
      }
    },
    {
      "type": "Feature",
      "id": "road-node-602-crossing",
      "geometry": {
        "type": "Point",
        "coordinates": [
          118.7071203,
          32.0379363
        ]
      },
      "properties": {
        "id": "road-node-602-crossing",
        "kind": "junction-marking",
        "nodeId": "road-node-602",
        "widthM": 8,
        "sourceRefs": [
          "osm",
          "amap",
          "baidu-route-reference"
        ],
        "confidence": "estimated"
      }
    },
    {
      "type": "Feature",
      "id": "road-node-603-crossing",
      "geometry": {
        "type": "Point",
        "coordinates": [
          118.7066362,
          32.0370606
        ]
      },
      "properties": {
        "id": "road-node-603-crossing",
        "kind": "junction-marking",
        "nodeId": "road-node-603",
        "widthM": 8,
        "sourceRefs": [
          "osm",
          "amap",
          "baidu-route-reference"
        ],
        "confidence": "estimated"
      }
    },
    {
      "type": "Feature",
      "id": "road-node-605-crossing",
      "geometry": {
        "type": "Point",
        "coordinates": [
          118.7059107,
          32.0357639
        ]
      },
      "properties": {
        "id": "road-node-605-crossing",
        "kind": "junction-marking",
        "nodeId": "road-node-605",
        "widthM": 8,
        "sourceRefs": [
          "osm",
          "amap",
          "baidu-route-reference"
        ],
        "confidence": "estimated"
      }
    },
    {
      "type": "Feature",
      "id": "road-node-606-crossing",
      "geometry": {
        "type": "Point",
        "coordinates": [
          118.7058728,
          32.035705
        ]
      },
      "properties": {
        "id": "road-node-606-crossing",
        "kind": "junction-marking",
        "nodeId": "road-node-606",
        "widthM": 8,
        "sourceRefs": [
          "osm",
          "amap",
          "baidu-route-reference"
        ],
        "confidence": "estimated"
      }
    },
    {
      "type": "Feature",
      "id": "road-node-608-crossing",
      "geometry": {
        "type": "Point",
        "coordinates": [
          118.7043381,
          32.0336137
        ]
      },
      "properties": {
        "id": "road-node-608-crossing",
        "kind": "junction-marking",
        "nodeId": "road-node-608",
        "widthM": 8,
        "sourceRefs": [
          "osm",
          "amap",
          "baidu-route-reference"
        ],
        "confidence": "estimated"
      }
    },
    {
      "type": "Feature",
      "id": "road-node-609-crossing",
      "geometry": {
        "type": "Point",
        "coordinates": [
          118.7041113,
          32.0333233
        ]
      },
      "properties": {
        "id": "road-node-609-crossing",
        "kind": "junction-marking",
        "nodeId": "road-node-609",
        "widthM": 8,
        "sourceRefs": [
          "osm",
          "amap",
          "baidu-route-reference"
        ],
        "confidence": "estimated"
      }
    },
    {
      "type": "Feature",
      "id": "road-node-628-crossing",
      "geometry": {
        "type": "Point",
        "coordinates": [
          118.6985373,
          32.0298258
        ]
      },
      "properties": {
        "id": "road-node-628-crossing",
        "kind": "junction-marking",
        "nodeId": "road-node-628",
        "widthM": 8,
        "sourceRefs": [
          "osm",
          "amap",
          "baidu-route-reference"
        ],
        "confidence": "estimated"
      }
    },
    {
      "type": "Feature",
      "id": "road-node-629-crossing",
      "geometry": {
        "type": "Point",
        "coordinates": [
          118.6985674,
          32.0298047
        ]
      },
      "properties": {
        "id": "road-node-629-crossing",
        "kind": "junction-marking",
        "nodeId": "road-node-629",
        "widthM": 8,
        "sourceRefs": [
          "osm",
          "amap",
          "baidu-route-reference"
        ],
        "confidence": "estimated"
      }
    },
    {
      "type": "Feature",
      "id": "road-node-632-crossing",
      "geometry": {
        "type": "Point",
        "coordinates": [
          118.6938069,
          32.0236259
        ]
      },
      "properties": {
        "id": "road-node-632-crossing",
        "kind": "junction-marking",
        "nodeId": "road-node-632",
        "widthM": 8,
        "sourceRefs": [
          "osm",
          "amap",
          "baidu-route-reference"
        ],
        "confidence": "estimated"
      }
    },
    {
      "type": "Feature",
      "id": "road-node-633-crossing",
      "geometry": {
        "type": "Point",
        "coordinates": [
          118.7159028,
          32.0579774
        ]
      },
      "properties": {
        "id": "road-node-633-crossing",
        "kind": "junction-marking",
        "nodeId": "road-node-633",
        "widthM": 8,
        "sourceRefs": [
          "osm",
          "amap",
          "baidu-route-reference"
        ],
        "confidence": "estimated"
      }
    },
    {
      "type": "Feature",
      "id": "road-node-649-crossing",
      "geometry": {
        "type": "Point",
        "coordinates": [
          118.7128065,
          32.0602868
        ]
      },
      "properties": {
        "id": "road-node-649-crossing",
        "kind": "junction-marking",
        "nodeId": "road-node-649",
        "widthM": 8,
        "sourceRefs": [
          "osm",
          "amap",
          "baidu-route-reference"
        ],
        "confidence": "estimated"
      }
    },
    {
      "type": "Feature",
      "id": "road-node-652-crossing",
      "geometry": {
        "type": "Point",
        "coordinates": [
          118.6947376,
          32.0125506
        ]
      },
      "properties": {
        "id": "road-node-652-crossing",
        "kind": "junction-marking",
        "nodeId": "road-node-652",
        "widthM": 8,
        "sourceRefs": [
          "osm",
          "amap",
          "baidu-route-reference"
        ],
        "confidence": "estimated"
      }
    },
    {
      "type": "Feature",
      "id": "road-node-658-crossing",
      "geometry": {
        "type": "Point",
        "coordinates": [
          118.6994958,
          32.0356086
        ]
      },
      "properties": {
        "id": "road-node-658-crossing",
        "kind": "junction-marking",
        "nodeId": "road-node-658",
        "widthM": 8,
        "sourceRefs": [
          "osm",
          "amap",
          "baidu-route-reference"
        ],
        "confidence": "estimated"
      }
    },
    {
      "type": "Feature",
      "id": "road-node-659-crossing",
      "geometry": {
        "type": "Point",
        "coordinates": [
          118.7004482,
          32.0368469
        ]
      },
      "properties": {
        "id": "road-node-659-crossing",
        "kind": "junction-marking",
        "nodeId": "road-node-659",
        "widthM": 8,
        "sourceRefs": [
          "osm",
          "amap",
          "baidu-route-reference"
        ],
        "confidence": "estimated"
      }
    },
    {
      "type": "Feature",
      "id": "road-node-673-crossing",
      "geometry": {
        "type": "Point",
        "coordinates": [
          118.7006795,
          32.0359154
        ]
      },
      "properties": {
        "id": "road-node-673-crossing",
        "kind": "junction-marking",
        "nodeId": "road-node-673",
        "widthM": 8,
        "sourceRefs": [
          "osm",
          "amap",
          "baidu-route-reference"
        ],
        "confidence": "estimated"
      }
    },
    {
      "type": "Feature",
      "id": "road-node-680-crossing",
      "geometry": {
        "type": "Point",
        "coordinates": [
          118.6921165,
          31.99851
        ]
      },
      "properties": {
        "id": "road-node-680-crossing",
        "kind": "junction-marking",
        "nodeId": "road-node-680",
        "widthM": 8,
        "sourceRefs": [
          "osm",
          "amap",
          "baidu-route-reference"
        ],
        "confidence": "estimated"
      }
    },
    {
      "type": "Feature",
      "id": "road-node-690-crossing",
      "geometry": {
        "type": "Point",
        "coordinates": [
          118.6939459,
          32.0005605
        ]
      },
      "properties": {
        "id": "road-node-690-crossing",
        "kind": "junction-marking",
        "nodeId": "road-node-690",
        "widthM": 8,
        "sourceRefs": [
          "osm",
          "amap",
          "baidu-route-reference"
        ],
        "confidence": "estimated"
      }
    },
    {
      "type": "Feature",
      "id": "road-node-701-crossing",
      "geometry": {
        "type": "Point",
        "coordinates": [
          118.6926681,
          32.0016475
        ]
      },
      "properties": {
        "id": "road-node-701-crossing",
        "kind": "junction-marking",
        "nodeId": "road-node-701",
        "widthM": 8,
        "sourceRefs": [
          "osm",
          "amap",
          "baidu-route-reference"
        ],
        "confidence": "estimated"
      }
    },
    {
      "type": "Feature",
      "id": "road-node-749-crossing",
      "geometry": {
        "type": "Point",
        "coordinates": [
          118.6824714,
          32.0019011
        ]
      },
      "properties": {
        "id": "road-node-749-crossing",
        "kind": "junction-marking",
        "nodeId": "road-node-749",
        "widthM": 8,
        "sourceRefs": [
          "osm",
          "amap",
          "baidu-route-reference"
        ],
        "confidence": "estimated"
      }
    },
    {
      "type": "Feature",
      "id": "road-node-750-crossing",
      "geometry": {
        "type": "Point",
        "coordinates": [
          118.6831763,
          32.002343
        ]
      },
      "properties": {
        "id": "road-node-750-crossing",
        "kind": "junction-marking",
        "nodeId": "road-node-750",
        "widthM": 8,
        "sourceRefs": [
          "osm",
          "amap",
          "baidu-route-reference"
        ],
        "confidence": "estimated"
      }
    },
    {
      "type": "Feature",
      "id": "road-node-752-crossing",
      "geometry": {
        "type": "Point",
        "coordinates": [
          118.6804535,
          32.0094694
        ]
      },
      "properties": {
        "id": "road-node-752-crossing",
        "kind": "junction-marking",
        "nodeId": "road-node-752",
        "widthM": 8,
        "sourceRefs": [
          "osm",
          "amap",
          "baidu-route-reference"
        ],
        "confidence": "estimated"
      }
    }
  ]
}
